/*
 Navicat Premium Data Transfer

 Source Server         : localhost-mysql
 Source Server Type    : MySQL
 Source Server Version : 50742
 Source Host           : localhost:3306
 Source Schema         : xinxinshop

 Target Server Type    : MySQL
 Target Server Version : 50742
 File Encoding         : 65001

 Date: 14/09/2023 16:37:51
*/

SET NAMES utf8mb4;
SET FOREIGN_KEY_CHECKS = 0;

-- ----------------------------
-- Table structure for sys_log
-- ----------------------------
DROP TABLE IF EXISTS `sys_log`;
CREATE TABLE `sys_log`  (
  `id` int(11) NOT NULL AUTO_INCREMENT COMMENT '主键',
  `user_id` int(11) NULL DEFAULT NULL COMMENT '用户ID',
  `user_name` varchar(20) CHARACTER SET utf8mb4 COLLATE utf8mb4_general_ci NULL DEFAULT NULL COMMENT '用户名',
  `log_type` int(10) NULL DEFAULT NULL COMMENT '日志类型（1：操作日志2：登录日志）',
  `log_content` varchar(225) CHARACTER SET utf8mb4 COLLATE utf8mb4_general_ci NULL DEFAULT NULL COMMENT '日志内容',
  `operation_ip` varchar(20) CHARACTER SET utf8mb4 COLLATE utf8mb4_general_ci NULL DEFAULT NULL COMMENT 'ip',
  `is_deleted` int(10) NOT NULL DEFAULT 1 COMMENT '删除状态（1：正常0：已删除）',
  `created_time` datetime(0) NULL DEFAULT CURRENT_TIMESTAMP(0) COMMENT '创建时间',
  `updated_time` datetime(0) NULL DEFAULT CURRENT_TIMESTAMP(0) ON UPDATE CURRENT_TIMESTAMP(0) COMMENT '修改时间',
  PRIMARY KEY (`id`) USING BTREE
) ENGINE = InnoDB AUTO_INCREMENT = 1804 CHARACTER SET = utf8mb4 COLLATE = utf8mb4_general_ci COMMENT = '日志表' ROW_FORMAT = Dynamic;

-- ----------------------------
-- Records of sys_log
-- ----------------------------
INSERT INTO `sys_log` VALUES (33, 1, 'johndoe', 1, '用户分页列表', '192.168.1.111', 1, '2023-09-07 14:37:11', '2023-09-07 14:37:11');
INSERT INTO `sys_log` VALUES (34, 1, 'johndoe', 1, '用户分页列表', '192.168.1.111', 1, '2023-09-07 14:40:58', '2023-09-07 14:40:58');
INSERT INTO `sys_log` VALUES (35, 1, 'johndoe', 1, '用户分页列表', '192.168.1.111', 1, '2023-09-07 14:40:59', '2023-09-07 14:40:59');
INSERT INTO `sys_log` VALUES (36, 1, 'johndoe', 1, '用户分页列表', '192.168.1.111', 1, '2023-09-07 14:41:14', '2023-09-07 14:41:14');
INSERT INTO `sys_log` VALUES (37, 1, 'johndoe', 1, '用户分页列表', '192.168.1.111', 1, '2023-09-07 14:41:14', '2023-09-07 14:41:14');
INSERT INTO `sys_log` VALUES (38, 1, 'johndoe', 1, '用户分页列表', '192.168.1.111', 1, '2023-09-07 14:56:20', '2023-09-07 14:56:20');
INSERT INTO `sys_log` VALUES (39, 1, 'johndoe', 1, '用户分页列表', '192.168.1.111', 1, '2023-09-07 15:15:10', '2023-09-07 15:15:10');
INSERT INTO `sys_log` VALUES (40, 1, 'johndoe', 1, '用户分页列表', '192.168.1.111', 1, '2023-09-07 15:17:36', '2023-09-07 15:17:36');
INSERT INTO `sys_log` VALUES (41, 1, 'johndoe', 1, '用户分页列表', '192.168.1.111', 1, '2023-09-07 15:17:54', '2023-09-07 15:17:54');
INSERT INTO `sys_log` VALUES (42, 1, 'johndoe', 1, '用户分页列表', '192.168.1.111', 1, '2023-09-07 15:18:06', '2023-09-07 15:18:06');
INSERT INTO `sys_log` VALUES (43, 1, 'johndoe', 1, '用户分页列表', '192.168.1.111', 1, '2023-09-07 15:18:57', '2023-09-07 15:18:57');
INSERT INTO `sys_log` VALUES (44, 1, 'johndoe', 1, '用户分页列表', '192.168.1.111', 1, '2023-09-07 15:19:03', '2023-09-07 15:19:03');
INSERT INTO `sys_log` VALUES (45, 1, 'johndoe', 1, '用户分页列表', '192.168.1.111', 1, '2023-09-07 15:19:03', '2023-09-07 15:19:03');
INSERT INTO `sys_log` VALUES (46, 1, 'johndoe', 1, '用户分页列表', '192.168.1.111', 1, '2023-09-07 15:19:04', '2023-09-07 15:19:04');
INSERT INTO `sys_log` VALUES (47, 1, 'johndoe', 1, '用户分页列表', '192.168.1.111', 1, '2023-09-07 15:19:04', '2023-09-07 15:19:04');
INSERT INTO `sys_log` VALUES (48, 1, 'johndoe', 1, '用户分页列表', '192.168.1.111', 1, '2023-09-07 15:19:04', '2023-09-07 15:19:04');
INSERT INTO `sys_log` VALUES (49, 1, 'johndoe', 1, '用户分页列表', '192.168.1.111', 1, '2023-09-07 15:19:04', '2023-09-07 15:19:04');
INSERT INTO `sys_log` VALUES (50, 1, 'johndoe', 1, '用户分页列表', '192.168.1.111', 1, '2023-09-07 15:19:04', '2023-09-07 15:19:04');
INSERT INTO `sys_log` VALUES (51, 1, 'johndoe', 1, '用户分页列表', '192.168.1.111', 1, '2023-09-07 15:29:52', '2023-09-07 15:29:52');
INSERT INTO `sys_log` VALUES (52, 1, 'johndoe', 1, '用户分页列表', '192.168.1.111', 1, '2023-09-07 15:29:53', '2023-09-07 15:29:53');
INSERT INTO `sys_log` VALUES (53, 1, 'johndoe', 1, '用户分页列表', '192.168.1.111', 1, '2023-09-07 15:29:57', '2023-09-07 15:29:57');
INSERT INTO `sys_log` VALUES (54, 1, 'johndoe', 1, '用户分页列表', '192.168.1.111', 1, '2023-09-08 15:25:35', '2023-09-08 15:25:35');
INSERT INTO `sys_log` VALUES (55, 1, 'johndoe', 1, '用户分页列表', '192.168.1.111', 1, '2023-09-08 15:25:43', '2023-09-08 15:25:43');
INSERT INTO `sys_log` VALUES (56, 5, 'admin', 1, '用户分页列表', '127.0.0.1', 1, '2023-09-11 16:05:39', '2023-09-11 16:05:39');
INSERT INTO `sys_log` VALUES (57, 5, 'admin', 1, '用户分页列表', '127.0.0.1', 1, '2023-09-11 16:06:21', '2023-09-11 16:06:21');
INSERT INTO `sys_log` VALUES (58, 5, 'admin', 1, '用户分页列表', '127.0.0.1', 1, '2023-09-11 16:07:45', '2023-09-11 16:07:45');
INSERT INTO `sys_log` VALUES (59, 5, 'admin', 1, '用户分页列表', '127.0.0.1', 1, '2023-09-11 16:08:21', '2023-09-11 16:08:21');
INSERT INTO `sys_log` VALUES (60, 5, 'admin', 1, '用户分页列表', '127.0.0.1', 1, '2023-09-11 16:09:08', '2023-09-11 16:09:08');
INSERT INTO `sys_log` VALUES (61, 5, 'admin', 1, '用户分页列表', '127.0.0.1', 1, '2023-09-11 16:09:27', '2023-09-11 16:09:27');
INSERT INTO `sys_log` VALUES (62, 5, 'admin', 1, '用户分页列表', '127.0.0.1', 1, '2023-09-11 16:09:44', '2023-09-11 16:09:44');
INSERT INTO `sys_log` VALUES (63, 5, 'admin', 1, '用户分页列表', '127.0.0.1', 1, '2023-09-11 16:10:11', '2023-09-11 16:10:11');
INSERT INTO `sys_log` VALUES (64, 5, 'admin', 1, '用户分页列表', '127.0.0.1', 1, '2023-09-11 16:10:14', '2023-09-11 16:10:14');
INSERT INTO `sys_log` VALUES (65, 5, 'admin', 1, '用户分页列表', '127.0.0.1', 1, '2023-09-11 16:12:50', '2023-09-11 16:12:50');
INSERT INTO `sys_log` VALUES (66, 5, 'admin', 1, '用户分页列表', '127.0.0.1', 1, '2023-09-11 16:13:24', '2023-09-11 16:13:24');
INSERT INTO `sys_log` VALUES (67, 5, 'admin', 1, '用户分页列表', '127.0.0.1', 1, '2023-09-11 16:14:50', '2023-09-11 16:14:50');
INSERT INTO `sys_log` VALUES (68, 5, 'admin', 1, '用户分页列表', '127.0.0.1', 1, '2023-09-11 16:15:22', '2023-09-11 16:15:22');
INSERT INTO `sys_log` VALUES (69, 5, 'admin', 1, '用户分页列表', '127.0.0.1', 1, '2023-09-11 16:15:53', '2023-09-11 16:15:53');
INSERT INTO `sys_log` VALUES (70, 5, 'admin', 1, '用户分页列表', '127.0.0.1', 1, '2023-09-11 16:16:04', '2023-09-11 16:16:04');
INSERT INTO `sys_log` VALUES (71, 5, 'admin', 1, '用户分页列表', '127.0.0.1', 1, '2023-09-11 16:16:09', '2023-09-11 16:16:09');
INSERT INTO `sys_log` VALUES (72, 5, 'admin', 1, '用户分页列表', '127.0.0.1', 1, '2023-09-11 16:16:29', '2023-09-11 16:16:29');
INSERT INTO `sys_log` VALUES (73, 5, 'admin', 1, '用户分页列表', '127.0.0.1', 1, '2023-09-11 16:16:41', '2023-09-11 16:16:41');
INSERT INTO `sys_log` VALUES (74, 5, 'admin', 1, '用户分页列表', '127.0.0.1', 1, '2023-09-11 16:17:08', '2023-09-11 16:17:08');
INSERT INTO `sys_log` VALUES (75, 5, 'admin', 1, '用户分页列表', '127.0.0.1', 1, '2023-09-11 16:17:42', '2023-09-11 16:17:42');
INSERT INTO `sys_log` VALUES (76, 5, 'admin', 1, '用户分页列表', '127.0.0.1', 1, '2023-09-11 16:17:50', '2023-09-11 16:17:50');
INSERT INTO `sys_log` VALUES (77, 5, 'admin', 1, '用户分页列表', '127.0.0.1', 1, '2023-09-11 16:18:54', '2023-09-11 16:18:54');
INSERT INTO `sys_log` VALUES (78, 5, 'admin', 1, '用户分页列表', '127.0.0.1', 1, '2023-09-11 16:20:28', '2023-09-11 16:20:28');
INSERT INTO `sys_log` VALUES (79, 5, 'admin', 1, '用户分页列表', '127.0.0.1', 1, '2023-09-11 16:21:36', '2023-09-11 16:21:36');
INSERT INTO `sys_log` VALUES (80, 5, 'admin', 1, '用户分页列表', '127.0.0.1', 1, '2023-09-11 16:21:40', '2023-09-11 16:21:40');
INSERT INTO `sys_log` VALUES (81, 5, 'admin', 1, '用户分页列表', '127.0.0.1', 1, '2023-09-11 16:22:07', '2023-09-11 16:22:07');
INSERT INTO `sys_log` VALUES (82, 5, 'admin', 1, '用户分页列表', '127.0.0.1', 1, '2023-09-11 16:22:16', '2023-09-11 16:22:16');
INSERT INTO `sys_log` VALUES (83, 5, 'admin', 1, '用户分页列表', '127.0.0.1', 1, '2023-09-11 16:23:17', '2023-09-11 16:23:17');
INSERT INTO `sys_log` VALUES (84, 5, 'admin', 1, '用户分页列表', '127.0.0.1', 1, '2023-09-11 16:23:56', '2023-09-11 16:23:56');
INSERT INTO `sys_log` VALUES (85, 5, 'admin', 1, '用户分页列表', '127.0.0.1', 1, '2023-09-11 16:24:08', '2023-09-11 16:24:08');
INSERT INTO `sys_log` VALUES (86, 5, 'admin', 1, '用户分页列表', '127.0.0.1', 1, '2023-09-11 16:25:14', '2023-09-11 16:25:14');
INSERT INTO `sys_log` VALUES (87, 5, 'admin', 1, '用户分页列表', '127.0.0.1', 1, '2023-09-11 16:25:57', '2023-09-11 16:25:57');
INSERT INTO `sys_log` VALUES (88, 5, 'admin', 1, '用户分页列表', '127.0.0.1', 1, '2023-09-11 16:26:02', '2023-09-11 16:26:02');
INSERT INTO `sys_log` VALUES (89, 5, 'admin', 1, '用户分页列表', '127.0.0.1', 1, '2023-09-11 16:26:17', '2023-09-11 16:26:17');
INSERT INTO `sys_log` VALUES (90, 5, 'admin', 1, '用户分页列表', '127.0.0.1', 1, '2023-09-11 16:26:49', '2023-09-11 16:26:49');
INSERT INTO `sys_log` VALUES (91, 5, 'admin', 1, '用户分页列表', '127.0.0.1', 1, '2023-09-11 16:28:21', '2023-09-11 16:28:21');
INSERT INTO `sys_log` VALUES (92, 5, 'admin', 1, '用户分页列表', '127.0.0.1', 1, '2023-09-11 16:28:37', '2023-09-11 16:28:37');
INSERT INTO `sys_log` VALUES (93, 5, 'admin', 1, '用户分页列表', '127.0.0.1', 1, '2023-09-11 16:28:43', '2023-09-11 16:28:43');
INSERT INTO `sys_log` VALUES (94, 5, 'admin', 1, '用户分页列表', '127.0.0.1', 1, '2023-09-11 16:30:27', '2023-09-11 16:30:27');
INSERT INTO `sys_log` VALUES (95, 5, 'admin', 1, '用户分页列表', '127.0.0.1', 1, '2023-09-11 16:31:00', '2023-09-11 16:31:00');
INSERT INTO `sys_log` VALUES (96, 5, 'admin', 1, '用户分页列表', '127.0.0.1', 1, '2023-09-11 16:31:26', '2023-09-11 16:31:26');
INSERT INTO `sys_log` VALUES (97, 5, 'admin', 1, '用户分页列表', '127.0.0.1', 1, '2023-09-11 16:32:07', '2023-09-11 16:32:07');
INSERT INTO `sys_log` VALUES (98, 5, 'admin', 1, '用户分页列表', '127.0.0.1', 1, '2023-09-11 16:32:25', '2023-09-11 16:32:25');
INSERT INTO `sys_log` VALUES (99, 5, 'admin', 1, '用户分页列表', '127.0.0.1', 1, '2023-09-11 16:32:29', '2023-09-11 16:32:29');
INSERT INTO `sys_log` VALUES (100, 5, 'admin', 1, '用户分页列表', '127.0.0.1', 1, '2023-09-11 16:33:03', '2023-09-11 16:33:03');
INSERT INTO `sys_log` VALUES (101, 5, 'admin', 1, '用户分页列表', '127.0.0.1', 1, '2023-09-11 16:34:00', '2023-09-11 16:34:00');
INSERT INTO `sys_log` VALUES (102, 5, 'admin', 1, '用户分页列表', '127.0.0.1', 1, '2023-09-11 16:34:24', '2023-09-11 16:34:24');
INSERT INTO `sys_log` VALUES (103, 5, 'admin', 1, '用户分页列表', '127.0.0.1', 1, '2023-09-11 16:35:07', '2023-09-11 16:35:07');
INSERT INTO `sys_log` VALUES (104, 5, 'admin', 1, '用户分页列表', '127.0.0.1', 1, '2023-09-11 16:40:19', '2023-09-11 16:40:19');
INSERT INTO `sys_log` VALUES (105, 5, 'admin', 1, '用户分页列表', '127.0.0.1', 1, '2023-09-11 16:40:33', '2023-09-11 16:40:33');
INSERT INTO `sys_log` VALUES (106, 5, 'admin', 1, '用户分页列表', '127.0.0.1', 1, '2023-09-11 16:40:38', '2023-09-11 16:40:38');
INSERT INTO `sys_log` VALUES (107, 5, 'admin', 1, '用户分页列表', '127.0.0.1', 1, '2023-09-11 16:40:41', '2023-09-11 16:40:41');
INSERT INTO `sys_log` VALUES (108, 5, 'admin', 1, '用户分页列表', '127.0.0.1', 1, '2023-09-11 16:40:44', '2023-09-11 16:40:44');
INSERT INTO `sys_log` VALUES (109, 5, 'admin', 1, '用户分页列表', '127.0.0.1', 1, '2023-09-11 16:40:46', '2023-09-11 16:40:46');
INSERT INTO `sys_log` VALUES (110, 5, 'admin', 1, '用户分页列表', '127.0.0.1', 1, '2023-09-11 16:40:55', '2023-09-11 16:40:55');
INSERT INTO `sys_log` VALUES (111, 5, 'admin', 1, '用户分页列表', '127.0.0.1', 1, '2023-09-11 16:41:01', '2023-09-11 16:41:01');
INSERT INTO `sys_log` VALUES (112, 5, 'admin', 1, '用户分页列表', '127.0.0.1', 1, '2023-09-11 16:41:47', '2023-09-11 16:41:47');
INSERT INTO `sys_log` VALUES (113, 5, 'admin', 1, '用户分页列表', '127.0.0.1', 1, '2023-09-11 16:41:55', '2023-09-11 16:41:55');
INSERT INTO `sys_log` VALUES (114, 5, 'admin', 1, '用户分页列表', '127.0.0.1', 1, '2023-09-11 16:42:09', '2023-09-11 16:42:09');
INSERT INTO `sys_log` VALUES (115, 5, 'admin', 1, '用户分页列表', '127.0.0.1', 1, '2023-09-11 16:44:42', '2023-09-11 16:44:42');
INSERT INTO `sys_log` VALUES (116, 5, 'admin', 1, '用户分页列表', '127.0.0.1', 1, '2023-09-11 16:44:52', '2023-09-11 16:44:52');
INSERT INTO `sys_log` VALUES (117, 5, 'admin', 1, '用户分页列表', '127.0.0.1', 1, '2023-09-11 16:45:02', '2023-09-11 16:45:02');
INSERT INTO `sys_log` VALUES (118, 5, 'admin', 1, '用户分页列表', '127.0.0.1', 1, '2023-09-11 16:45:52', '2023-09-11 16:45:52');
INSERT INTO `sys_log` VALUES (119, 5, 'admin', 1, '用户分页列表', '127.0.0.1', 1, '2023-09-11 16:46:56', '2023-09-11 16:46:56');
INSERT INTO `sys_log` VALUES (120, 5, 'admin', 1, '用户分页列表', '127.0.0.1', 1, '2023-09-11 16:48:56', '2023-09-11 16:48:56');
INSERT INTO `sys_log` VALUES (121, 5, 'admin', 1, '用户分页列表', '127.0.0.1', 1, '2023-09-11 16:48:59', '2023-09-11 16:48:59');
INSERT INTO `sys_log` VALUES (122, 5, 'admin', 1, '用户分页列表', '127.0.0.1', 1, '2023-09-11 16:49:46', '2023-09-11 16:49:46');
INSERT INTO `sys_log` VALUES (123, 5, 'admin', 1, '用户分页列表', '127.0.0.1', 1, '2023-09-11 16:50:47', '2023-09-11 16:50:47');
INSERT INTO `sys_log` VALUES (124, 5, 'admin', 1, '用户分页列表', '127.0.0.1', 1, '2023-09-11 16:51:18', '2023-09-11 16:51:18');
INSERT INTO `sys_log` VALUES (125, 5, 'admin', 1, '用户分页列表', '127.0.0.1', 1, '2023-09-11 16:51:28', '2023-09-11 16:51:28');
INSERT INTO `sys_log` VALUES (126, 5, 'admin', 1, '用户分页列表', '127.0.0.1', 1, '2023-09-11 16:51:32', '2023-09-11 16:51:32');
INSERT INTO `sys_log` VALUES (127, 5, 'admin', 1, '用户分页列表', '127.0.0.1', 1, '2023-09-11 16:51:52', '2023-09-11 16:51:52');
INSERT INTO `sys_log` VALUES (128, 5, 'admin', 1, '用户分页列表', '127.0.0.1', 1, '2023-09-11 16:52:06', '2023-09-11 16:52:06');
INSERT INTO `sys_log` VALUES (129, 5, 'admin', 1, '用户分页列表', '127.0.0.1', 1, '2023-09-11 16:52:06', '2023-09-11 16:52:06');
INSERT INTO `sys_log` VALUES (130, 5, 'admin', 1, '用户分页列表', '127.0.0.1', 1, '2023-09-11 16:53:03', '2023-09-11 16:53:03');
INSERT INTO `sys_log` VALUES (131, 5, 'admin', 1, '用户分页列表', '127.0.0.1', 1, '2023-09-11 16:53:27', '2023-09-11 16:53:27');
INSERT INTO `sys_log` VALUES (132, 5, 'admin', 1, '用户分页列表', '127.0.0.1', 1, '2023-09-11 16:53:33', '2023-09-11 16:53:33');
INSERT INTO `sys_log` VALUES (133, 5, 'admin', 1, '用户分页列表', '127.0.0.1', 1, '2023-09-11 16:53:54', '2023-09-11 16:53:54');
INSERT INTO `sys_log` VALUES (134, 5, 'admin', 1, '用户分页列表', '127.0.0.1', 1, '2023-09-11 16:54:07', '2023-09-11 16:54:07');
INSERT INTO `sys_log` VALUES (135, 5, 'admin', 1, '新增用户', '127.0.0.1', 1, '2023-09-11 16:54:07', '2023-09-11 16:54:07');
INSERT INTO `sys_log` VALUES (136, 5, 'admin', 1, '用户分页列表', '127.0.0.1', 1, '2023-09-11 16:54:46', '2023-09-11 16:54:46');
INSERT INTO `sys_log` VALUES (137, 5, 'admin', 1, '用户分页列表', '127.0.0.1', 1, '2023-09-11 16:55:09', '2023-09-11 16:55:09');
INSERT INTO `sys_log` VALUES (138, 5, 'admin', 1, '用户分页列表', '127.0.0.1', 1, '2023-09-11 16:55:53', '2023-09-11 16:55:53');
INSERT INTO `sys_log` VALUES (139, 5, 'admin', 1, '新增用户', '127.0.0.1', 1, '2023-09-11 16:55:56', '2023-09-11 16:55:56');
INSERT INTO `sys_log` VALUES (140, 5, 'admin', 1, '用户分页列表', '127.0.0.1', 1, '2023-09-11 16:55:56', '2023-09-11 16:55:56');
INSERT INTO `sys_log` VALUES (141, 5, 'admin', 1, '新增用户', '127.0.0.1', 1, '2023-09-11 16:56:00', '2023-09-11 16:56:00');
INSERT INTO `sys_log` VALUES (142, 5, 'admin', 1, '用户分页列表', '127.0.0.1', 1, '2023-09-11 16:56:00', '2023-09-11 16:56:00');
INSERT INTO `sys_log` VALUES (143, 5, 'admin', 1, '用户分页列表', '127.0.0.1', 1, '2023-09-11 16:56:08', '2023-09-11 16:56:08');
INSERT INTO `sys_log` VALUES (144, 5, 'admin', 1, '用户分页列表', '127.0.0.1', 1, '2023-09-11 16:56:48', '2023-09-11 16:56:48');
INSERT INTO `sys_log` VALUES (145, 5, 'admin', 1, '用户分页列表', '127.0.0.1', 1, '2023-09-11 16:56:55', '2023-09-11 16:56:55');
INSERT INTO `sys_log` VALUES (146, 5, 'admin', 1, '用户分页列表', '127.0.0.1', 1, '2023-09-11 16:56:59', '2023-09-11 16:56:59');
INSERT INTO `sys_log` VALUES (147, 5, 'admin', 1, '修改用户', '127.0.0.1', 1, '2023-09-11 16:57:11', '2023-09-11 16:57:11');
INSERT INTO `sys_log` VALUES (148, 5, 'admin', 1, '用户分页列表', '127.0.0.1', 1, '2023-09-11 16:57:11', '2023-09-11 16:57:11');
INSERT INTO `sys_log` VALUES (149, 5, 'admin', 1, '用户分页列表', '127.0.0.1', 1, '2023-09-11 16:58:18', '2023-09-11 16:58:18');
INSERT INTO `sys_log` VALUES (150, 5, 'admin', 1, '新增用户', '127.0.0.1', 1, '2023-09-11 16:58:34', '2023-09-11 16:58:34');
INSERT INTO `sys_log` VALUES (151, 5, 'admin', 1, '用户分页列表', '127.0.0.1', 1, '2023-09-11 16:58:34', '2023-09-11 16:58:34');
INSERT INTO `sys_log` VALUES (152, 5, 'admin', 1, '用户分页列表', '127.0.0.1', 1, '2023-09-11 16:58:43', '2023-09-11 16:58:43');
INSERT INTO `sys_log` VALUES (153, 5, 'admin', 1, '用户分页列表', '127.0.0.1', 1, '2023-09-11 17:00:55', '2023-09-11 17:00:55');
INSERT INTO `sys_log` VALUES (154, 5, 'admin', 1, '用户分页列表', '127.0.0.1', 1, '2023-09-11 17:01:44', '2023-09-11 17:01:44');
INSERT INTO `sys_log` VALUES (155, 5, 'admin', 1, '用户分页列表', '127.0.0.1', 1, '2023-09-11 17:03:14', '2023-09-11 17:03:14');
INSERT INTO `sys_log` VALUES (156, 5, 'admin', 1, '用户分页列表', '127.0.0.1', 1, '2023-09-11 17:03:55', '2023-09-11 17:03:55');
INSERT INTO `sys_log` VALUES (157, 5, 'admin', 1, '用户分页列表', '127.0.0.1', 1, '2023-09-11 17:06:19', '2023-09-11 17:06:19');
INSERT INTO `sys_log` VALUES (158, 5, 'admin', 1, '用户分页列表', '127.0.0.1', 1, '2023-09-11 17:06:39', '2023-09-11 17:06:39');
INSERT INTO `sys_log` VALUES (159, 5, 'admin', 1, '用户分页列表', '127.0.0.1', 1, '2023-09-11 17:06:53', '2023-09-11 17:06:53');
INSERT INTO `sys_log` VALUES (160, 5, 'admin', 1, '用户分页列表', '127.0.0.1', 1, '2023-09-11 17:07:01', '2023-09-11 17:07:01');
INSERT INTO `sys_log` VALUES (161, 5, 'admin', 1, '用户分页列表', '127.0.0.1', 1, '2023-09-11 17:08:01', '2023-09-11 17:08:01');
INSERT INTO `sys_log` VALUES (162, 5, 'admin', 1, '用户分页列表', '127.0.0.1', 1, '2023-09-11 17:08:32', '2023-09-11 17:08:32');
INSERT INTO `sys_log` VALUES (163, 5, 'admin', 1, '用户分页列表', '127.0.0.1', 1, '2023-09-11 17:08:42', '2023-09-11 17:08:42');
INSERT INTO `sys_log` VALUES (164, 5, 'admin', 1, '用户分页列表', '127.0.0.1', 1, '2023-09-11 17:09:16', '2023-09-11 17:09:16');
INSERT INTO `sys_log` VALUES (165, 5, 'admin', 1, '用户分页列表', '127.0.0.1', 1, '2023-09-11 17:09:54', '2023-09-11 17:09:54');
INSERT INTO `sys_log` VALUES (166, 5, 'admin', 1, '用户分页列表', '127.0.0.1', 1, '2023-09-11 17:10:20', '2023-09-11 17:10:20');
INSERT INTO `sys_log` VALUES (167, 5, 'admin', 1, '用户分页列表', '127.0.0.1', 1, '2023-09-11 17:10:24', '2023-09-11 17:10:24');
INSERT INTO `sys_log` VALUES (168, 5, 'admin', 1, '用户分页列表', '127.0.0.1', 1, '2023-09-11 17:11:19', '2023-09-11 17:11:19');
INSERT INTO `sys_log` VALUES (169, 5, 'admin', 1, '删除单个用户', '127.0.0.1', 1, '2023-09-11 17:11:22', '2023-09-11 17:11:22');
INSERT INTO `sys_log` VALUES (170, 5, 'admin', 1, '用户分页列表', '127.0.0.1', 1, '2023-09-11 17:11:22', '2023-09-11 17:11:22');
INSERT INTO `sys_log` VALUES (171, 5, 'admin', 1, '用户分页列表', '127.0.0.1', 1, '2023-09-11 17:12:24', '2023-09-11 17:12:24');
INSERT INTO `sys_log` VALUES (172, 5, 'admin', 1, '用户分页列表', '127.0.0.1', 1, '2023-09-11 17:12:33', '2023-09-11 17:12:33');
INSERT INTO `sys_log` VALUES (173, 5, 'admin', 1, '用户分页列表', '127.0.0.1', 1, '2023-09-11 17:12:34', '2023-09-11 17:12:34');
INSERT INTO `sys_log` VALUES (174, 5, 'admin', 1, '用户分页列表', '127.0.0.1', 1, '2023-09-11 17:12:54', '2023-09-11 17:12:54');
INSERT INTO `sys_log` VALUES (175, 5, 'admin', 1, '用户分页列表', '127.0.0.1', 1, '2023-09-11 17:13:30', '2023-09-11 17:13:30');
INSERT INTO `sys_log` VALUES (176, 5, 'admin', 1, '用户分页列表', '127.0.0.1', 1, '2023-09-11 17:13:37', '2023-09-11 17:13:37');
INSERT INTO `sys_log` VALUES (177, 5, 'admin', 1, '用户分页列表', '127.0.0.1', 1, '2023-09-11 17:14:31', '2023-09-11 17:14:31');
INSERT INTO `sys_log` VALUES (178, 5, 'admin', 1, '用户分页列表', '127.0.0.1', 1, '2023-09-11 17:14:40', '2023-09-11 17:14:40');
INSERT INTO `sys_log` VALUES (179, 5, 'admin', 1, '用户分页列表', '127.0.0.1', 1, '2023-09-11 17:15:22', '2023-09-11 17:15:22');
INSERT INTO `sys_log` VALUES (180, 5, 'admin', 1, '用户分页列表', '127.0.0.1', 1, '2023-09-11 17:15:32', '2023-09-11 17:15:32');
INSERT INTO `sys_log` VALUES (181, 5, 'admin', 1, '用户分页列表', '127.0.0.1', 1, '2023-09-11 17:16:48', '2023-09-11 17:16:48');
INSERT INTO `sys_log` VALUES (182, 5, 'admin', 1, '用户分页列表', '127.0.0.1', 1, '2023-09-11 17:17:03', '2023-09-11 17:17:03');
INSERT INTO `sys_log` VALUES (183, 5, 'admin', 1, '用户分页列表', '127.0.0.1', 1, '2023-09-11 17:17:12', '2023-09-11 17:17:12');
INSERT INTO `sys_log` VALUES (184, 5, 'admin', 1, '用户分页列表', '127.0.0.1', 1, '2023-09-11 17:17:18', '2023-09-11 17:17:18');
INSERT INTO `sys_log` VALUES (185, 5, 'admin', 1, '用户分页列表', '127.0.0.1', 1, '2023-09-11 17:17:28', '2023-09-11 17:17:28');
INSERT INTO `sys_log` VALUES (186, 5, 'admin', 1, '用户分页列表', '127.0.0.1', 1, '2023-09-11 17:17:48', '2023-09-11 17:17:48');
INSERT INTO `sys_log` VALUES (187, 5, 'admin', 1, '用户分页列表', '127.0.0.1', 1, '2023-09-11 17:19:08', '2023-09-11 17:19:08');
INSERT INTO `sys_log` VALUES (188, 5, 'admin', 1, '用户分页列表', '127.0.0.1', 1, '2023-09-11 17:19:55', '2023-09-11 17:19:55');
INSERT INTO `sys_log` VALUES (189, 5, 'admin', 1, '用户分页列表', '127.0.0.1', 1, '2023-09-11 17:20:41', '2023-09-11 17:20:41');
INSERT INTO `sys_log` VALUES (190, 5, 'admin', 1, '用户分页列表', '127.0.0.1', 1, '2023-09-11 17:42:44', '2023-09-11 17:42:44');
INSERT INTO `sys_log` VALUES (191, 5, 'admin', 1, '用户分页列表', '127.0.0.1', 1, '2023-09-11 17:43:16', '2023-09-11 17:43:16');
INSERT INTO `sys_log` VALUES (192, 5, 'admin', 1, '用户分页列表', '127.0.0.1', 1, '2023-09-11 17:43:38', '2023-09-11 17:43:38');
INSERT INTO `sys_log` VALUES (193, 5, 'admin', 1, '用户分页列表', '127.0.0.1', 1, '2023-09-11 17:43:50', '2023-09-11 17:43:50');
INSERT INTO `sys_log` VALUES (194, 5, 'admin', 1, '用户分页列表', '127.0.0.1', 1, '2023-09-11 17:44:13', '2023-09-11 17:44:13');
INSERT INTO `sys_log` VALUES (195, 5, 'admin', 1, '用户分页列表', '127.0.0.1', 1, '2023-09-11 17:45:08', '2023-09-11 17:45:08');
INSERT INTO `sys_log` VALUES (196, 5, 'admin', 1, '用户分页列表', '127.0.0.1', 1, '2023-09-11 17:45:57', '2023-09-11 17:45:57');
INSERT INTO `sys_log` VALUES (197, 5, 'admin', 1, '用户分页列表', '127.0.0.1', 1, '2023-09-11 17:45:57', '2023-09-11 17:45:57');
INSERT INTO `sys_log` VALUES (198, 5, 'admin', 1, '用户分页列表', '127.0.0.1', 1, '2023-09-11 17:46:56', '2023-09-11 17:46:56');
INSERT INTO `sys_log` VALUES (199, 5, 'admin', 1, '用户分页列表', '127.0.0.1', 1, '2023-09-11 17:47:07', '2023-09-11 17:47:07');
INSERT INTO `sys_log` VALUES (200, 5, 'admin', 1, '用户分页列表', '127.0.0.1', 1, '2023-09-11 17:47:22', '2023-09-11 17:47:22');
INSERT INTO `sys_log` VALUES (201, 5, 'admin', 1, '用户分页列表', '127.0.0.1', 1, '2023-09-11 17:47:22', '2023-09-11 17:47:22');
INSERT INTO `sys_log` VALUES (202, 5, 'admin', 1, '用户分页列表', '127.0.0.1', 1, '2023-09-11 17:47:23', '2023-09-11 17:47:23');
INSERT INTO `sys_log` VALUES (203, 5, 'admin', 1, '用户分页列表', '127.0.0.1', 1, '2023-09-11 17:48:10', '2023-09-11 17:48:10');
INSERT INTO `sys_log` VALUES (204, 5, 'admin', 1, '用户分页列表', '127.0.0.1', 1, '2023-09-11 17:48:16', '2023-09-11 17:48:16');
INSERT INTO `sys_log` VALUES (205, 5, 'admin', 1, '用户分页列表', '127.0.0.1', 1, '2023-09-11 17:49:08', '2023-09-11 17:49:08');
INSERT INTO `sys_log` VALUES (206, 5, 'admin', 1, '用户分页列表', '127.0.0.1', 1, '2023-09-11 17:49:17', '2023-09-11 17:49:17');
INSERT INTO `sys_log` VALUES (207, 5, 'admin', 1, '用户分页列表', '127.0.0.1', 1, '2023-09-11 17:49:57', '2023-09-11 17:49:57');
INSERT INTO `sys_log` VALUES (208, 5, 'admin', 1, '用户分页列表', '127.0.0.1', 1, '2023-09-11 17:50:03', '2023-09-11 17:50:03');
INSERT INTO `sys_log` VALUES (209, 5, 'admin', 1, '用户分页列表', '127.0.0.1', 1, '2023-09-11 17:51:00', '2023-09-11 17:51:00');
INSERT INTO `sys_log` VALUES (210, 5, 'admin', 1, '用户分页列表', '127.0.0.1', 1, '2023-09-11 17:51:06', '2023-09-11 17:51:06');
INSERT INTO `sys_log` VALUES (211, 5, 'admin', 1, '用户分页列表', '127.0.0.1', 1, '2023-09-11 17:51:15', '2023-09-11 17:51:15');
INSERT INTO `sys_log` VALUES (212, 5, 'admin', 1, '用户分页列表', '127.0.0.1', 1, '2023-09-11 17:51:18', '2023-09-11 17:51:18');
INSERT INTO `sys_log` VALUES (213, 5, 'admin', 1, '用户分页列表', '127.0.0.1', 1, '2023-09-11 17:51:19', '2023-09-11 17:51:19');
INSERT INTO `sys_log` VALUES (214, 5, 'admin', 1, '用户分页列表', '127.0.0.1', 1, '2023-09-11 17:51:41', '2023-09-11 17:51:41');
INSERT INTO `sys_log` VALUES (215, 5, 'admin', 1, '用户分页列表', '127.0.0.1', 1, '2023-09-11 17:51:44', '2023-09-11 17:51:44');
INSERT INTO `sys_log` VALUES (216, 5, 'admin', 1, '用户分页列表', '127.0.0.1', 1, '2023-09-11 17:51:45', '2023-09-11 17:51:45');
INSERT INTO `sys_log` VALUES (217, 5, 'admin', 1, '用户分页列表', '127.0.0.1', 1, '2023-09-11 17:51:47', '2023-09-11 17:51:47');
INSERT INTO `sys_log` VALUES (218, 5, 'admin', 1, '用户分页列表', '127.0.0.1', 1, '2023-09-11 17:51:50', '2023-09-11 17:51:50');
INSERT INTO `sys_log` VALUES (219, 5, 'admin', 1, '用户分页列表', '127.0.0.1', 1, '2023-09-11 17:51:51', '2023-09-11 17:51:51');
INSERT INTO `sys_log` VALUES (220, NULL, NULL, 1, '登录管理-登录接口', '127.0.0.1', 1, '2023-09-12 10:21:23', '2023-09-12 10:21:23');
INSERT INTO `sys_log` VALUES (221, NULL, NULL, 1, '登录管理-登录接口', '127.0.0.1', 1, '2023-09-12 10:22:33', '2023-09-12 10:22:33');
INSERT INTO `sys_log` VALUES (222, NULL, NULL, 1, '登录管理-登录接口', '127.0.0.1', 1, '2023-09-12 10:23:22', '2023-09-12 10:23:22');
INSERT INTO `sys_log` VALUES (223, NULL, NULL, 1, '登录管理-登录接口', '127.0.0.1', 1, '2023-09-12 10:23:26', '2023-09-12 10:23:26');
INSERT INTO `sys_log` VALUES (224, NULL, NULL, 1, '登录管理-登录接口', '127.0.0.1', 1, '2023-09-12 10:23:42', '2023-09-12 10:23:42');
INSERT INTO `sys_log` VALUES (225, NULL, NULL, 1, '登录管理-登录接口', '127.0.0.1', 1, '2023-09-12 10:23:48', '2023-09-12 10:23:48');
INSERT INTO `sys_log` VALUES (226, NULL, NULL, 1, '登录管理-登录接口', '127.0.0.1', 1, '2023-09-12 10:24:00', '2023-09-12 10:24:00');
INSERT INTO `sys_log` VALUES (227, NULL, NULL, 1, '登录管理-登录接口', '127.0.0.1', 1, '2023-09-12 10:26:14', '2023-09-12 10:26:14');
INSERT INTO `sys_log` VALUES (228, 5, 'admin', 1, '登录管理-获取登录用户信息', '127.0.0.1', 1, '2023-09-12 10:26:16', '2023-09-12 10:26:16');
INSERT INTO `sys_log` VALUES (229, 5, 'admin', 1, '登录管理-退出登录', '127.0.0.1', 1, '2023-09-12 10:27:30', '2023-09-12 10:27:30');
INSERT INTO `sys_log` VALUES (230, NULL, NULL, 1, '登录管理-登录接口', '127.0.0.1', 1, '2023-09-12 10:29:23', '2023-09-12 10:29:23');
INSERT INTO `sys_log` VALUES (231, NULL, NULL, 1, '登录管理-登录接口', '127.0.0.1', 1, '2023-09-12 10:29:32', '2023-09-12 10:29:32');
INSERT INTO `sys_log` VALUES (232, 5, 'admin', 1, '登录管理-获取登录用户信息', '127.0.0.1', 1, '2023-09-12 10:29:32', '2023-09-12 10:29:32');
INSERT INTO `sys_log` VALUES (233, 5, 'admin', 1, '角色管理-角色分页列表', '127.0.0.1', 1, '2023-09-12 10:29:34', '2023-09-12 10:29:34');
INSERT INTO `sys_log` VALUES (234, 5, 'admin', 1, '用户管理-用户分页列表', '127.0.0.1', 1, '2023-09-12 10:29:35', '2023-09-12 10:29:35');
INSERT INTO `sys_log` VALUES (235, 5, 'admin', 1, '日志管理-日志分页列表', '127.0.0.1', 1, '2023-09-12 10:30:03', '2023-09-12 10:30:03');
INSERT INTO `sys_log` VALUES (236, 5, 'admin', 1, '登录管理-获取登录用户信息', '127.0.0.1', 1, '2023-09-12 10:30:07', '2023-09-12 10:30:07');
INSERT INTO `sys_log` VALUES (237, 5, 'admin', 1, '日志管理-日志分页列表', '127.0.0.1', 1, '2023-09-12 10:30:08', '2023-09-12 10:30:08');
INSERT INTO `sys_log` VALUES (238, 5, 'admin', 1, '日志管理-日志分页列表', '127.0.0.1', 1, '2023-09-12 10:30:21', '2023-09-12 10:30:21');
INSERT INTO `sys_log` VALUES (239, 5, 'admin', 1, '日志管理-日志分页列表', '127.0.0.1', 1, '2023-09-12 10:30:32', '2023-09-12 10:30:32');
INSERT INTO `sys_log` VALUES (240, 5, 'admin', 1, '日志管理-日志分页列表', '127.0.0.1', 1, '2023-09-12 10:30:48', '2023-09-12 10:30:48');
INSERT INTO `sys_log` VALUES (241, 5, 'admin', 1, '日志管理-日志分页列表', '127.0.0.1', 1, '2023-09-12 10:31:36', '2023-09-12 10:31:36');
INSERT INTO `sys_log` VALUES (242, 5, 'admin', 1, '日志管理-日志分页列表', '127.0.0.1', 1, '2023-09-12 10:32:01', '2023-09-12 10:32:01');
INSERT INTO `sys_log` VALUES (243, 5, 'admin', 1, '日志管理-日志分页列表', '127.0.0.1', 1, '2023-09-12 10:32:13', '2023-09-12 10:32:13');
INSERT INTO `sys_log` VALUES (244, 5, 'admin', 1, '日志管理-日志分页列表', '127.0.0.1', 1, '2023-09-12 10:32:30', '2023-09-12 10:32:30');
INSERT INTO `sys_log` VALUES (245, 5, 'admin', 1, '日志管理-日志分页列表', '127.0.0.1', 1, '2023-09-12 10:32:37', '2023-09-12 10:32:37');
INSERT INTO `sys_log` VALUES (246, 5, 'admin', 1, '日志管理-日志分页列表', '127.0.0.1', 1, '2023-09-12 10:33:34', '2023-09-12 10:33:34');
INSERT INTO `sys_log` VALUES (247, 5, 'admin', 1, '日志管理-日志分页列表', '127.0.0.1', 1, '2023-09-12 10:33:46', '2023-09-12 10:33:46');
INSERT INTO `sys_log` VALUES (248, 5, 'admin', 1, '日志管理-日志分页列表', '127.0.0.1', 1, '2023-09-12 10:34:06', '2023-09-12 10:34:06');
INSERT INTO `sys_log` VALUES (249, 5, 'admin', 1, '日志管理-日志分页列表', '127.0.0.1', 1, '2023-09-12 10:35:15', '2023-09-12 10:35:15');
INSERT INTO `sys_log` VALUES (250, 5, 'admin', 1, '日志管理-日志分页列表', '127.0.0.1', 1, '2023-09-12 10:35:57', '2023-09-12 10:35:57');
INSERT INTO `sys_log` VALUES (251, 5, 'admin', 1, '日志管理-日志分页列表', '127.0.0.1', 1, '2023-09-12 10:36:03', '2023-09-12 10:36:03');
INSERT INTO `sys_log` VALUES (252, 5, 'admin', 1, '日志管理-日志分页列表', '127.0.0.1', 1, '2023-09-12 10:38:11', '2023-09-12 10:38:11');
INSERT INTO `sys_log` VALUES (253, 5, 'admin', 1, '日志管理-日志分页列表', '127.0.0.1', 1, '2023-09-12 10:38:56', '2023-09-12 10:38:56');
INSERT INTO `sys_log` VALUES (254, 5, 'admin', 1, '日志管理-日志分页列表', '127.0.0.1', 1, '2023-09-12 10:39:05', '2023-09-12 10:39:05');
INSERT INTO `sys_log` VALUES (255, 5, 'admin', 1, '日志管理-日志分页列表', '127.0.0.1', 1, '2023-09-12 10:42:14', '2023-09-12 10:42:14');
INSERT INTO `sys_log` VALUES (256, 5, 'admin', 1, '日志管理-日志分页列表', '127.0.0.1', 1, '2023-09-12 10:42:34', '2023-09-12 10:42:34');
INSERT INTO `sys_log` VALUES (257, 5, 'admin', 1, '日志管理-日志分页列表', '127.0.0.1', 1, '2023-09-12 10:43:04', '2023-09-12 10:43:04');
INSERT INTO `sys_log` VALUES (258, 5, 'admin', 1, '登录管理-获取登录用户信息', '127.0.0.1', 1, '2023-09-12 10:45:38', '2023-09-12 10:45:38');
INSERT INTO `sys_log` VALUES (259, 5, 'admin', 1, '日志管理-日志分页列表', '127.0.0.1', 1, '2023-09-12 10:45:39', '2023-09-12 10:45:39');
INSERT INTO `sys_log` VALUES (260, 5, 'admin', 1, '日志管理-日志分页列表', '127.0.0.1', 1, '2023-09-12 10:45:42', '2023-09-12 10:45:42');
INSERT INTO `sys_log` VALUES (261, 5, 'admin', 1, '日志管理-日志分页列表', '127.0.0.1', 1, '2023-09-12 10:45:46', '2023-09-12 10:45:46');
INSERT INTO `sys_log` VALUES (262, 5, 'admin', 1, '日志管理-日志分页列表', '127.0.0.1', 1, '2023-09-12 10:45:48', '2023-09-12 10:45:48');
INSERT INTO `sys_log` VALUES (263, 5, 'admin', 1, '登录管理-获取登录用户信息', '127.0.0.1', 1, '2023-09-12 10:51:10', '2023-09-12 10:51:10');
INSERT INTO `sys_log` VALUES (264, 5, 'admin', 1, '日志管理-日志分页列表', '127.0.0.1', 1, '2023-09-12 10:51:10', '2023-09-12 10:51:10');
INSERT INTO `sys_log` VALUES (265, 5, 'admin', 1, '登录管理-获取登录用户信息', '127.0.0.1', 1, '2023-09-12 10:51:21', '2023-09-12 10:51:21');
INSERT INTO `sys_log` VALUES (266, 5, 'admin', 1, '日志管理-日志分页列表', '127.0.0.1', 1, '2023-09-12 10:51:21', '2023-09-12 10:51:21');
INSERT INTO `sys_log` VALUES (267, 5, 'admin', 1, '角色管理-角色分页列表', '127.0.0.1', 1, '2023-09-12 10:51:46', '2023-09-12 10:51:46');
INSERT INTO `sys_log` VALUES (268, 5, 'admin', 1, '角色管理-角色分页列表', '127.0.0.1', 1, '2023-09-12 10:53:11', '2023-09-12 10:53:11');
INSERT INTO `sys_log` VALUES (269, NULL, NULL, 1, '登录管理-登录接口', '127.0.0.1', 1, '2023-09-12 11:00:35', '2023-09-12 11:00:35');
INSERT INTO `sys_log` VALUES (270, 5, 'admin', 1, '用户管理-用户分页列表', '127.0.0.1', 1, '2023-09-12 11:00:35', '2023-09-12 11:00:35');
INSERT INTO `sys_log` VALUES (271, 5, 'admin', 1, '菜单管理-菜单分页列表', '127.0.0.1', 1, '2023-09-12 11:01:52', '2023-09-12 11:01:52');
INSERT INTO `sys_log` VALUES (272, 5, 'admin', 1, '菜单管理-菜单分页列表', '127.0.0.1', 1, '2023-09-12 11:02:01', '2023-09-12 11:02:01');
INSERT INTO `sys_log` VALUES (273, 5, 'admin', 1, '角色管理-角色分页列表', '127.0.0.1', 1, '2023-09-12 11:02:35', '2023-09-12 11:02:35');
INSERT INTO `sys_log` VALUES (274, 5, 'admin', 1, '菜单管理-菜单分页列表', '127.0.0.1', 1, '2023-09-12 11:02:38', '2023-09-12 11:02:38');
INSERT INTO `sys_log` VALUES (275, 5, 'admin', 1, '用户管理-用户分页列表', '127.0.0.1', 1, '2023-09-12 11:02:40', '2023-09-12 11:02:40');
INSERT INTO `sys_log` VALUES (276, 5, 'admin', 1, '日志管理-日志分页列表', '127.0.0.1', 1, '2023-09-12 11:02:43', '2023-09-12 11:02:43');
INSERT INTO `sys_log` VALUES (277, 5, 'admin', 1, '登录管理-获取登录用户信息', '127.0.0.1', 1, '2023-09-12 11:04:52', '2023-09-12 11:04:52');
INSERT INTO `sys_log` VALUES (278, 5, 'admin', 1, '日志管理-日志分页列表', '127.0.0.1', 1, '2023-09-12 11:04:52', '2023-09-12 11:04:52');
INSERT INTO `sys_log` VALUES (279, 5, 'admin', 1, '登录管理-退出登录', '127.0.0.1', 1, '2023-09-12 11:04:55', '2023-09-12 11:04:55');
INSERT INTO `sys_log` VALUES (280, NULL, NULL, 1, '登录管理-登录接口', '127.0.0.1', 1, '2023-09-12 11:04:56', '2023-09-12 11:04:56');
INSERT INTO `sys_log` VALUES (281, 5, 'admin', 1, '登录管理-获取登录用户信息', '127.0.0.1', 1, '2023-09-12 11:04:56', '2023-09-12 11:04:56');
INSERT INTO `sys_log` VALUES (282, 5, 'admin', 1, '日志管理-日志分页列表', '127.0.0.1', 1, '2023-09-12 11:04:56', '2023-09-12 11:04:56');
INSERT INTO `sys_log` VALUES (283, 5, 'admin', 1, '登录管理-退出登录', '127.0.0.1', 1, '2023-09-12 11:05:01', '2023-09-12 11:05:01');
INSERT INTO `sys_log` VALUES (284, NULL, NULL, 1, '登录管理-登录接口', '127.0.0.1', 1, '2023-09-12 11:07:19', '2023-09-12 11:07:19');
INSERT INTO `sys_log` VALUES (285, 5, 'admin', 1, '登录管理-获取登录用户信息', '127.0.0.1', 1, '2023-09-12 11:07:19', '2023-09-12 11:07:19');
INSERT INTO `sys_log` VALUES (286, 5, 'admin', 1, '日志管理-日志分页列表', '127.0.0.1', 1, '2023-09-12 11:07:19', '2023-09-12 11:07:19');
INSERT INTO `sys_log` VALUES (287, 5, 'admin', 1, '登录管理-获取登录用户信息', '127.0.0.1', 1, '2023-09-12 11:25:00', '2023-09-12 11:25:00');
INSERT INTO `sys_log` VALUES (288, 5, 'admin', 1, '日志管理-日志分页列表', '127.0.0.1', 1, '2023-09-12 11:25:01', '2023-09-12 11:25:01');
INSERT INTO `sys_log` VALUES (289, 5, 'admin', 1, '用户管理-用户分页列表', '127.0.0.1', 1, '2023-09-12 11:25:03', '2023-09-12 11:25:03');
INSERT INTO `sys_log` VALUES (290, 5, 'admin', 1, '角色管理-角色分页列表', '127.0.0.1', 1, '2023-09-12 11:25:27', '2023-09-12 11:25:27');
INSERT INTO `sys_log` VALUES (291, 5, 'admin', 1, '菜单管理-菜单分页列表', '127.0.0.1', 1, '2023-09-12 11:25:28', '2023-09-12 11:25:28');
INSERT INTO `sys_log` VALUES (292, 5, 'admin', 1, '用户管理-用户分页列表', '127.0.0.1', 1, '2023-09-12 11:25:29', '2023-09-12 11:25:29');
INSERT INTO `sys_log` VALUES (293, 5, 'admin', 1, '日志管理-日志分页列表', '127.0.0.1', 1, '2023-09-12 11:25:30', '2023-09-12 11:25:30');
INSERT INTO `sys_log` VALUES (294, 5, 'admin', 1, '角色管理-角色分页列表', '127.0.0.1', 1, '2023-09-12 11:25:36', '2023-09-12 11:25:36');
INSERT INTO `sys_log` VALUES (295, NULL, NULL, 1, '登录管理-登录接口', '127.0.0.1', 1, '2023-09-12 13:37:11', '2023-09-12 13:37:11');
INSERT INTO `sys_log` VALUES (296, 5, 'admin', 1, '登录管理-获取登录用户信息', '127.0.0.1', 1, '2023-09-12 13:37:11', '2023-09-12 13:37:11');
INSERT INTO `sys_log` VALUES (297, 5, 'admin', 1, '角色管理-角色分页列表', '127.0.0.1', 1, '2023-09-12 13:37:16', '2023-09-12 13:37:16');
INSERT INTO `sys_log` VALUES (298, 5, 'admin', 1, '用户管理-用户分页列表', '127.0.0.1', 1, '2023-09-12 13:39:32', '2023-09-12 13:39:32');
INSERT INTO `sys_log` VALUES (299, 5, 'admin', 1, '用户管理-用户分页列表', '127.0.0.1', 1, '2023-09-12 13:39:46', '2023-09-12 13:39:46');
INSERT INTO `sys_log` VALUES (300, 5, 'admin', 1, '用户管理-用户分页列表', '127.0.0.1', 1, '2023-09-12 13:40:09', '2023-09-12 13:40:09');
INSERT INTO `sys_log` VALUES (301, 5, 'admin', 1, '用户管理-用户分页列表', '127.0.0.1', 1, '2023-09-12 13:40:49', '2023-09-12 13:40:49');
INSERT INTO `sys_log` VALUES (302, 5, 'admin', 1, '用户管理-用户分页列表', '127.0.0.1', 1, '2023-09-12 13:41:41', '2023-09-12 13:41:41');
INSERT INTO `sys_log` VALUES (303, NULL, NULL, 1, '登录管理-登录接口', '127.0.0.1', 1, '2023-09-12 16:00:41', '2023-09-12 16:00:41');
INSERT INTO `sys_log` VALUES (304, 5, 'admin', 1, '登录管理-获取登录用户信息', '127.0.0.1', 1, '2023-09-12 16:00:41', '2023-09-12 16:00:41');
INSERT INTO `sys_log` VALUES (305, 5, 'admin', 1, '角色管理-角色分页列表', '127.0.0.1', 1, '2023-09-12 16:00:44', '2023-09-12 16:00:44');
INSERT INTO `sys_log` VALUES (306, 5, 'admin', 1, '用户管理-用户分页列表', '127.0.0.1', 1, '2023-09-12 16:00:45', '2023-09-12 16:00:45');
INSERT INTO `sys_log` VALUES (307, 5, 'admin', 1, '用户管理-用户分页列表', '127.0.0.1', 1, '2023-09-12 16:02:38', '2023-09-12 16:02:38');
INSERT INTO `sys_log` VALUES (308, 5, 'admin', 1, '用户管理-用户分页列表', '127.0.0.1', 1, '2023-09-12 16:03:42', '2023-09-12 16:03:42');
INSERT INTO `sys_log` VALUES (309, 5, 'admin', 1, '用户管理-用户分页列表', '127.0.0.1', 1, '2023-09-12 16:04:25', '2023-09-12 16:04:25');
INSERT INTO `sys_log` VALUES (310, NULL, NULL, 1, '登录管理-登录接口', '127.0.0.1', 1, '2023-09-12 16:06:28', '2023-09-12 16:06:28');
INSERT INTO `sys_log` VALUES (311, 5, 'admin', 1, '登录管理-获取登录用户信息', '127.0.0.1', 1, '2023-09-12 16:06:28', '2023-09-12 16:06:28');
INSERT INTO `sys_log` VALUES (312, 5, 'admin', 1, '用户管理-用户分页列表', '127.0.0.1', 1, '2023-09-12 16:06:32', '2023-09-12 16:06:32');
INSERT INTO `sys_log` VALUES (313, 5, 'admin', 1, '角色管理-查询全部角色', '127.0.0.1', 1, '2023-09-12 16:06:33', '2023-09-12 16:06:33');
INSERT INTO `sys_log` VALUES (314, 5, 'admin', 1, '角色管理-角色分页列表', '127.0.0.1', 1, '2023-09-12 16:06:56', '2023-09-12 16:06:56');
INSERT INTO `sys_log` VALUES (315, 5, 'admin', 1, '用户管理-用户分页列表', '127.0.0.1', 1, '2023-09-12 16:06:58', '2023-09-12 16:06:58');
INSERT INTO `sys_log` VALUES (316, 5, 'admin', 1, '角色管理-查询全部角色', '127.0.0.1', 1, '2023-09-12 16:06:59', '2023-09-12 16:06:59');
INSERT INTO `sys_log` VALUES (317, 5, 'admin', 1, '角色管理-查询全部角色', '127.0.0.1', 1, '2023-09-12 16:07:03', '2023-09-12 16:07:03');
INSERT INTO `sys_log` VALUES (318, NULL, NULL, 1, '登录管理-登录接口', '127.0.0.1', 1, '2023-09-12 16:08:44', '2023-09-12 16:08:44');
INSERT INTO `sys_log` VALUES (319, 5, 'admin', 1, '登录管理-获取登录用户信息', '127.0.0.1', 1, '2023-09-12 16:08:44', '2023-09-12 16:08:44');
INSERT INTO `sys_log` VALUES (320, 5, 'admin', 1, '用户管理-用户分页列表', '127.0.0.1', 1, '2023-09-12 16:08:49', '2023-09-12 16:08:49');
INSERT INTO `sys_log` VALUES (321, 5, 'admin', 1, '角色管理-查询全部角色', '127.0.0.1', 1, '2023-09-12 16:08:50', '2023-09-12 16:08:50');
INSERT INTO `sys_log` VALUES (322, 5, 'admin', 1, '角色管理-查询全部角色', '127.0.0.1', 1, '2023-09-12 16:08:55', '2023-09-12 16:08:55');
INSERT INTO `sys_log` VALUES (323, 5, 'admin', 1, '用户管理-用户分页列表', '127.0.0.1', 1, '2023-09-12 16:09:37', '2023-09-12 16:09:37');
INSERT INTO `sys_log` VALUES (324, 5, 'admin', 1, '角色管理-查询全部角色', '127.0.0.1', 1, '2023-09-12 16:09:38', '2023-09-12 16:09:38');
INSERT INTO `sys_log` VALUES (325, 5, 'admin', 1, '用户管理-用户分页列表', '127.0.0.1', 1, '2023-09-12 16:09:52', '2023-09-12 16:09:52');
INSERT INTO `sys_log` VALUES (326, 5, 'admin', 1, '角色管理-查询全部角色', '127.0.0.1', 1, '2023-09-12 16:09:53', '2023-09-12 16:09:53');
INSERT INTO `sys_log` VALUES (327, 5, 'admin', 1, '用户管理-用户分页列表', '127.0.0.1', 1, '2023-09-12 16:10:52', '2023-09-12 16:10:52');
INSERT INTO `sys_log` VALUES (328, 5, 'admin', 1, '用户管理-用户分页列表', '127.0.0.1', 1, '2023-09-12 16:11:12', '2023-09-12 16:11:12');
INSERT INTO `sys_log` VALUES (329, 5, 'admin', 1, '角色管理-查询全部角色', '127.0.0.1', 1, '2023-09-12 16:11:13', '2023-09-12 16:11:13');
INSERT INTO `sys_log` VALUES (330, 5, 'admin', 1, '登录管理-获取登录用户信息', '127.0.0.1', 1, '2023-09-12 16:11:22', '2023-09-12 16:11:22');
INSERT INTO `sys_log` VALUES (331, 5, 'admin', 1, '用户管理-用户分页列表', '127.0.0.1', 1, '2023-09-12 16:11:22', '2023-09-12 16:11:22');
INSERT INTO `sys_log` VALUES (332, 5, 'admin', 1, '角色管理-查询全部角色', '127.0.0.1', 1, '2023-09-12 16:11:22', '2023-09-12 16:11:22');
INSERT INTO `sys_log` VALUES (333, 5, 'admin', 1, '用户管理-用户分页列表', '127.0.0.1', 1, '2023-09-12 16:12:44', '2023-09-12 16:12:44');
INSERT INTO `sys_log` VALUES (334, 5, 'admin', 1, '角色管理-查询全部角色', '127.0.0.1', 1, '2023-09-12 16:12:44', '2023-09-12 16:12:44');
INSERT INTO `sys_log` VALUES (335, 5, 'admin', 1, '角色管理-查询全部角色', '127.0.0.1', 1, '2023-09-12 16:13:15', '2023-09-12 16:13:15');
INSERT INTO `sys_log` VALUES (336, 5, 'admin', 1, '用户管理-用户分页列表', '127.0.0.1', 1, '2023-09-12 16:13:15', '2023-09-12 16:13:15');
INSERT INTO `sys_log` VALUES (337, 5, 'admin', 1, '用户管理-用户分页列表', '127.0.0.1', 1, '2023-09-12 16:14:29', '2023-09-12 16:14:29');
INSERT INTO `sys_log` VALUES (338, 5, 'admin', 1, '角色管理-查询全部角色', '127.0.0.1', 1, '2023-09-12 16:14:29', '2023-09-12 16:14:29');
INSERT INTO `sys_log` VALUES (339, 5, 'admin', 1, '用户管理-用户分页列表', '127.0.0.1', 1, '2023-09-12 16:14:54', '2023-09-12 16:14:54');
INSERT INTO `sys_log` VALUES (340, 5, 'admin', 1, '角色管理-查询全部角色', '127.0.0.1', 1, '2023-09-12 16:14:54', '2023-09-12 16:14:54');
INSERT INTO `sys_log` VALUES (341, 5, 'admin', 1, '用户管理-用户分页列表', '127.0.0.1', 1, '2023-09-12 16:15:05', '2023-09-12 16:15:05');
INSERT INTO `sys_log` VALUES (342, 5, 'admin', 1, '角色管理-查询全部角色', '127.0.0.1', 1, '2023-09-12 16:15:05', '2023-09-12 16:15:05');
INSERT INTO `sys_log` VALUES (343, 5, 'admin', 1, '用户管理-用户分页列表', '127.0.0.1', 1, '2023-09-12 16:15:37', '2023-09-12 16:15:37');
INSERT INTO `sys_log` VALUES (344, 5, 'admin', 1, '角色管理-查询全部角色', '127.0.0.1', 1, '2023-09-12 16:15:37', '2023-09-12 16:15:37');
INSERT INTO `sys_log` VALUES (345, 5, 'admin', 1, '用户管理-用户分页列表', '127.0.0.1', 1, '2023-09-12 16:15:41', '2023-09-12 16:15:41');
INSERT INTO `sys_log` VALUES (346, 5, 'admin', 1, '角色管理-查询全部角色', '127.0.0.1', 1, '2023-09-12 16:15:41', '2023-09-12 16:15:41');
INSERT INTO `sys_log` VALUES (347, 5, 'admin', 1, '用户管理-用户分页列表', '127.0.0.1', 1, '2023-09-12 16:16:28', '2023-09-12 16:16:28');
INSERT INTO `sys_log` VALUES (348, 5, 'admin', 1, '角色管理-查询全部角色', '127.0.0.1', 1, '2023-09-12 16:16:28', '2023-09-12 16:16:28');
INSERT INTO `sys_log` VALUES (349, 5, 'admin', 1, '登录管理-获取登录用户信息', '127.0.0.1', 1, '2023-09-12 16:17:16', '2023-09-12 16:17:16');
INSERT INTO `sys_log` VALUES (350, 5, 'admin', 1, '用户管理-用户分页列表', '127.0.0.1', 1, '2023-09-12 16:17:17', '2023-09-12 16:17:17');
INSERT INTO `sys_log` VALUES (351, 5, 'admin', 1, '角色管理-查询全部角色', '127.0.0.1', 1, '2023-09-12 16:17:17', '2023-09-12 16:17:17');
INSERT INTO `sys_log` VALUES (352, 5, 'admin', 1, '用户管理-用户分页列表', '127.0.0.1', 1, '2023-09-12 16:18:34', '2023-09-12 16:18:34');
INSERT INTO `sys_log` VALUES (353, 5, 'admin', 1, '角色管理-查询全部角色', '127.0.0.1', 1, '2023-09-12 16:18:34', '2023-09-12 16:18:34');
INSERT INTO `sys_log` VALUES (354, 5, 'admin', 1, '用户管理-用户分页列表', '127.0.0.1', 1, '2023-09-12 16:19:02', '2023-09-12 16:19:02');
INSERT INTO `sys_log` VALUES (355, 5, 'admin', 1, '角色管理-查询全部角色', '127.0.0.1', 1, '2023-09-12 16:19:02', '2023-09-12 16:19:02');
INSERT INTO `sys_log` VALUES (356, 5, 'admin', 1, '用户管理-用户分页列表', '127.0.0.1', 1, '2023-09-12 16:20:58', '2023-09-12 16:20:58');
INSERT INTO `sys_log` VALUES (357, 5, 'admin', 1, '角色管理-查询全部角色', '127.0.0.1', 1, '2023-09-12 16:20:58', '2023-09-12 16:20:58');
INSERT INTO `sys_log` VALUES (358, 5, 'admin', 1, '用户管理-用户分页列表', '127.0.0.1', 1, '2023-09-12 16:21:21', '2023-09-12 16:21:21');
INSERT INTO `sys_log` VALUES (359, 5, 'admin', 1, '角色管理-查询全部角色', '127.0.0.1', 1, '2023-09-12 16:21:21', '2023-09-12 16:21:21');
INSERT INTO `sys_log` VALUES (360, 5, 'admin', 1, '用户管理-用户分页列表', '127.0.0.1', 1, '2023-09-12 16:22:18', '2023-09-12 16:22:18');
INSERT INTO `sys_log` VALUES (361, 5, 'admin', 1, '角色管理-查询全部角色', '127.0.0.1', 1, '2023-09-12 16:22:18', '2023-09-12 16:22:18');
INSERT INTO `sys_log` VALUES (362, 5, 'admin', 1, '用户管理-用户分页列表', '127.0.0.1', 1, '2023-09-12 16:23:27', '2023-09-12 16:23:27');
INSERT INTO `sys_log` VALUES (363, 5, 'admin', 1, '角色管理-查询全部角色', '127.0.0.1', 1, '2023-09-12 16:23:27', '2023-09-12 16:23:27');
INSERT INTO `sys_log` VALUES (364, 5, 'admin', 1, '用户管理-用户分页列表', '127.0.0.1', 1, '2023-09-12 16:23:31', '2023-09-12 16:23:31');
INSERT INTO `sys_log` VALUES (365, 5, 'admin', 1, '角色管理-查询全部角色', '127.0.0.1', 1, '2023-09-12 16:23:31', '2023-09-12 16:23:31');
INSERT INTO `sys_log` VALUES (366, 5, 'admin', 1, '用户管理-用户分页列表', '127.0.0.1', 1, '2023-09-12 16:24:07', '2023-09-12 16:24:07');
INSERT INTO `sys_log` VALUES (367, 5, 'admin', 1, '角色管理-查询全部角色', '127.0.0.1', 1, '2023-09-12 16:24:07', '2023-09-12 16:24:07');
INSERT INTO `sys_log` VALUES (368, 5, 'admin', 1, '用户管理-用户分页列表', '127.0.0.1', 1, '2023-09-12 16:24:30', '2023-09-12 16:24:30');
INSERT INTO `sys_log` VALUES (369, 5, 'admin', 1, '角色管理-查询全部角色', '127.0.0.1', 1, '2023-09-12 16:24:30', '2023-09-12 16:24:30');
INSERT INTO `sys_log` VALUES (370, 5, 'admin', 1, '用户管理-用户分页列表', '127.0.0.1', 1, '2023-09-12 16:25:31', '2023-09-12 16:25:31');
INSERT INTO `sys_log` VALUES (371, 5, 'admin', 1, '角色管理-查询全部角色', '127.0.0.1', 1, '2023-09-12 16:25:31', '2023-09-12 16:25:31');
INSERT INTO `sys_log` VALUES (372, 5, 'admin', 1, '用户管理-用户分页列表', '127.0.0.1', 1, '2023-09-12 16:26:30', '2023-09-12 16:26:30');
INSERT INTO `sys_log` VALUES (373, 5, 'admin', 1, '角色管理-查询全部角色', '127.0.0.1', 1, '2023-09-12 16:26:30', '2023-09-12 16:26:30');
INSERT INTO `sys_log` VALUES (374, 5, 'admin', 1, '用户管理-用户分页列表', '127.0.0.1', 1, '2023-09-12 16:26:45', '2023-09-12 16:26:45');
INSERT INTO `sys_log` VALUES (375, 5, 'admin', 1, '角色管理-查询全部角色', '127.0.0.1', 1, '2023-09-12 16:26:45', '2023-09-12 16:26:45');
INSERT INTO `sys_log` VALUES (376, 5, 'admin', 1, '用户管理-用户分页列表', '127.0.0.1', 1, '2023-09-12 16:30:01', '2023-09-12 16:30:01');
INSERT INTO `sys_log` VALUES (377, 5, 'admin', 1, '角色管理-查询全部角色', '127.0.0.1', 1, '2023-09-12 16:30:01', '2023-09-12 16:30:01');
INSERT INTO `sys_log` VALUES (378, 5, 'admin', 1, '用户管理-新增用户角色', '127.0.0.1', 1, '2023-09-12 16:30:04', '2023-09-12 16:30:04');
INSERT INTO `sys_log` VALUES (379, 5, 'admin', 1, '用户管理-用户分页列表', '127.0.0.1', 1, '2023-09-12 16:30:04', '2023-09-12 16:30:04');
INSERT INTO `sys_log` VALUES (380, 5, 'admin', 1, '用户管理-用户分页列表', '127.0.0.1', 1, '2023-09-12 16:31:15', '2023-09-12 16:31:15');
INSERT INTO `sys_log` VALUES (381, 5, 'admin', 1, '角色管理-查询全部角色', '127.0.0.1', 1, '2023-09-12 16:31:15', '2023-09-12 16:31:15');
INSERT INTO `sys_log` VALUES (382, 5, 'admin', 1, '用户管理-新增用户角色', '127.0.0.1', 1, '2023-09-12 16:31:23', '2023-09-12 16:31:23');
INSERT INTO `sys_log` VALUES (383, 5, 'admin', 1, '用户管理-用户分页列表', '127.0.0.1', 1, '2023-09-12 16:31:23', '2023-09-12 16:31:23');
INSERT INTO `sys_log` VALUES (384, 5, 'admin', 1, '用户管理-用户分页列表', '127.0.0.1', 1, '2023-09-12 16:31:34', '2023-09-12 16:31:34');
INSERT INTO `sys_log` VALUES (385, 5, 'admin', 1, '角色管理-查询全部角色', '127.0.0.1', 1, '2023-09-12 16:31:34', '2023-09-12 16:31:34');
INSERT INTO `sys_log` VALUES (386, 5, 'admin', 1, '登录管理-获取登录用户信息', '127.0.0.1', 1, '2023-09-12 16:31:41', '2023-09-12 16:31:41');
INSERT INTO `sys_log` VALUES (387, 5, 'admin', 1, '用户管理-用户分页列表', '127.0.0.1', 1, '2023-09-12 16:31:42', '2023-09-12 16:31:42');
INSERT INTO `sys_log` VALUES (388, 5, 'admin', 1, '角色管理-查询全部角色', '127.0.0.1', 1, '2023-09-12 16:31:42', '2023-09-12 16:31:42');
INSERT INTO `sys_log` VALUES (389, 5, 'admin', 1, '登录管理-获取登录用户信息', '127.0.0.1', 1, '2023-09-12 16:31:49', '2023-09-12 16:31:49');
INSERT INTO `sys_log` VALUES (390, 5, 'admin', 1, '用户管理-用户分页列表', '127.0.0.1', 1, '2023-09-12 16:31:50', '2023-09-12 16:31:50');
INSERT INTO `sys_log` VALUES (391, 5, 'admin', 1, '角色管理-查询全部角色', '127.0.0.1', 1, '2023-09-12 16:31:50', '2023-09-12 16:31:50');
INSERT INTO `sys_log` VALUES (392, 5, 'admin', 1, '用户管理-用户分页列表', '127.0.0.1', 1, '2023-09-12 16:32:59', '2023-09-12 16:32:59');
INSERT INTO `sys_log` VALUES (393, 5, 'admin', 1, '角色管理-查询全部角色', '127.0.0.1', 1, '2023-09-12 16:32:59', '2023-09-12 16:32:59');
INSERT INTO `sys_log` VALUES (394, 5, 'admin', 1, '用户管理-用户分页列表', '127.0.0.1', 1, '2023-09-12 16:33:15', '2023-09-12 16:33:15');
INSERT INTO `sys_log` VALUES (395, 5, 'admin', 1, '角色管理-查询全部角色', '127.0.0.1', 1, '2023-09-12 16:33:15', '2023-09-12 16:33:15');
INSERT INTO `sys_log` VALUES (396, NULL, NULL, 1, '登录管理-登录接口', '127.0.0.1', 1, '2023-09-12 16:37:46', '2023-09-12 16:37:46');
INSERT INTO `sys_log` VALUES (397, 5, 'admin', 1, '登录管理-获取登录用户信息', '127.0.0.1', 1, '2023-09-12 16:37:46', '2023-09-12 16:37:46');
INSERT INTO `sys_log` VALUES (398, 5, 'admin', 1, '角色管理-查询全部角色', '127.0.0.1', 1, '2023-09-12 16:37:49', '2023-09-12 16:37:49');
INSERT INTO `sys_log` VALUES (399, 5, 'admin', 1, '用户管理-用户分页列表', '127.0.0.1', 1, '2023-09-12 16:37:49', '2023-09-12 16:37:49');
INSERT INTO `sys_log` VALUES (400, 5, 'admin', 1, '用户管理-新增用户角色', '127.0.0.1', 1, '2023-09-12 16:38:02', '2023-09-12 16:38:02');
INSERT INTO `sys_log` VALUES (401, 5, 'admin', 1, '用户管理-用户分页列表', '127.0.0.1', 1, '2023-09-12 16:38:02', '2023-09-12 16:38:02');
INSERT INTO `sys_log` VALUES (402, 5, 'admin', 1, '用户管理-用户分页列表', '127.0.0.1', 1, '2023-09-12 16:38:32', '2023-09-12 16:38:32');
INSERT INTO `sys_log` VALUES (403, 5, 'admin', 1, '登录管理-获取登录用户信息', '127.0.0.1', 1, '2023-09-12 16:38:35', '2023-09-12 16:38:35');
INSERT INTO `sys_log` VALUES (404, 5, 'admin', 1, '用户管理-用户分页列表', '127.0.0.1', 1, '2023-09-12 16:38:36', '2023-09-12 16:38:36');
INSERT INTO `sys_log` VALUES (405, 5, 'admin', 1, '角色管理-查询全部角色', '127.0.0.1', 1, '2023-09-12 16:38:36', '2023-09-12 16:38:36');
INSERT INTO `sys_log` VALUES (406, 5, 'admin', 1, '用户管理-新增用户角色', '127.0.0.1', 1, '2023-09-12 16:38:40', '2023-09-12 16:38:40');
INSERT INTO `sys_log` VALUES (407, 5, 'admin', 1, '用户管理-用户分页列表', '127.0.0.1', 1, '2023-09-12 16:38:40', '2023-09-12 16:38:40');
INSERT INTO `sys_log` VALUES (408, 5, 'admin', 1, '用户管理-用户分页列表', '127.0.0.1', 1, '2023-09-12 16:39:09', '2023-09-12 16:39:09');
INSERT INTO `sys_log` VALUES (409, 5, 'admin', 1, '角色管理-查询全部角色', '127.0.0.1', 1, '2023-09-12 16:39:09', '2023-09-12 16:39:09');
INSERT INTO `sys_log` VALUES (410, 5, 'admin', 1, '登录管理-获取登录用户信息', '127.0.0.1', 1, '2023-09-12 16:39:20', '2023-09-12 16:39:20');
INSERT INTO `sys_log` VALUES (411, 5, 'admin', 1, '用户管理-用户分页列表', '127.0.0.1', 1, '2023-09-12 16:39:20', '2023-09-12 16:39:20');
INSERT INTO `sys_log` VALUES (412, 5, 'admin', 1, '角色管理-查询全部角色', '127.0.0.1', 1, '2023-09-12 16:39:20', '2023-09-12 16:39:20');
INSERT INTO `sys_log` VALUES (413, 5, 'admin', 1, '用户管理-新增用户角色', '127.0.0.1', 1, '2023-09-12 16:39:24', '2023-09-12 16:39:24');
INSERT INTO `sys_log` VALUES (414, 5, 'admin', 1, '用户管理-用户分页列表', '127.0.0.1', 1, '2023-09-12 16:39:24', '2023-09-12 16:39:24');
INSERT INTO `sys_log` VALUES (415, 5, 'admin', 1, '用户管理-用户分页列表', '127.0.0.1', 1, '2023-09-12 16:40:25', '2023-09-12 16:40:25');
INSERT INTO `sys_log` VALUES (416, 5, 'admin', 1, '角色管理-查询全部角色', '127.0.0.1', 1, '2023-09-12 16:40:25', '2023-09-12 16:40:25');
INSERT INTO `sys_log` VALUES (417, 5, 'admin', 1, '用户管理-新增用户角色', '127.0.0.1', 1, '2023-09-12 16:40:33', '2023-09-12 16:40:33');
INSERT INTO `sys_log` VALUES (418, 5, 'admin', 1, '用户管理-用户分页列表', '127.0.0.1', 1, '2023-09-12 16:40:33', '2023-09-12 16:40:33');
INSERT INTO `sys_log` VALUES (419, 5, 'admin', 1, '用户管理-新增用户角色', '127.0.0.1', 1, '2023-09-12 16:40:51', '2023-09-12 16:40:51');
INSERT INTO `sys_log` VALUES (420, 5, 'admin', 1, '用户管理-用户分页列表', '127.0.0.1', 1, '2023-09-12 16:40:51', '2023-09-12 16:40:51');
INSERT INTO `sys_log` VALUES (421, NULL, NULL, 1, '登录管理-登录接口', '127.0.0.1', 1, '2023-09-12 16:42:10', '2023-09-12 16:42:10');
INSERT INTO `sys_log` VALUES (422, 5, 'admin', 1, '登录管理-获取登录用户信息', '127.0.0.1', 1, '2023-09-12 16:42:10', '2023-09-12 16:42:10');
INSERT INTO `sys_log` VALUES (423, 5, 'admin', 1, '用户管理-用户分页列表', '127.0.0.1', 1, '2023-09-12 16:42:15', '2023-09-12 16:42:15');
INSERT INTO `sys_log` VALUES (424, 5, 'admin', 1, '角色管理-查询全部角色', '127.0.0.1', 1, '2023-09-12 16:42:15', '2023-09-12 16:42:15');
INSERT INTO `sys_log` VALUES (425, 5, 'admin', 1, '用户管理-新增用户角色', '127.0.0.1', 1, '2023-09-12 16:42:20', '2023-09-12 16:42:20');
INSERT INTO `sys_log` VALUES (426, 5, 'admin', 1, '用户管理-用户分页列表', '127.0.0.1', 1, '2023-09-12 16:42:20', '2023-09-12 16:42:20');
INSERT INTO `sys_log` VALUES (427, NULL, NULL, 1, '登录管理-登录接口', '127.0.0.1', 1, '2023-09-12 16:43:02', '2023-09-12 16:43:02');
INSERT INTO `sys_log` VALUES (428, 5, 'admin', 1, '登录管理-获取登录用户信息', '127.0.0.1', 1, '2023-09-12 16:43:02', '2023-09-12 16:43:02');
INSERT INTO `sys_log` VALUES (429, 5, 'admin', 1, '用户管理-用户分页列表', '127.0.0.1', 1, '2023-09-12 16:43:08', '2023-09-12 16:43:08');
INSERT INTO `sys_log` VALUES (430, 5, 'admin', 1, '角色管理-查询全部角色', '127.0.0.1', 1, '2023-09-12 16:43:08', '2023-09-12 16:43:08');
INSERT INTO `sys_log` VALUES (431, 5, 'admin', 1, '用户管理-新增用户角色', '127.0.0.1', 1, '2023-09-12 16:43:11', '2023-09-12 16:43:11');
INSERT INTO `sys_log` VALUES (432, 5, 'admin', 1, '用户管理-用户分页列表', '127.0.0.1', 1, '2023-09-12 16:43:11', '2023-09-12 16:43:11');
INSERT INTO `sys_log` VALUES (433, 5, 'admin', 1, '角色管理-角色分页列表', '127.0.0.1', 1, '2023-09-12 16:43:30', '2023-09-12 16:43:30');
INSERT INTO `sys_log` VALUES (434, 5, 'admin', 1, '角色管理-新增角色', '127.0.0.1', 1, '2023-09-12 16:43:43', '2023-09-12 16:43:43');
INSERT INTO `sys_log` VALUES (435, 5, 'admin', 1, '角色管理-角色分页列表', '127.0.0.1', 1, '2023-09-12 16:43:43', '2023-09-12 16:43:43');
INSERT INTO `sys_log` VALUES (436, 5, 'admin', 1, '角色管理-新增角色', '127.0.0.1', 1, '2023-09-12 16:43:52', '2023-09-12 16:43:52');
INSERT INTO `sys_log` VALUES (437, 5, 'admin', 1, '角色管理-角色分页列表', '127.0.0.1', 1, '2023-09-12 16:43:52', '2023-09-12 16:43:52');
INSERT INTO `sys_log` VALUES (438, 5, 'admin', 1, '角色管理-新增角色', '127.0.0.1', 1, '2023-09-12 16:44:00', '2023-09-12 16:44:00');
INSERT INTO `sys_log` VALUES (439, 5, 'admin', 1, '角色管理-角色分页列表', '127.0.0.1', 1, '2023-09-12 16:44:00', '2023-09-12 16:44:00');
INSERT INTO `sys_log` VALUES (440, 5, 'admin', 1, '角色管理-新增角色', '127.0.0.1', 1, '2023-09-12 16:44:10', '2023-09-12 16:44:10');
INSERT INTO `sys_log` VALUES (441, 5, 'admin', 1, '角色管理-角色分页列表', '127.0.0.1', 1, '2023-09-12 16:44:10', '2023-09-12 16:44:10');
INSERT INTO `sys_log` VALUES (442, 5, 'admin', 1, '角色管理-新增角色', '127.0.0.1', 1, '2023-09-12 16:44:19', '2023-09-12 16:44:19');
INSERT INTO `sys_log` VALUES (443, 5, 'admin', 1, '角色管理-新增角色', '127.0.0.1', 1, '2023-09-12 16:44:36', '2023-09-12 16:44:36');
INSERT INTO `sys_log` VALUES (444, 5, 'admin', 1, '角色管理-角色分页列表', '127.0.0.1', 1, '2023-09-12 16:44:36', '2023-09-12 16:44:36');
INSERT INTO `sys_log` VALUES (445, 5, 'admin', 1, '角色管理-新增角色', '127.0.0.1', 1, '2023-09-12 16:44:51', '2023-09-12 16:44:51');
INSERT INTO `sys_log` VALUES (446, 5, 'admin', 1, '角色管理-角色分页列表', '127.0.0.1', 1, '2023-09-12 16:44:51', '2023-09-12 16:44:51');
INSERT INTO `sys_log` VALUES (447, 5, 'admin', 1, '角色管理-修改角色', '127.0.0.1', 1, '2023-09-12 16:44:59', '2023-09-12 16:44:59');
INSERT INTO `sys_log` VALUES (448, 5, 'admin', 1, '角色管理-角色分页列表', '127.0.0.1', 1, '2023-09-12 16:44:59', '2023-09-12 16:44:59');
INSERT INTO `sys_log` VALUES (449, 5, 'admin', 1, '角色管理-修改角色', '127.0.0.1', 1, '2023-09-12 16:45:05', '2023-09-12 16:45:05');
INSERT INTO `sys_log` VALUES (450, 5, 'admin', 1, '角色管理-角色分页列表', '127.0.0.1', 1, '2023-09-12 16:45:05', '2023-09-12 16:45:05');
INSERT INTO `sys_log` VALUES (451, 5, 'admin', 1, '角色管理-修改角色', '127.0.0.1', 1, '2023-09-12 16:45:09', '2023-09-12 16:45:09');
INSERT INTO `sys_log` VALUES (452, 5, 'admin', 1, '角色管理-角色分页列表', '127.0.0.1', 1, '2023-09-12 16:45:09', '2023-09-12 16:45:09');
INSERT INTO `sys_log` VALUES (453, 5, 'admin', 1, '角色管理-修改角色', '127.0.0.1', 1, '2023-09-12 16:45:18', '2023-09-12 16:45:18');
INSERT INTO `sys_log` VALUES (454, 5, 'admin', 1, '角色管理-角色分页列表', '127.0.0.1', 1, '2023-09-12 16:45:18', '2023-09-12 16:45:18');
INSERT INTO `sys_log` VALUES (455, 5, 'admin', 1, '角色管理-修改角色', '127.0.0.1', 1, '2023-09-12 16:45:24', '2023-09-12 16:45:24');
INSERT INTO `sys_log` VALUES (456, 5, 'admin', 1, '角色管理-角色分页列表', '127.0.0.1', 1, '2023-09-12 16:45:24', '2023-09-12 16:45:24');
INSERT INTO `sys_log` VALUES (457, 5, 'admin', 1, '角色管理-修改角色', '127.0.0.1', 1, '2023-09-12 16:45:31', '2023-09-12 16:45:31');
INSERT INTO `sys_log` VALUES (458, 5, 'admin', 1, '角色管理-角色分页列表', '127.0.0.1', 1, '2023-09-12 16:45:31', '2023-09-12 16:45:31');
INSERT INTO `sys_log` VALUES (459, 5, 'admin', 1, '角色管理-修改角色', '127.0.0.1', 1, '2023-09-12 16:45:40', '2023-09-12 16:45:40');
INSERT INTO `sys_log` VALUES (460, 5, 'admin', 1, '角色管理-角色分页列表', '127.0.0.1', 1, '2023-09-12 16:45:40', '2023-09-12 16:45:40');
INSERT INTO `sys_log` VALUES (461, 5, 'admin', 1, '用户管理-用户分页列表', '127.0.0.1', 1, '2023-09-12 16:45:48', '2023-09-12 16:45:48');
INSERT INTO `sys_log` VALUES (462, 5, 'admin', 1, '角色管理-查询全部角色', '127.0.0.1', 1, '2023-09-12 16:45:48', '2023-09-12 16:45:48');
INSERT INTO `sys_log` VALUES (463, 5, 'admin', 1, '用户管理-用户分页列表', '127.0.0.1', 1, '2023-09-12 16:46:30', '2023-09-12 16:46:30');
INSERT INTO `sys_log` VALUES (464, 5, 'admin', 1, '用户管理-用户分页列表', '127.0.0.1', 1, '2023-09-12 16:47:33', '2023-09-12 16:47:33');
INSERT INTO `sys_log` VALUES (465, 5, 'admin', 1, '角色管理-查询全部角色', '127.0.0.1', 1, '2023-09-12 16:47:33', '2023-09-12 16:47:33');
INSERT INTO `sys_log` VALUES (466, 5, 'admin', 1, '用户管理-用户分页列表', '127.0.0.1', 1, '2023-09-12 16:48:03', '2023-09-12 16:48:03');
INSERT INTO `sys_log` VALUES (467, 5, 'admin', 1, '角色管理-查询全部角色', '127.0.0.1', 1, '2023-09-12 16:48:03', '2023-09-12 16:48:03');
INSERT INTO `sys_log` VALUES (468, 5, 'admin', 1, '用户管理-新增用户角色', '127.0.0.1', 1, '2023-09-12 16:48:09', '2023-09-12 16:48:09');
INSERT INTO `sys_log` VALUES (469, 5, 'admin', 1, '用户管理-用户分页列表', '127.0.0.1', 1, '2023-09-12 16:48:09', '2023-09-12 16:48:09');
INSERT INTO `sys_log` VALUES (470, 5, 'admin', 1, '用户管理-新增用户', '127.0.0.1', 1, '2023-09-12 16:48:33', '2023-09-12 16:48:33');
INSERT INTO `sys_log` VALUES (471, 5, 'admin', 1, '用户管理-用户分页列表', '127.0.0.1', 1, '2023-09-12 16:48:33', '2023-09-12 16:48:33');
INSERT INTO `sys_log` VALUES (472, 5, 'admin', 1, '用户管理-新增用户', '127.0.0.1', 1, '2023-09-12 16:50:09', '2023-09-12 16:50:09');
INSERT INTO `sys_log` VALUES (473, 5, 'admin', 1, '用户管理-新增用户', '127.0.0.1', 1, '2023-09-12 16:50:29', '2023-09-12 16:50:29');
INSERT INTO `sys_log` VALUES (474, 5, 'admin', 1, '用户管理-用户分页列表', '127.0.0.1', 1, '2023-09-12 16:50:29', '2023-09-12 16:50:29');
INSERT INTO `sys_log` VALUES (475, NULL, NULL, 1, '登录管理-登录接口', '127.0.0.1', 1, '2023-09-12 17:04:49', '2023-09-12 17:04:49');
INSERT INTO `sys_log` VALUES (476, 5, 'admin', 1, '登录管理-获取登录用户信息', '127.0.0.1', 1, '2023-09-12 17:04:49', '2023-09-12 17:04:49');
INSERT INTO `sys_log` VALUES (477, 5, 'admin', 1, '角色管理-查询全部角色', '127.0.0.1', 1, '2023-09-12 17:04:52', '2023-09-12 17:04:52');
INSERT INTO `sys_log` VALUES (478, 5, 'admin', 1, '用户管理-用户分页列表', '127.0.0.1', 1, '2023-09-12 17:04:52', '2023-09-12 17:04:52');
INSERT INTO `sys_log` VALUES (479, 5, 'admin', 1, '用户管理-用户分页列表', '127.0.0.1', 1, '2023-09-12 17:05:41', '2023-09-12 17:05:41');
INSERT INTO `sys_log` VALUES (480, 5, 'admin', 1, '角色管理-查询全部角色', '127.0.0.1', 1, '2023-09-12 17:05:41', '2023-09-12 17:05:41');
INSERT INTO `sys_log` VALUES (481, 5, 'admin', 1, '用户管理-用户分页列表', '127.0.0.1', 1, '2023-09-12 17:05:44', '2023-09-12 17:05:44');
INSERT INTO `sys_log` VALUES (482, 5, 'admin', 1, '用户管理-修改用户', '127.0.0.1', 1, '2023-09-12 17:05:44', '2023-09-12 17:05:44');
INSERT INTO `sys_log` VALUES (483, 5, 'admin', 1, '用户管理-用户分页列表', '127.0.0.1', 1, '2023-09-12 17:05:50', '2023-09-12 17:05:50');
INSERT INTO `sys_log` VALUES (484, 5, 'admin', 1, '用户管理-新增用户', '127.0.0.1', 1, '2023-09-12 17:05:50', '2023-09-12 17:05:50');
INSERT INTO `sys_log` VALUES (485, 5, 'admin', 1, '用户管理-用户分页列表', '127.0.0.1', 1, '2023-09-12 17:06:09', '2023-09-12 17:06:09');
INSERT INTO `sys_log` VALUES (486, 5, 'admin', 1, '角色管理-查询全部角色', '127.0.0.1', 1, '2023-09-12 17:06:09', '2023-09-12 17:06:09');
INSERT INTO `sys_log` VALUES (487, 5, 'admin', 1, '角色管理-角色分页列表', '127.0.0.1', 1, '2023-09-12 17:06:24', '2023-09-12 17:06:24');
INSERT INTO `sys_log` VALUES (488, 5, 'admin', 1, '角色管理-角色分页列表', '127.0.0.1', 1, '2023-09-12 17:06:47', '2023-09-12 17:06:47');
INSERT INTO `sys_log` VALUES (489, NULL, NULL, 1, '登录管理-登录接口', '127.0.0.1', 1, '2023-09-12 17:12:13', '2023-09-12 17:12:13');
INSERT INTO `sys_log` VALUES (490, 5, 'admin', 1, '登录管理-获取登录用户信息', '127.0.0.1', 1, '2023-09-12 17:12:13', '2023-09-12 17:12:13');
INSERT INTO `sys_log` VALUES (491, 5, 'admin', 1, '角色管理-角色分页列表', '127.0.0.1', 1, '2023-09-12 17:12:19', '2023-09-12 17:12:19');
INSERT INTO `sys_log` VALUES (492, 5, 'admin', 1, '登录管理-获取登录用户信息', '127.0.0.1', 1, '2023-09-12 17:12:29', '2023-09-12 17:12:29');
INSERT INTO `sys_log` VALUES (493, 5, 'admin', 1, '角色管理-角色分页列表', '127.0.0.1', 1, '2023-09-12 17:12:29', '2023-09-12 17:12:29');
INSERT INTO `sys_log` VALUES (494, NULL, NULL, 1, '登录管理-登录接口', '127.0.0.1', 1, '2023-09-12 17:12:59', '2023-09-12 17:12:59');
INSERT INTO `sys_log` VALUES (495, 5, 'admin', 1, '登录管理-获取登录用户信息', '127.0.0.1', 1, '2023-09-12 17:12:59', '2023-09-12 17:12:59');
INSERT INTO `sys_log` VALUES (496, 5, 'admin', 1, '菜单管理-查询全部菜单', '127.0.0.1', 1, '2023-09-12 17:13:02', '2023-09-12 17:13:02');
INSERT INTO `sys_log` VALUES (497, 5, 'admin', 1, '角色管理-角色分页列表', '127.0.0.1', 1, '2023-09-12 17:13:02', '2023-09-12 17:13:02');
INSERT INTO `sys_log` VALUES (498, 5, 'admin', 1, '菜单管理-菜单分页列表', '127.0.0.1', 1, '2023-09-12 17:13:12', '2023-09-12 17:13:12');
INSERT INTO `sys_log` VALUES (499, NULL, NULL, 1, '登录管理-登录接口', '127.0.0.1', 1, '2023-09-12 17:14:09', '2023-09-12 17:14:09');
INSERT INTO `sys_log` VALUES (500, 5, 'admin', 1, '登录管理-获取登录用户信息', '127.0.0.1', 1, '2023-09-12 17:14:09', '2023-09-12 17:14:09');
INSERT INTO `sys_log` VALUES (501, 5, 'admin', 1, '菜单管理-查询全部菜单', '127.0.0.1', 1, '2023-09-12 17:14:13', '2023-09-12 17:14:13');
INSERT INTO `sys_log` VALUES (502, 5, 'admin', 1, '角色管理-角色分页列表', '127.0.0.1', 1, '2023-09-12 17:14:13', '2023-09-12 17:14:13');
INSERT INTO `sys_log` VALUES (503, 5, 'admin', 1, '角色管理-角色分页列表', '127.0.0.1', 1, '2023-09-12 17:14:58', '2023-09-12 17:14:58');
INSERT INTO `sys_log` VALUES (504, 5, 'admin', 1, '菜单管理-查询全部菜单', '127.0.0.1', 1, '2023-09-12 17:14:58', '2023-09-12 17:14:58');
INSERT INTO `sys_log` VALUES (505, 5, 'admin', 1, '角色管理-角色分页列表', '127.0.0.1', 1, '2023-09-12 17:15:13', '2023-09-12 17:15:13');
INSERT INTO `sys_log` VALUES (506, 5, 'admin', 1, '菜单管理-查询全部菜单', '127.0.0.1', 1, '2023-09-12 17:15:13', '2023-09-12 17:15:13');
INSERT INTO `sys_log` VALUES (507, 5, 'admin', 1, '角色管理-角色分页列表', '127.0.0.1', 1, '2023-09-12 17:15:34', '2023-09-12 17:15:34');
INSERT INTO `sys_log` VALUES (508, 5, 'admin', 1, '菜单管理-查询全部菜单', '127.0.0.1', 1, '2023-09-12 17:15:34', '2023-09-12 17:15:34');
INSERT INTO `sys_log` VALUES (509, 5, 'admin', 1, '登录管理-获取登录用户信息', '127.0.0.1', 1, '2023-09-12 17:16:24', '2023-09-12 17:16:24');
INSERT INTO `sys_log` VALUES (510, 5, 'admin', 1, '角色管理-角色分页列表', '127.0.0.1', 1, '2023-09-12 17:16:24', '2023-09-12 17:16:24');
INSERT INTO `sys_log` VALUES (511, 5, 'admin', 1, '菜单管理-查询全部菜单', '127.0.0.1', 1, '2023-09-12 17:16:24', '2023-09-12 17:16:24');
INSERT INTO `sys_log` VALUES (512, 5, 'admin', 1, '角色管理-角色分页列表', '127.0.0.1', 1, '2023-09-12 17:17:08', '2023-09-12 17:17:08');
INSERT INTO `sys_log` VALUES (513, 5, 'admin', 1, '菜单管理-查询全部菜单', '127.0.0.1', 1, '2023-09-12 17:17:08', '2023-09-12 17:17:08');
INSERT INTO `sys_log` VALUES (514, 5, 'admin', 1, '登录管理-获取登录用户信息', '127.0.0.1', 1, '2023-09-12 17:17:40', '2023-09-12 17:17:40');
INSERT INTO `sys_log` VALUES (515, 5, 'admin', 1, '角色管理-角色分页列表', '127.0.0.1', 1, '2023-09-12 17:17:40', '2023-09-12 17:17:40');
INSERT INTO `sys_log` VALUES (516, 5, 'admin', 1, '菜单管理-查询全部菜单', '127.0.0.1', 1, '2023-09-12 17:17:40', '2023-09-12 17:17:40');
INSERT INTO `sys_log` VALUES (517, 5, 'admin', 1, '登录管理-获取登录用户信息', '127.0.0.1', 1, '2023-09-12 17:17:45', '2023-09-12 17:17:45');
INSERT INTO `sys_log` VALUES (518, 5, 'admin', 1, '角色管理-角色分页列表', '127.0.0.1', 1, '2023-09-12 17:17:45', '2023-09-12 17:17:45');
INSERT INTO `sys_log` VALUES (519, 5, 'admin', 1, '菜单管理-查询全部菜单', '127.0.0.1', 1, '2023-09-12 17:17:45', '2023-09-12 17:17:45');
INSERT INTO `sys_log` VALUES (520, 5, 'admin', 1, '登录管理-获取登录用户信息', '127.0.0.1', 1, '2023-09-12 17:18:02', '2023-09-12 17:18:02');
INSERT INTO `sys_log` VALUES (521, 5, 'admin', 1, '角色管理-角色分页列表', '127.0.0.1', 1, '2023-09-12 17:18:02', '2023-09-12 17:18:02');
INSERT INTO `sys_log` VALUES (522, 5, 'admin', 1, '菜单管理-查询全部菜单', '127.0.0.1', 1, '2023-09-12 17:18:02', '2023-09-12 17:18:02');
INSERT INTO `sys_log` VALUES (523, 5, 'admin', 1, '用户管理-用户分页列表', '127.0.0.1', 1, '2023-09-12 17:18:04', '2023-09-12 17:18:04');
INSERT INTO `sys_log` VALUES (524, 5, 'admin', 1, '角色管理-查询全部角色', '127.0.0.1', 1, '2023-09-12 17:18:04', '2023-09-12 17:18:04');
INSERT INTO `sys_log` VALUES (525, 5, 'admin', 1, '角色管理-角色分页列表', '127.0.0.1', 1, '2023-09-12 17:18:06', '2023-09-12 17:18:06');
INSERT INTO `sys_log` VALUES (526, 5, 'admin', 1, '菜单管理-查询全部菜单', '127.0.0.1', 1, '2023-09-12 17:18:06', '2023-09-12 17:18:06');
INSERT INTO `sys_log` VALUES (527, 5, 'admin', 1, '角色管理-角色分页列表', '127.0.0.1', 1, '2023-09-12 17:18:16', '2023-09-12 17:18:16');
INSERT INTO `sys_log` VALUES (528, 5, 'admin', 1, '菜单管理-查询全部菜单', '127.0.0.1', 1, '2023-09-12 17:18:16', '2023-09-12 17:18:16');
INSERT INTO `sys_log` VALUES (529, 5, 'admin', 1, '角色管理-角色分页列表', '127.0.0.1', 1, '2023-09-12 17:18:45', '2023-09-12 17:18:45');
INSERT INTO `sys_log` VALUES (530, 5, 'admin', 1, '菜单管理-查询全部菜单', '127.0.0.1', 1, '2023-09-12 17:18:45', '2023-09-12 17:18:45');
INSERT INTO `sys_log` VALUES (531, 5, 'admin', 1, '菜单管理-查询全部菜单', '127.0.0.1', 1, '2023-09-12 17:19:47', '2023-09-12 17:19:47');
INSERT INTO `sys_log` VALUES (532, 5, 'admin', 1, '角色管理-角色分页列表', '127.0.0.1', 1, '2023-09-12 17:19:47', '2023-09-12 17:19:47');
INSERT INTO `sys_log` VALUES (533, 5, 'admin', 1, '角色管理-角色分页列表', '127.0.0.1', 1, '2023-09-12 17:20:58', '2023-09-12 17:20:58');
INSERT INTO `sys_log` VALUES (534, 5, 'admin', 1, '菜单管理-查询全部菜单', '127.0.0.1', 1, '2023-09-12 17:20:58', '2023-09-12 17:20:58');
INSERT INTO `sys_log` VALUES (535, 5, 'admin', 1, '角色管理-角色分页列表', '127.0.0.1', 1, '2023-09-12 17:21:00', '2023-09-12 17:21:00');
INSERT INTO `sys_log` VALUES (536, 5, 'admin', 1, '菜单管理-查询全部菜单', '127.0.0.1', 1, '2023-09-12 17:21:00', '2023-09-12 17:21:00');
INSERT INTO `sys_log` VALUES (537, 5, 'admin', 1, '登录管理-获取登录用户信息', '127.0.0.1', 1, '2023-09-12 17:22:30', '2023-09-12 17:22:30');
INSERT INTO `sys_log` VALUES (538, 5, 'admin', 1, '角色管理-角色分页列表', '127.0.0.1', 1, '2023-09-12 17:22:30', '2023-09-12 17:22:30');
INSERT INTO `sys_log` VALUES (539, 5, 'admin', 1, '菜单管理-查询全部菜单', '127.0.0.1', 1, '2023-09-12 17:22:30', '2023-09-12 17:22:30');
INSERT INTO `sys_log` VALUES (540, 5, 'admin', 1, '角色管理-角色分页列表', '127.0.0.1', 1, '2023-09-12 17:22:48', '2023-09-12 17:22:48');
INSERT INTO `sys_log` VALUES (541, 5, 'admin', 1, '菜单管理-查询全部菜单', '127.0.0.1', 1, '2023-09-12 17:22:48', '2023-09-12 17:22:48');
INSERT INTO `sys_log` VALUES (542, 5, 'admin', 1, '角色管理-角色分页列表', '127.0.0.1', 1, '2023-09-12 17:23:18', '2023-09-12 17:23:18');
INSERT INTO `sys_log` VALUES (543, 5, 'admin', 1, '菜单管理-查询全部菜单', '127.0.0.1', 1, '2023-09-12 17:23:18', '2023-09-12 17:23:18');
INSERT INTO `sys_log` VALUES (544, 5, 'admin', 1, '角色管理-角色分页列表', '127.0.0.1', 1, '2023-09-12 17:23:52', '2023-09-12 17:23:52');
INSERT INTO `sys_log` VALUES (545, 5, 'admin', 1, '菜单管理-查询全部菜单', '127.0.0.1', 1, '2023-09-12 17:23:52', '2023-09-12 17:23:52');
INSERT INTO `sys_log` VALUES (546, 5, 'admin', 1, '角色管理-角色分页列表', '127.0.0.1', 1, '2023-09-12 17:24:47', '2023-09-12 17:24:47');
INSERT INTO `sys_log` VALUES (547, 5, 'admin', 1, '菜单管理-查询全部菜单', '127.0.0.1', 1, '2023-09-12 17:24:47', '2023-09-12 17:24:47');
INSERT INTO `sys_log` VALUES (548, 5, 'admin', 1, '角色管理-角色分页列表', '127.0.0.1', 1, '2023-09-12 17:25:06', '2023-09-12 17:25:06');
INSERT INTO `sys_log` VALUES (549, 5, 'admin', 1, '菜单管理-查询全部菜单', '127.0.0.1', 1, '2023-09-12 17:25:06', '2023-09-12 17:25:06');
INSERT INTO `sys_log` VALUES (550, 5, 'admin', 1, '角色管理-角色分页列表', '127.0.0.1', 1, '2023-09-12 17:25:14', '2023-09-12 17:25:14');
INSERT INTO `sys_log` VALUES (551, 5, 'admin', 1, '菜单管理-查询全部菜单', '127.0.0.1', 1, '2023-09-12 17:25:14', '2023-09-12 17:25:14');
INSERT INTO `sys_log` VALUES (552, 5, 'admin', 1, '角色管理-角色分页列表', '127.0.0.1', 1, '2023-09-12 17:25:33', '2023-09-12 17:25:33');
INSERT INTO `sys_log` VALUES (553, 5, 'admin', 1, '菜单管理-查询全部菜单', '127.0.0.1', 1, '2023-09-12 17:25:33', '2023-09-12 17:25:33');
INSERT INTO `sys_log` VALUES (554, 5, 'admin', 1, '菜单管理-查询全部菜单', '127.0.0.1', 1, '2023-09-12 17:25:48', '2023-09-12 17:25:48');
INSERT INTO `sys_log` VALUES (555, 5, 'admin', 1, '角色管理-角色分页列表', '127.0.0.1', 1, '2023-09-12 17:25:48', '2023-09-12 17:25:48');
INSERT INTO `sys_log` VALUES (556, 5, 'admin', 1, '登录管理-获取登录用户信息', '127.0.0.1', 1, '2023-09-12 17:25:53', '2023-09-12 17:25:53');
INSERT INTO `sys_log` VALUES (557, 5, 'admin', 1, '角色管理-角色分页列表', '127.0.0.1', 1, '2023-09-12 17:25:54', '2023-09-12 17:25:54');
INSERT INTO `sys_log` VALUES (558, 5, 'admin', 1, '菜单管理-查询全部菜单', '127.0.0.1', 1, '2023-09-12 17:25:54', '2023-09-12 17:25:54');
INSERT INTO `sys_log` VALUES (560, 5, 'admin', 1, '菜单管理-查询全部菜单', '127.0.0.1', 1, '2023-09-12 17:26:18', '2023-09-12 17:26:18');
INSERT INTO `sys_log` VALUES (561, 5, 'admin', 1, '角色管理-角色分页列表', '127.0.0.1', 1, '2023-09-12 17:26:18', '2023-09-12 17:26:18');
INSERT INTO `sys_log` VALUES (565, 5, 'admin', 1, '登录管理-获取登录用户信息', '127.0.0.1', 1, '2023-09-12 17:27:20', '2023-09-12 17:27:20');
INSERT INTO `sys_log` VALUES (566, 5, 'admin', 1, '角色管理-角色分页列表', '127.0.0.1', 1, '2023-09-12 17:27:20', '2023-09-12 17:27:20');
INSERT INTO `sys_log` VALUES (567, 5, 'admin', 1, '菜单管理-查询全部菜单', '127.0.0.1', 1, '2023-09-12 17:27:20', '2023-09-12 17:27:20');
INSERT INTO `sys_log` VALUES (569, NULL, NULL, 1, '登录管理-登录接口', '127.0.0.1', 1, '2023-09-12 17:28:07', '2023-09-12 17:28:07');
INSERT INTO `sys_log` VALUES (570, 5, 'admin', 1, '登录管理-获取登录用户信息', '127.0.0.1', 1, '2023-09-12 17:28:07', '2023-09-12 17:28:07');
INSERT INTO `sys_log` VALUES (571, 5, 'admin', 1, '菜单管理-查询全部菜单', '127.0.0.1', 1, '2023-09-12 17:28:10', '2023-09-12 17:28:10');
INSERT INTO `sys_log` VALUES (572, 5, 'admin', 1, '角色管理-角色分页列表', '127.0.0.1', 1, '2023-09-12 17:28:10', '2023-09-12 17:28:10');
INSERT INTO `sys_log` VALUES (573, 5, 'admin', 1, '角色管理-角色关联菜单', '127.0.0.1', 1, '2023-09-12 17:28:15', '2023-09-12 17:28:15');
INSERT INTO `sys_log` VALUES (574, 5, 'admin', 1, '角色管理-角色分页列表', '127.0.0.1', 1, '2023-09-12 17:28:15', '2023-09-12 17:28:15');
INSERT INTO `sys_log` VALUES (575, 5, 'admin', 1, '角色管理-角色关联菜单', '127.0.0.1', 1, '2023-09-12 17:28:22', '2023-09-12 17:28:22');
INSERT INTO `sys_log` VALUES (576, 5, 'admin', 1, '角色管理-角色分页列表', '127.0.0.1', 1, '2023-09-12 17:28:22', '2023-09-12 17:28:22');
INSERT INTO `sys_log` VALUES (577, 5, 'admin', 1, '角色管理-角色关联菜单', '127.0.0.1', 1, '2023-09-12 17:28:25', '2023-09-12 17:28:25');
INSERT INTO `sys_log` VALUES (578, 5, 'admin', 1, '角色管理-角色分页列表', '127.0.0.1', 1, '2023-09-12 17:28:25', '2023-09-12 17:28:25');
INSERT INTO `sys_log` VALUES (579, 5, 'admin', 1, '菜单管理-菜单分页列表', '127.0.0.1', 1, '2023-09-12 17:28:36', '2023-09-12 17:28:36');
INSERT INTO `sys_log` VALUES (580, NULL, NULL, 1, '登录管理-登录接口', '127.0.0.1', 1, '2023-09-12 17:31:24', '2023-09-12 17:31:24');
INSERT INTO `sys_log` VALUES (581, 5, 'admin', 1, '登录管理-获取登录用户信息', '127.0.0.1', 1, '2023-09-12 17:31:24', '2023-09-12 17:31:24');
INSERT INTO `sys_log` VALUES (582, 5, 'admin', 1, '日志管理-日志分页列表', '127.0.0.1', 1, '2023-09-12 17:31:28', '2023-09-12 17:31:28');
INSERT INTO `sys_log` VALUES (583, 5, 'admin', 1, '用户管理-用户分页列表', '127.0.0.1', 1, '2023-09-12 17:31:50', '2023-09-12 17:31:50');
INSERT INTO `sys_log` VALUES (584, 5, 'admin', 1, '角色管理-查询全部角色', '127.0.0.1', 1, '2023-09-12 17:31:50', '2023-09-12 17:31:50');
INSERT INTO `sys_log` VALUES (585, 5, 'admin', 1, '角色管理-查询全部角色', '127.0.0.1', 1, '2023-09-12 17:32:58', '2023-09-12 17:32:58');
INSERT INTO `sys_log` VALUES (586, 5, 'admin', 1, '用户管理-用户分页列表', '127.0.0.1', 1, '2023-09-12 17:32:58', '2023-09-12 17:32:58');
INSERT INTO `sys_log` VALUES (587, NULL, NULL, 1, '登录管理-登录接口', '127.0.0.1', 1, '2023-09-12 17:45:28', '2023-09-12 17:45:28');
INSERT INTO `sys_log` VALUES (588, 5, 'admin', 1, '登录管理-获取登录用户信息', '127.0.0.1', 1, '2023-09-12 17:45:28', '2023-09-12 17:45:28');
INSERT INTO `sys_log` VALUES (589, 5, 'admin', 1, '角色管理-查询全部角色', '127.0.0.1', 1, '2023-09-12 17:45:31', '2023-09-12 17:45:31');
INSERT INTO `sys_log` VALUES (590, 5, 'admin', 1, '用户管理-用户分页列表', '127.0.0.1', 1, '2023-09-12 17:45:31', '2023-09-12 17:45:31');
INSERT INTO `sys_log` VALUES (591, 5, 'admin', 1, '用户管理-删除单个用户', '127.0.0.1', 1, '2023-09-12 17:45:35', '2023-09-12 17:45:35');
INSERT INTO `sys_log` VALUES (592, 5, 'admin', 1, '用户管理-用户分页列表', '127.0.0.1', 1, '2023-09-12 17:45:35', '2023-09-12 17:45:35');
INSERT INTO `sys_log` VALUES (593, 5, 'admin', 1, '用户管理-新增用户', '127.0.0.1', 1, '2023-09-12 17:46:03', '2023-09-12 17:46:03');
INSERT INTO `sys_log` VALUES (594, 5, 'admin', 1, '用户管理-用户分页列表', '127.0.0.1', 1, '2023-09-12 17:46:03', '2023-09-12 17:46:03');
INSERT INTO `sys_log` VALUES (595, 5, 'admin', 1, '用户管理-用户分页列表', '127.0.0.1', 1, '2023-09-12 17:46:05', '2023-09-12 17:46:05');
INSERT INTO `sys_log` VALUES (596, 5, 'admin', 1, '用户管理-用户分页列表', '127.0.0.1', 1, '2023-09-12 17:46:05', '2023-09-12 17:46:05');
INSERT INTO `sys_log` VALUES (597, 5, 'admin', 1, '登录管理-获取登录用户信息', '127.0.0.1', 1, '2023-09-12 17:47:39', '2023-09-12 17:47:39');
INSERT INTO `sys_log` VALUES (598, 5, 'admin', 1, '角色管理-查询全部角色', '127.0.0.1', 1, '2023-09-12 17:47:39', '2023-09-12 17:47:39');
INSERT INTO `sys_log` VALUES (599, 5, 'admin', 1, '用户管理-用户分页列表', '127.0.0.1', 1, '2023-09-12 17:47:39', '2023-09-12 17:47:39');
INSERT INTO `sys_log` VALUES (600, 5, 'admin', 1, '登录管理-获取登录用户信息', '127.0.0.1', 1, '2023-09-12 17:48:18', '2023-09-12 17:48:18');
INSERT INTO `sys_log` VALUES (601, 5, 'admin', 1, '用户管理-用户分页列表', '127.0.0.1', 1, '2023-09-12 17:48:19', '2023-09-12 17:48:19');
INSERT INTO `sys_log` VALUES (602, 5, 'admin', 1, '角色管理-查询全部角色', '127.0.0.1', 1, '2023-09-12 17:48:19', '2023-09-12 17:48:19');
INSERT INTO `sys_log` VALUES (603, 5, 'admin', 1, '日志管理-日志分页列表', '127.0.0.1', 1, '2023-09-12 17:51:20', '2023-09-12 17:51:20');
INSERT INTO `sys_log` VALUES (604, 5, 'admin', 1, '角色管理-角色分页列表', '127.0.0.1', 1, '2023-09-12 17:51:33', '2023-09-12 17:51:33');
INSERT INTO `sys_log` VALUES (605, 5, 'admin', 1, '菜单管理-查询全部菜单', '127.0.0.1', 1, '2023-09-12 17:51:33', '2023-09-12 17:51:33');
INSERT INTO `sys_log` VALUES (606, 5, 'admin', 1, '菜单管理-菜单分页列表', '127.0.0.1', 1, '2023-09-12 17:51:36', '2023-09-12 17:51:36');
INSERT INTO `sys_log` VALUES (607, 5, 'admin', 1, '用户管理-用户分页列表', '127.0.0.1', 1, '2023-09-12 17:51:38', '2023-09-12 17:51:38');
INSERT INTO `sys_log` VALUES (608, 5, 'admin', 1, '角色管理-查询全部角色', '127.0.0.1', 1, '2023-09-12 17:51:38', '2023-09-12 17:51:38');
INSERT INTO `sys_log` VALUES (609, 5, 'admin', 1, '日志管理-日志分页列表', '127.0.0.1', 1, '2023-09-12 17:51:39', '2023-09-12 17:51:39');
INSERT INTO `sys_log` VALUES (610, 5, 'admin', 1, '菜单管理-菜单分页列表', '127.0.0.1', 1, '2023-09-12 17:51:42', '2023-09-12 17:51:42');
INSERT INTO `sys_log` VALUES (611, 5, 'admin', 1, '角色管理-角色分页列表', '127.0.0.1', 1, '2023-09-12 17:51:50', '2023-09-12 17:51:50');
INSERT INTO `sys_log` VALUES (612, 5, 'admin', 1, '菜单管理-查询全部菜单', '127.0.0.1', 1, '2023-09-12 17:51:50', '2023-09-12 17:51:50');
INSERT INTO `sys_log` VALUES (613, 5, 'admin', 1, '用户管理-用户分页列表', '127.0.0.1', 1, '2023-09-12 17:51:53', '2023-09-12 17:51:53');
INSERT INTO `sys_log` VALUES (614, 5, 'admin', 1, '角色管理-查询全部角色', '127.0.0.1', 1, '2023-09-12 17:51:53', '2023-09-12 17:51:53');
INSERT INTO `sys_log` VALUES (615, 5, 'admin', 1, '用户管理-新增用户角色', '127.0.0.1', 1, '2023-09-12 17:51:59', '2023-09-12 17:51:59');
INSERT INTO `sys_log` VALUES (616, 5, 'admin', 1, '用户管理-用户分页列表', '127.0.0.1', 1, '2023-09-12 17:51:59', '2023-09-12 17:51:59');
INSERT INTO `sys_log` VALUES (617, 5, 'admin', 1, '角色管理-角色分页列表', '127.0.0.1', 1, '2023-09-12 17:52:22', '2023-09-12 17:52:22');
INSERT INTO `sys_log` VALUES (618, 5, 'admin', 1, '菜单管理-查询全部菜单', '127.0.0.1', 1, '2023-09-12 17:52:22', '2023-09-12 17:52:22');
INSERT INTO `sys_log` VALUES (619, NULL, NULL, 1, '登录管理-登录接口', '127.0.0.1', 1, '2023-09-13 09:10:30', '2023-09-13 09:10:30');
INSERT INTO `sys_log` VALUES (620, 5, 'admin', 1, '登录管理-获取登录用户信息', '127.0.0.1', 1, '2023-09-13 09:10:30', '2023-09-13 09:10:30');
INSERT INTO `sys_log` VALUES (621, 5, 'admin', 1, '菜单管理-菜单分页列表', '127.0.0.1', 1, '2023-09-13 09:10:32', '2023-09-13 09:10:32');
INSERT INTO `sys_log` VALUES (622, 5, 'admin', 1, '角色管理-查询全部角色', '127.0.0.1', 1, '2023-09-13 09:10:33', '2023-09-13 09:10:33');
INSERT INTO `sys_log` VALUES (623, 5, 'admin', 1, '用户管理-用户分页列表', '127.0.0.1', 1, '2023-09-13 09:10:33', '2023-09-13 09:10:33');
INSERT INTO `sys_log` VALUES (624, 5, 'admin', 1, '菜单管理-菜单分页列表', '127.0.0.1', 1, '2023-09-13 09:10:49', '2023-09-13 09:10:49');
INSERT INTO `sys_log` VALUES (625, 5, 'admin', 1, '用户管理-用户分页列表', '127.0.0.1', 1, '2023-09-13 09:12:48', '2023-09-13 09:12:48');
INSERT INTO `sys_log` VALUES (626, 5, 'admin', 1, '角色管理-查询全部角色', '127.0.0.1', 1, '2023-09-13 09:12:48', '2023-09-13 09:12:48');
INSERT INTO `sys_log` VALUES (627, 5, 'admin', 1, '登录管理-获取登录用户信息', '127.0.0.1', 1, '2023-09-13 09:13:11', '2023-09-13 09:13:11');
INSERT INTO `sys_log` VALUES (628, 5, 'admin', 1, '用户管理-用户分页列表', '127.0.0.1', 1, '2023-09-13 09:13:11', '2023-09-13 09:13:11');
INSERT INTO `sys_log` VALUES (629, 5, 'admin', 1, '角色管理-查询全部角色', '127.0.0.1', 1, '2023-09-13 09:13:11', '2023-09-13 09:13:11');
INSERT INTO `sys_log` VALUES (630, 5, 'admin', 1, '用户管理-用户分页列表', '127.0.0.1', 1, '2023-09-13 09:13:27', '2023-09-13 09:13:27');
INSERT INTO `sys_log` VALUES (631, 5, 'admin', 1, '角色管理-查询全部角色', '127.0.0.1', 1, '2023-09-13 09:13:27', '2023-09-13 09:13:27');
INSERT INTO `sys_log` VALUES (632, 5, 'admin', 1, '用户管理-用户分页列表', '127.0.0.1', 1, '2023-09-13 09:13:37', '2023-09-13 09:13:37');
INSERT INTO `sys_log` VALUES (633, 5, 'admin', 1, '角色管理-查询全部角色', '127.0.0.1', 1, '2023-09-13 09:13:37', '2023-09-13 09:13:37');
INSERT INTO `sys_log` VALUES (634, 5, 'admin', 1, '登录管理-获取登录用户信息', '127.0.0.1', 1, '2023-09-13 09:14:10', '2023-09-13 09:14:10');
INSERT INTO `sys_log` VALUES (635, 5, 'admin', 1, '用户管理-用户分页列表', '127.0.0.1', 1, '2023-09-13 09:14:11', '2023-09-13 09:14:11');
INSERT INTO `sys_log` VALUES (636, 5, 'admin', 1, '角色管理-查询全部角色', '127.0.0.1', 1, '2023-09-13 09:14:11', '2023-09-13 09:14:11');
INSERT INTO `sys_log` VALUES (637, 5, 'admin', 1, '日志管理-日志分页列表', '127.0.0.1', 1, '2023-09-13 09:14:12', '2023-09-13 09:14:12');
INSERT INTO `sys_log` VALUES (638, 5, 'admin', 1, '菜单管理-菜单分页列表', '127.0.0.1', 1, '2023-09-13 09:14:14', '2023-09-13 09:14:14');
INSERT INTO `sys_log` VALUES (639, 5, 'admin', 1, '角色管理-角色分页列表', '127.0.0.1', 1, '2023-09-13 09:14:15', '2023-09-13 09:14:15');
INSERT INTO `sys_log` VALUES (640, 5, 'admin', 1, '菜单管理-查询全部菜单', '127.0.0.1', 1, '2023-09-13 09:14:15', '2023-09-13 09:14:15');
INSERT INTO `sys_log` VALUES (641, 5, 'admin', 1, '用户管理-用户分页列表', '127.0.0.1', 1, '2023-09-13 09:17:24', '2023-09-13 09:17:24');
INSERT INTO `sys_log` VALUES (642, 5, 'admin', 1, '角色管理-查询全部角色', '127.0.0.1', 1, '2023-09-13 09:17:24', '2023-09-13 09:17:24');
INSERT INTO `sys_log` VALUES (643, 5, 'admin', 1, '用户管理-用户分页列表', '127.0.0.1', 1, '2023-09-13 09:17:41', '2023-09-13 09:17:41');
INSERT INTO `sys_log` VALUES (644, 5, 'admin', 1, '角色管理-查询全部角色', '127.0.0.1', 1, '2023-09-13 09:17:41', '2023-09-13 09:17:41');
INSERT INTO `sys_log` VALUES (645, 5, 'admin', 1, '用户管理-用户分页列表', '127.0.0.1', 1, '2023-09-13 09:17:52', '2023-09-13 09:17:52');
INSERT INTO `sys_log` VALUES (646, 5, 'admin', 1, '角色管理-查询全部角色', '127.0.0.1', 1, '2023-09-13 09:17:52', '2023-09-13 09:17:52');
INSERT INTO `sys_log` VALUES (647, 5, 'admin', 1, '用户管理-用户分页列表', '127.0.0.1', 1, '2023-09-13 09:18:01', '2023-09-13 09:18:01');
INSERT INTO `sys_log` VALUES (648, 5, 'admin', 1, '角色管理-查询全部角色', '127.0.0.1', 1, '2023-09-13 09:18:01', '2023-09-13 09:18:01');
INSERT INTO `sys_log` VALUES (649, 5, 'admin', 1, '用户管理-用户分页列表', '127.0.0.1', 1, '2023-09-13 09:18:43', '2023-09-13 09:18:43');
INSERT INTO `sys_log` VALUES (650, 5, 'admin', 1, '角色管理-查询全部角色', '127.0.0.1', 1, '2023-09-13 09:18:43', '2023-09-13 09:18:43');
INSERT INTO `sys_log` VALUES (651, 5, 'admin', 1, '用户管理-用户分页列表', '127.0.0.1', 1, '2023-09-13 09:18:55', '2023-09-13 09:18:55');
INSERT INTO `sys_log` VALUES (652, 5, 'admin', 1, '角色管理-查询全部角色', '127.0.0.1', 1, '2023-09-13 09:18:55', '2023-09-13 09:18:55');
INSERT INTO `sys_log` VALUES (653, 5, 'admin', 1, '用户管理-用户分页列表', '127.0.0.1', 1, '2023-09-13 09:19:06', '2023-09-13 09:19:06');
INSERT INTO `sys_log` VALUES (654, 5, 'admin', 1, '角色管理-查询全部角色', '127.0.0.1', 1, '2023-09-13 09:19:06', '2023-09-13 09:19:06');
INSERT INTO `sys_log` VALUES (655, 5, 'admin', 1, '用户管理-用户分页列表', '127.0.0.1', 1, '2023-09-13 09:19:07', '2023-09-13 09:19:07');
INSERT INTO `sys_log` VALUES (656, 5, 'admin', 1, '角色管理-查询全部角色', '127.0.0.1', 1, '2023-09-13 09:19:07', '2023-09-13 09:19:07');
INSERT INTO `sys_log` VALUES (657, 5, 'admin', 1, '登录管理-获取登录用户信息', '127.0.0.1', 1, '2023-09-13 09:20:10', '2023-09-13 09:20:10');
INSERT INTO `sys_log` VALUES (658, 5, 'admin', 1, '用户管理-用户分页列表', '127.0.0.1', 1, '2023-09-13 09:20:11', '2023-09-13 09:20:11');
INSERT INTO `sys_log` VALUES (659, 5, 'admin', 1, '角色管理-查询全部角色', '127.0.0.1', 1, '2023-09-13 09:20:11', '2023-09-13 09:20:11');
INSERT INTO `sys_log` VALUES (660, 5, 'admin', 1, '角色管理-角色分页列表', '127.0.0.1', 1, '2023-09-13 09:21:15', '2023-09-13 09:21:15');
INSERT INTO `sys_log` VALUES (661, 5, 'admin', 1, '菜单管理-查询全部菜单', '127.0.0.1', 1, '2023-09-13 09:21:15', '2023-09-13 09:21:15');
INSERT INTO `sys_log` VALUES (662, 5, 'admin', 1, '角色管理-角色分页列表', '127.0.0.1', 1, '2023-09-13 09:21:50', '2023-09-13 09:21:50');
INSERT INTO `sys_log` VALUES (663, 5, 'admin', 1, '菜单管理-查询全部菜单', '127.0.0.1', 1, '2023-09-13 09:21:50', '2023-09-13 09:21:50');
INSERT INTO `sys_log` VALUES (664, 5, 'admin', 1, '登录管理-获取登录用户信息', '127.0.0.1', 1, '2023-09-13 09:22:12', '2023-09-13 09:22:12');
INSERT INTO `sys_log` VALUES (665, 5, 'admin', 1, '角色管理-角色分页列表', '127.0.0.1', 1, '2023-09-13 09:22:12', '2023-09-13 09:22:12');
INSERT INTO `sys_log` VALUES (666, 5, 'admin', 1, '菜单管理-查询全部菜单', '127.0.0.1', 1, '2023-09-13 09:22:12', '2023-09-13 09:22:12');
INSERT INTO `sys_log` VALUES (667, 5, 'admin', 1, '登录管理-获取登录用户信息', '127.0.0.1', 1, '2023-09-13 09:22:25', '2023-09-13 09:22:25');
INSERT INTO `sys_log` VALUES (668, 5, 'admin', 1, '角色管理-角色分页列表', '127.0.0.1', 1, '2023-09-13 09:22:25', '2023-09-13 09:22:25');
INSERT INTO `sys_log` VALUES (669, 5, 'admin', 1, '菜单管理-查询全部菜单', '127.0.0.1', 1, '2023-09-13 09:22:25', '2023-09-13 09:22:25');
INSERT INTO `sys_log` VALUES (670, 5, 'admin', 1, '登录管理-获取登录用户信息', '127.0.0.1', 1, '2023-09-13 09:22:58', '2023-09-13 09:22:58');
INSERT INTO `sys_log` VALUES (671, 5, 'admin', 1, '角色管理-角色分页列表', '127.0.0.1', 1, '2023-09-13 09:22:58', '2023-09-13 09:22:58');
INSERT INTO `sys_log` VALUES (672, 5, 'admin', 1, '菜单管理-查询全部菜单', '127.0.0.1', 1, '2023-09-13 09:22:58', '2023-09-13 09:22:58');
INSERT INTO `sys_log` VALUES (673, 5, 'admin', 1, '用户管理-用户分页列表', '127.0.0.1', 1, '2023-09-13 09:23:00', '2023-09-13 09:23:00');
INSERT INTO `sys_log` VALUES (674, 5, 'admin', 1, '角色管理-查询全部角色', '127.0.0.1', 1, '2023-09-13 09:23:00', '2023-09-13 09:23:00');
INSERT INTO `sys_log` VALUES (675, 5, 'admin', 1, '角色管理-角色分页列表', '127.0.0.1', 1, '2023-09-13 09:23:10', '2023-09-13 09:23:10');
INSERT INTO `sys_log` VALUES (676, 5, 'admin', 1, '菜单管理-查询全部菜单', '127.0.0.1', 1, '2023-09-13 09:23:10', '2023-09-13 09:23:10');
INSERT INTO `sys_log` VALUES (677, 5, 'admin', 1, '菜单管理-菜单分页列表', '127.0.0.1', 1, '2023-09-13 09:23:15', '2023-09-13 09:23:15');
INSERT INTO `sys_log` VALUES (678, 5, 'admin', 1, '角色管理-角色分页列表', '127.0.0.1', 1, '2023-09-13 09:23:26', '2023-09-13 09:23:26');
INSERT INTO `sys_log` VALUES (679, 5, 'admin', 1, '菜单管理-查询全部菜单', '127.0.0.1', 1, '2023-09-13 09:23:26', '2023-09-13 09:23:26');
INSERT INTO `sys_log` VALUES (680, 5, 'admin', 1, '用户管理-用户分页列表', '127.0.0.1', 1, '2023-09-13 09:23:29', '2023-09-13 09:23:29');
INSERT INTO `sys_log` VALUES (681, 5, 'admin', 1, '角色管理-查询全部角色', '127.0.0.1', 1, '2023-09-13 09:23:29', '2023-09-13 09:23:29');
INSERT INTO `sys_log` VALUES (682, 5, 'admin', 1, '登录管理-获取登录用户信息', '127.0.0.1', 1, '2023-09-13 09:33:12', '2023-09-13 09:33:12');
INSERT INTO `sys_log` VALUES (683, 5, 'admin', 1, '用户管理-用户分页列表', '127.0.0.1', 1, '2023-09-13 09:33:16', '2023-09-13 09:33:16');
INSERT INTO `sys_log` VALUES (684, 5, 'admin', 1, '角色管理-查询全部角色', '127.0.0.1', 1, '2023-09-13 09:33:16', '2023-09-13 09:33:16');
INSERT INTO `sys_log` VALUES (685, 5, 'admin', 1, '用户管理-用户分页列表', '127.0.0.1', 1, '2023-09-13 09:33:25', '2023-09-13 09:33:25');
INSERT INTO `sys_log` VALUES (686, 5, 'admin', 1, '角色管理-查询全部角色', '127.0.0.1', 1, '2023-09-13 09:33:25', '2023-09-13 09:33:25');
INSERT INTO `sys_log` VALUES (687, 5, 'admin', 1, '用户管理-用户分页列表', '127.0.0.1', 1, '2023-09-13 09:34:21', '2023-09-13 09:34:21');
INSERT INTO `sys_log` VALUES (688, 5, 'admin', 1, '角色管理-查询全部角色', '127.0.0.1', 1, '2023-09-13 09:34:21', '2023-09-13 09:34:21');
INSERT INTO `sys_log` VALUES (689, 5, 'admin', 1, '登录管理-获取登录用户信息', '127.0.0.1', 1, '2023-09-13 09:36:07', '2023-09-13 09:36:07');
INSERT INTO `sys_log` VALUES (690, 5, 'admin', 1, '用户管理-用户分页列表', '127.0.0.1', 1, '2023-09-13 09:36:07', '2023-09-13 09:36:07');
INSERT INTO `sys_log` VALUES (691, 5, 'admin', 1, '角色管理-查询全部角色', '127.0.0.1', 1, '2023-09-13 09:36:07', '2023-09-13 09:36:07');
INSERT INTO `sys_log` VALUES (692, 5, 'admin', 1, '用户管理-用户分页列表', '127.0.0.1', 1, '2023-09-13 09:36:38', '2023-09-13 09:36:38');
INSERT INTO `sys_log` VALUES (693, 5, 'admin', 1, '角色管理-查询全部角色', '127.0.0.1', 1, '2023-09-13 09:36:38', '2023-09-13 09:36:38');
INSERT INTO `sys_log` VALUES (694, 5, 'admin', 1, '用户管理-用户分页列表', '127.0.0.1', 1, '2023-09-13 09:36:54', '2023-09-13 09:36:54');
INSERT INTO `sys_log` VALUES (695, 5, 'admin', 1, '角色管理-查询全部角色', '127.0.0.1', 1, '2023-09-13 09:36:54', '2023-09-13 09:36:54');
INSERT INTO `sys_log` VALUES (696, 5, 'admin', 1, '用户管理-用户分页列表', '127.0.0.1', 1, '2023-09-13 09:37:05', '2023-09-13 09:37:05');
INSERT INTO `sys_log` VALUES (697, 5, 'admin', 1, '角色管理-查询全部角色', '127.0.0.1', 1, '2023-09-13 09:37:05', '2023-09-13 09:37:05');
INSERT INTO `sys_log` VALUES (698, 5, 'admin', 1, '登录管理-获取登录用户信息', '127.0.0.1', 1, '2023-09-13 09:37:18', '2023-09-13 09:37:18');
INSERT INTO `sys_log` VALUES (699, 5, 'admin', 1, '用户管理-用户分页列表', '127.0.0.1', 1, '2023-09-13 09:37:18', '2023-09-13 09:37:18');
INSERT INTO `sys_log` VALUES (700, 5, 'admin', 1, '角色管理-查询全部角色', '127.0.0.1', 1, '2023-09-13 09:37:18', '2023-09-13 09:37:18');
INSERT INTO `sys_log` VALUES (701, 5, 'admin', 1, '登录管理-获取登录用户信息', '127.0.0.1', 1, '2023-09-13 09:37:31', '2023-09-13 09:37:31');
INSERT INTO `sys_log` VALUES (702, 5, 'admin', 1, '用户管理-用户分页列表', '127.0.0.1', 1, '2023-09-13 09:37:31', '2023-09-13 09:37:31');
INSERT INTO `sys_log` VALUES (703, 5, 'admin', 1, '角色管理-查询全部角色', '127.0.0.1', 1, '2023-09-13 09:37:31', '2023-09-13 09:37:31');
INSERT INTO `sys_log` VALUES (704, 5, 'admin', 1, '用户管理-用户分页列表', '127.0.0.1', 1, '2023-09-13 09:37:39', '2023-09-13 09:37:39');
INSERT INTO `sys_log` VALUES (705, 5, 'admin', 1, '角色管理-查询全部角色', '127.0.0.1', 1, '2023-09-13 09:37:39', '2023-09-13 09:37:39');
INSERT INTO `sys_log` VALUES (706, 5, 'admin', 1, '用户管理-用户分页列表', '127.0.0.1', 1, '2023-09-13 09:38:11', '2023-09-13 09:38:11');
INSERT INTO `sys_log` VALUES (707, 5, 'admin', 1, '角色管理-查询全部角色', '127.0.0.1', 1, '2023-09-13 09:38:11', '2023-09-13 09:38:11');
INSERT INTO `sys_log` VALUES (708, 5, 'admin', 1, '登录管理-获取登录用户信息', '127.0.0.1', 1, '2023-09-13 09:38:13', '2023-09-13 09:38:13');
INSERT INTO `sys_log` VALUES (709, 5, 'admin', 1, '用户管理-用户分页列表', '127.0.0.1', 1, '2023-09-13 09:38:13', '2023-09-13 09:38:13');
INSERT INTO `sys_log` VALUES (710, 5, 'admin', 1, '角色管理-查询全部角色', '127.0.0.1', 1, '2023-09-13 09:38:13', '2023-09-13 09:38:13');
INSERT INTO `sys_log` VALUES (711, 5, 'admin', 1, '用户管理-用户分页列表', '127.0.0.1', 1, '2023-09-13 09:38:28', '2023-09-13 09:38:28');
INSERT INTO `sys_log` VALUES (712, 5, 'admin', 1, '角色管理-查询全部角色', '127.0.0.1', 1, '2023-09-13 09:38:28', '2023-09-13 09:38:28');
INSERT INTO `sys_log` VALUES (713, 5, 'admin', 1, '用户管理-用户分页列表', '127.0.0.1', 1, '2023-09-13 09:38:47', '2023-09-13 09:38:47');
INSERT INTO `sys_log` VALUES (714, 5, 'admin', 1, '角色管理-查询全部角色', '127.0.0.1', 1, '2023-09-13 09:38:47', '2023-09-13 09:38:47');
INSERT INTO `sys_log` VALUES (715, 5, 'admin', 1, '用户管理-用户分页列表', '127.0.0.1', 1, '2023-09-13 09:39:17', '2023-09-13 09:39:17');
INSERT INTO `sys_log` VALUES (716, 5, 'admin', 1, '角色管理-查询全部角色', '127.0.0.1', 1, '2023-09-13 09:39:17', '2023-09-13 09:39:17');
INSERT INTO `sys_log` VALUES (717, 5, 'admin', 1, '用户管理-用户分页列表', '127.0.0.1', 1, '2023-09-13 09:39:41', '2023-09-13 09:39:41');
INSERT INTO `sys_log` VALUES (718, 5, 'admin', 1, '角色管理-查询全部角色', '127.0.0.1', 1, '2023-09-13 09:39:41', '2023-09-13 09:39:41');
INSERT INTO `sys_log` VALUES (719, 5, 'admin', 1, '用户管理-用户分页列表', '127.0.0.1', 1, '2023-09-13 09:40:07', '2023-09-13 09:40:07');
INSERT INTO `sys_log` VALUES (720, 5, 'admin', 1, '角色管理-查询全部角色', '127.0.0.1', 1, '2023-09-13 09:40:08', '2023-09-13 09:40:08');
INSERT INTO `sys_log` VALUES (721, NULL, NULL, 1, '登录管理-登录接口', '127.0.0.1', 1, '2023-09-13 09:42:42', '2023-09-13 09:42:42');
INSERT INTO `sys_log` VALUES (722, 5, 'admin', 1, '登录管理-获取登录用户信息', '127.0.0.1', 1, '2023-09-13 09:42:42', '2023-09-13 09:42:42');
INSERT INTO `sys_log` VALUES (723, 5, 'admin', 1, '用户管理-用户分页列表', '127.0.0.1', 1, '2023-09-13 09:42:43', '2023-09-13 09:42:43');
INSERT INTO `sys_log` VALUES (724, 5, 'admin', 1, '角色管理-查询全部角色', '127.0.0.1', 1, '2023-09-13 09:42:43', '2023-09-13 09:42:43');
INSERT INTO `sys_log` VALUES (725, 5, 'admin', 1, '用户管理-用户分页列表', '127.0.0.1', 1, '2023-09-13 09:42:55', '2023-09-13 09:42:55');
INSERT INTO `sys_log` VALUES (726, 5, 'admin', 1, '角色管理-查询全部角色', '127.0.0.1', 1, '2023-09-13 09:42:55', '2023-09-13 09:42:55');
INSERT INTO `sys_log` VALUES (727, 5, 'admin', 1, '角色管理-角色分页列表', '127.0.0.1', 1, '2023-09-13 09:43:52', '2023-09-13 09:43:52');
INSERT INTO `sys_log` VALUES (728, 5, 'admin', 1, '菜单管理-查询全部菜单', '127.0.0.1', 1, '2023-09-13 09:43:52', '2023-09-13 09:43:52');
INSERT INTO `sys_log` VALUES (729, 5, 'admin', 1, '菜单管理-菜单分页列表', '127.0.0.1', 1, '2023-09-13 09:43:56', '2023-09-13 09:43:56');
INSERT INTO `sys_log` VALUES (730, 5, 'admin', 1, '角色管理-查询全部角色', '127.0.0.1', 1, '2023-09-13 09:43:57', '2023-09-13 09:43:57');
INSERT INTO `sys_log` VALUES (731, 5, 'admin', 1, '用户管理-用户分页列表', '127.0.0.1', 1, '2023-09-13 09:43:57', '2023-09-13 09:43:57');
INSERT INTO `sys_log` VALUES (732, 5, 'admin', 1, '日志管理-日志分页列表', '127.0.0.1', 1, '2023-09-13 09:43:59', '2023-09-13 09:43:59');
INSERT INTO `sys_log` VALUES (733, 5, 'admin', 1, '日志管理-日志分页列表', '127.0.0.1', 1, '2023-09-13 09:44:26', '2023-09-13 09:44:26');
INSERT INTO `sys_log` VALUES (734, 5, 'admin', 1, '登录管理-获取登录用户信息', '127.0.0.1', 1, '2023-09-13 09:44:32', '2023-09-13 09:44:32');
INSERT INTO `sys_log` VALUES (735, 5, 'admin', 1, '日志管理-日志分页列表', '127.0.0.1', 1, '2023-09-13 09:44:33', '2023-09-13 09:44:33');
INSERT INTO `sys_log` VALUES (736, 5, 'admin', 1, '日志管理-日志分页列表', '127.0.0.1', 1, '2023-09-13 09:45:21', '2023-09-13 09:45:21');
INSERT INTO `sys_log` VALUES (737, 5, 'admin', 1, '角色管理-角色分页列表', '127.0.0.1', 1, '2023-09-13 09:45:34', '2023-09-13 09:45:34');
INSERT INTO `sys_log` VALUES (738, 5, 'admin', 1, '菜单管理-查询全部菜单', '127.0.0.1', 1, '2023-09-13 09:45:34', '2023-09-13 09:45:34');
INSERT INTO `sys_log` VALUES (739, 5, 'admin', 1, '用户管理-用户分页列表', '127.0.0.1', 1, '2023-09-13 09:45:36', '2023-09-13 09:45:36');
INSERT INTO `sys_log` VALUES (740, 5, 'admin', 1, '角色管理-查询全部角色', '127.0.0.1', 1, '2023-09-13 09:45:36', '2023-09-13 09:45:36');
INSERT INTO `sys_log` VALUES (741, 5, 'admin', 1, '日志管理-日志分页列表', '127.0.0.1', 1, '2023-09-13 09:45:37', '2023-09-13 09:45:37');
INSERT INTO `sys_log` VALUES (742, 5, 'admin', 1, '用户管理-用户分页列表', '127.0.0.1', 1, '2023-09-13 09:45:56', '2023-09-13 09:45:56');
INSERT INTO `sys_log` VALUES (743, 5, 'admin', 1, '角色管理-查询全部角色', '127.0.0.1', 1, '2023-09-13 09:45:56', '2023-09-13 09:45:56');
INSERT INTO `sys_log` VALUES (744, 5, 'admin', 1, '用户管理-用户分页列表', '127.0.0.1', 1, '2023-09-13 09:46:32', '2023-09-13 09:46:32');
INSERT INTO `sys_log` VALUES (745, 5, 'admin', 1, '日志管理-日志分页列表', '127.0.0.1', 1, '2023-09-13 09:46:39', '2023-09-13 09:46:39');
INSERT INTO `sys_log` VALUES (746, 5, 'admin', 1, '用户管理-用户分页列表', '127.0.0.1', 1, '2023-09-13 09:46:48', '2023-09-13 09:46:48');
INSERT INTO `sys_log` VALUES (747, 5, 'admin', 1, '角色管理-查询全部角色', '127.0.0.1', 1, '2023-09-13 09:46:48', '2023-09-13 09:46:48');
INSERT INTO `sys_log` VALUES (748, 5, 'admin', 1, '菜单管理-菜单分页列表', '127.0.0.1', 1, '2023-09-13 09:46:50', '2023-09-13 09:46:50');
INSERT INTO `sys_log` VALUES (749, 5, 'admin', 1, '角色管理-角色分页列表', '127.0.0.1', 1, '2023-09-13 09:46:52', '2023-09-13 09:46:52');
INSERT INTO `sys_log` VALUES (750, 5, 'admin', 1, '菜单管理-查询全部菜单', '127.0.0.1', 1, '2023-09-13 09:46:52', '2023-09-13 09:46:52');
INSERT INTO `sys_log` VALUES (751, 5, 'admin', 1, '角色管理-角色分页列表', '127.0.0.1', 1, '2023-09-13 09:47:31', '2023-09-13 09:47:31');
INSERT INTO `sys_log` VALUES (752, 5, 'admin', 1, '菜单管理-查询全部菜单', '127.0.0.1', 1, '2023-09-13 09:47:31', '2023-09-13 09:47:31');
INSERT INTO `sys_log` VALUES (753, 5, 'admin', 1, '菜单管理-菜单分页列表', '127.0.0.1', 1, '2023-09-13 09:47:33', '2023-09-13 09:47:33');
INSERT INTO `sys_log` VALUES (754, 5, 'admin', 1, '角色管理-角色分页列表', '127.0.0.1', 1, '2023-09-13 09:47:34', '2023-09-13 09:47:34');
INSERT INTO `sys_log` VALUES (755, 5, 'admin', 1, '菜单管理-查询全部菜单', '127.0.0.1', 1, '2023-09-13 09:47:34', '2023-09-13 09:47:34');
INSERT INTO `sys_log` VALUES (756, 5, 'admin', 1, '角色管理-角色分页列表', '127.0.0.1', 1, '2023-09-13 09:47:45', '2023-09-13 09:47:45');
INSERT INTO `sys_log` VALUES (757, 5, 'admin', 1, '菜单管理-菜单分页列表', '127.0.0.1', 1, '2023-09-13 09:47:49', '2023-09-13 09:47:49');
INSERT INTO `sys_log` VALUES (758, 5, 'admin', 1, '角色管理-查询全部角色', '127.0.0.1', 1, '2023-09-13 09:47:51', '2023-09-13 09:47:51');
INSERT INTO `sys_log` VALUES (759, 5, 'admin', 1, '用户管理-用户分页列表', '127.0.0.1', 1, '2023-09-13 09:47:51', '2023-09-13 09:47:51');
INSERT INTO `sys_log` VALUES (760, 5, 'admin', 1, '日志管理-日志分页列表', '127.0.0.1', 1, '2023-09-13 09:47:52', '2023-09-13 09:47:52');
INSERT INTO `sys_log` VALUES (761, 5, 'admin', 1, '角色管理-角色分页列表', '127.0.0.1', 1, '2023-09-13 09:47:54', '2023-09-13 09:47:54');
INSERT INTO `sys_log` VALUES (762, 5, 'admin', 1, '菜单管理-查询全部菜单', '127.0.0.1', 1, '2023-09-13 09:47:54', '2023-09-13 09:47:54');
INSERT INTO `sys_log` VALUES (763, 5, 'admin', 1, '日志管理-日志分页列表', '127.0.0.1', 1, '2023-09-13 09:48:08', '2023-09-13 09:48:08');
INSERT INTO `sys_log` VALUES (764, 5, 'admin', 1, '用户管理-用户分页列表', '127.0.0.1', 1, '2023-09-13 09:48:09', '2023-09-13 09:48:09');
INSERT INTO `sys_log` VALUES (765, 5, 'admin', 1, '角色管理-查询全部角色', '127.0.0.1', 1, '2023-09-13 09:48:09', '2023-09-13 09:48:09');
INSERT INTO `sys_log` VALUES (766, NULL, NULL, 1, '登录管理-登录接口', '127.0.0.1', 1, '2023-09-13 10:06:57', '2023-09-13 10:06:57');
INSERT INTO `sys_log` VALUES (767, 5, 'admin', 1, '登录管理-获取登录用户信息', '127.0.0.1', 1, '2023-09-13 10:06:57', '2023-09-13 10:06:57');
INSERT INTO `sys_log` VALUES (768, 5, 'admin', 1, '角色管理-查询全部角色', '127.0.0.1', 1, '2023-09-13 10:07:01', '2023-09-13 10:07:01');
INSERT INTO `sys_log` VALUES (769, 5, 'admin', 1, '用户管理-用户分页列表', '127.0.0.1', 1, '2023-09-13 10:07:01', '2023-09-13 10:07:01');
INSERT INTO `sys_log` VALUES (770, 5, 'admin', 1, '登录管理-获取登录用户信息', '127.0.0.1', 1, '2023-09-13 10:09:26', '2023-09-13 10:09:26');
INSERT INTO `sys_log` VALUES (771, 5, 'admin', 1, '用户管理-用户分页列表', '127.0.0.1', 1, '2023-09-13 10:09:26', '2023-09-13 10:09:26');
INSERT INTO `sys_log` VALUES (772, 5, 'admin', 1, '角色管理-查询全部角色', '127.0.0.1', 1, '2023-09-13 10:09:26', '2023-09-13 10:09:26');
INSERT INTO `sys_log` VALUES (773, 5, 'admin', 1, '角色管理-查询全部角色', '127.0.0.1', 1, '2023-09-13 10:09:35', '2023-09-13 10:09:35');
INSERT INTO `sys_log` VALUES (774, 5, 'admin', 1, '用户管理-用户分页列表', '127.0.0.1', 1, '2023-09-13 10:09:35', '2023-09-13 10:09:35');
INSERT INTO `sys_log` VALUES (775, 5, 'admin', 1, '登录管理-获取登录用户信息', '127.0.0.1', 1, '2023-09-13 10:10:23', '2023-09-13 10:10:23');
INSERT INTO `sys_log` VALUES (776, 5, 'admin', 1, '用户管理-用户分页列表', '127.0.0.1', 1, '2023-09-13 10:10:23', '2023-09-13 10:10:23');
INSERT INTO `sys_log` VALUES (777, 5, 'admin', 1, '角色管理-查询全部角色', '127.0.0.1', 1, '2023-09-13 10:10:23', '2023-09-13 10:10:23');
INSERT INTO `sys_log` VALUES (778, 5, 'admin', 1, '用户管理-用户分页列表', '127.0.0.1', 1, '2023-09-13 10:11:37', '2023-09-13 10:11:37');
INSERT INTO `sys_log` VALUES (779, 5, 'admin', 1, '角色管理-查询全部角色', '127.0.0.1', 1, '2023-09-13 10:11:37', '2023-09-13 10:11:37');
INSERT INTO `sys_log` VALUES (780, 5, 'admin', 1, '角色管理-查询全部角色', '127.0.0.1', 1, '2023-09-13 10:12:04', '2023-09-13 10:12:04');
INSERT INTO `sys_log` VALUES (781, 5, 'admin', 1, '用户管理-用户分页列表', '127.0.0.1', 1, '2023-09-13 10:12:04', '2023-09-13 10:12:04');
INSERT INTO `sys_log` VALUES (782, 5, 'admin', 1, '用户管理-管理员修改用户密码', '127.0.0.1', 1, '2023-09-13 10:12:08', '2023-09-13 10:12:08');
INSERT INTO `sys_log` VALUES (783, 5, 'admin', 1, '用户管理-管理员修改用户密码', '127.0.0.1', 1, '2023-09-13 10:12:09', '2023-09-13 10:12:09');
INSERT INTO `sys_log` VALUES (784, 5, 'admin', 1, '用户管理-管理员修改用户密码', '127.0.0.1', 1, '2023-09-13 10:12:10', '2023-09-13 10:12:10');
INSERT INTO `sys_log` VALUES (785, NULL, NULL, 1, '登录管理-登录接口', '127.0.0.1', 1, '2023-09-13 10:12:59', '2023-09-13 10:12:59');
INSERT INTO `sys_log` VALUES (786, 5, 'admin', 1, '登录管理-获取登录用户信息', '127.0.0.1', 1, '2023-09-13 10:12:59', '2023-09-13 10:12:59');
INSERT INTO `sys_log` VALUES (787, 5, 'admin', 1, '用户管理-用户分页列表', '127.0.0.1', 1, '2023-09-13 10:13:04', '2023-09-13 10:13:04');
INSERT INTO `sys_log` VALUES (788, 5, 'admin', 1, '角色管理-查询全部角色', '127.0.0.1', 1, '2023-09-13 10:13:04', '2023-09-13 10:13:04');
INSERT INTO `sys_log` VALUES (789, 5, 'admin', 1, '用户管理-用户分页列表', '127.0.0.1', 1, '2023-09-13 10:13:44', '2023-09-13 10:13:44');
INSERT INTO `sys_log` VALUES (790, 5, 'admin', 1, '角色管理-查询全部角色', '127.0.0.1', 1, '2023-09-13 10:13:44', '2023-09-13 10:13:44');
INSERT INTO `sys_log` VALUES (791, 5, 'admin', 1, '用户管理-管理员修改用户密码', '127.0.0.1', 1, '2023-09-13 10:14:35', '2023-09-13 10:14:35');
INSERT INTO `sys_log` VALUES (792, 5, 'admin', 1, '用户管理-管理员修改用户密码', '127.0.0.1', 1, '2023-09-13 10:14:42', '2023-09-13 10:14:42');
INSERT INTO `sys_log` VALUES (793, 5, 'admin', 1, '用户管理-管理员修改用户密码', '127.0.0.1', 1, '2023-09-13 10:14:42', '2023-09-13 10:14:42');
INSERT INTO `sys_log` VALUES (794, 5, 'admin', 1, '用户管理-管理员修改用户密码', '127.0.0.1', 1, '2023-09-13 10:14:42', '2023-09-13 10:14:42');
INSERT INTO `sys_log` VALUES (795, 5, 'admin', 1, '用户管理-管理员修改用户密码', '127.0.0.1', 1, '2023-09-13 10:14:42', '2023-09-13 10:14:42');
INSERT INTO `sys_log` VALUES (796, 5, 'admin', 1, '用户管理-管理员修改用户密码', '127.0.0.1', 1, '2023-09-13 10:14:42', '2023-09-13 10:14:42');
INSERT INTO `sys_log` VALUES (797, 5, 'admin', 1, '用户管理-管理员修改用户密码', '127.0.0.1', 1, '2023-09-13 10:14:46', '2023-09-13 10:14:46');
INSERT INTO `sys_log` VALUES (798, 5, 'admin', 1, '用户管理-管理员修改用户密码', '127.0.0.1', 1, '2023-09-13 10:14:47', '2023-09-13 10:14:47');
INSERT INTO `sys_log` VALUES (799, 5, 'admin', 1, '用户管理-管理员修改用户密码', '127.0.0.1', 1, '2023-09-13 10:14:47', '2023-09-13 10:14:47');
INSERT INTO `sys_log` VALUES (800, 5, 'admin', 1, '用户管理-管理员修改用户密码', '127.0.0.1', 1, '2023-09-13 10:14:48', '2023-09-13 10:14:48');
INSERT INTO `sys_log` VALUES (801, 5, 'admin', 1, '用户管理-管理员修改用户密码', '127.0.0.1', 1, '2023-09-13 10:14:48', '2023-09-13 10:14:48');
INSERT INTO `sys_log` VALUES (802, 5, 'admin', 1, '用户管理-管理员修改用户密码', '127.0.0.1', 1, '2023-09-13 10:14:48', '2023-09-13 10:14:48');
INSERT INTO `sys_log` VALUES (803, 5, 'admin', 1, '用户管理-管理员修改用户密码', '127.0.0.1', 1, '2023-09-13 10:14:58', '2023-09-13 10:14:58');
INSERT INTO `sys_log` VALUES (804, 5, 'admin', 1, '用户管理-用户分页列表', '127.0.0.1', 1, '2023-09-13 10:14:58', '2023-09-13 10:14:58');
INSERT INTO `sys_log` VALUES (805, 5, 'admin', 1, '用户管理-用户分页列表', '127.0.0.1', 1, '2023-09-13 10:15:30', '2023-09-13 10:15:30');
INSERT INTO `sys_log` VALUES (806, 5, 'admin', 1, '角色管理-查询全部角色', '127.0.0.1', 1, '2023-09-13 10:15:30', '2023-09-13 10:15:30');
INSERT INTO `sys_log` VALUES (807, 5, 'admin', 1, '用户管理-用户分页列表', '127.0.0.1', 1, '2023-09-13 10:15:32', '2023-09-13 10:15:32');
INSERT INTO `sys_log` VALUES (808, 5, 'admin', 1, '角色管理-查询全部角色', '127.0.0.1', 1, '2023-09-13 10:15:32', '2023-09-13 10:15:32');
INSERT INTO `sys_log` VALUES (809, 5, 'admin', 1, '用户管理-管理员修改用户密码', '127.0.0.1', 1, '2023-09-13 10:15:36', '2023-09-13 10:15:36');
INSERT INTO `sys_log` VALUES (810, 5, 'admin', 1, '用户管理-管理员修改用户密码', '127.0.0.1', 1, '2023-09-13 10:15:39', '2023-09-13 10:15:39');
INSERT INTO `sys_log` VALUES (811, 5, 'admin', 1, '用户管理-管理员修改用户密码', '127.0.0.1', 1, '2023-09-13 10:18:36', '2023-09-13 10:18:36');
INSERT INTO `sys_log` VALUES (812, 5, 'admin', 1, '用户管理-管理员修改用户密码', '127.0.0.1', 1, '2023-09-13 10:18:41', '2023-09-13 10:18:41');
INSERT INTO `sys_log` VALUES (813, 5, 'admin', 1, '登录管理-退出登录', '127.0.0.1', 1, '2023-09-13 10:18:44', '2023-09-13 10:18:44');
INSERT INTO `sys_log` VALUES (814, NULL, NULL, 1, '登录管理-登录接口', '127.0.0.1', 1, '2023-09-13 10:18:51', '2023-09-13 10:18:51');
INSERT INTO `sys_log` VALUES (815, NULL, NULL, 1, '登录管理-登录接口', '127.0.0.1', 1, '2023-09-13 10:18:54', '2023-09-13 10:18:54');
INSERT INTO `sys_log` VALUES (816, NULL, NULL, 1, '登录管理-登录接口', '127.0.0.1', 1, '2023-09-13 10:18:55', '2023-09-13 10:18:55');
INSERT INTO `sys_log` VALUES (817, NULL, NULL, 1, '登录管理-登录接口', '127.0.0.1', 1, '2023-09-13 10:18:59', '2023-09-13 10:18:59');
INSERT INTO `sys_log` VALUES (818, 5, 'admin', 1, '登录管理-获取登录用户信息', '127.0.0.1', 1, '2023-09-13 10:18:59', '2023-09-13 10:18:59');
INSERT INTO `sys_log` VALUES (819, 5, 'admin', 1, '用户管理-用户分页列表', '127.0.0.1', 1, '2023-09-13 10:18:59', '2023-09-13 10:18:59');
INSERT INTO `sys_log` VALUES (820, 5, 'admin', 1, '角色管理-查询全部角色', '127.0.0.1', 1, '2023-09-13 10:18:59', '2023-09-13 10:18:59');
INSERT INTO `sys_log` VALUES (821, 5, 'admin', 1, '登录管理-退出登录', '127.0.0.1', 1, '2023-09-13 10:19:04', '2023-09-13 10:19:04');
INSERT INTO `sys_log` VALUES (822, NULL, NULL, 1, '登录管理-登录接口', '127.0.0.1', 1, '2023-09-13 10:19:06', '2023-09-13 10:19:06');
INSERT INTO `sys_log` VALUES (823, NULL, NULL, 1, '登录管理-登录接口', '127.0.0.1', 1, '2023-09-13 10:19:07', '2023-09-13 10:19:07');
INSERT INTO `sys_log` VALUES (824, NULL, NULL, 1, '登录管理-登录接口', '127.0.0.1', 1, '2023-09-13 10:19:10', '2023-09-13 10:19:10');
INSERT INTO `sys_log` VALUES (825, 13, 'fanbingbinh', 1, '登录管理-获取登录用户信息', '127.0.0.1', 1, '2023-09-13 10:19:10', '2023-09-13 10:19:10');
INSERT INTO `sys_log` VALUES (826, NULL, NULL, 1, '登录管理-登录接口', '127.0.0.1', 1, '2023-09-13 10:19:11', '2023-09-13 10:19:11');
INSERT INTO `sys_log` VALUES (827, 13, 'fanbingbinh', 1, '登录管理-获取登录用户信息', '127.0.0.1', 1, '2023-09-13 10:19:11', '2023-09-13 10:19:11');
INSERT INTO `sys_log` VALUES (828, NULL, NULL, 1, '登录管理-登录接口', '127.0.0.1', 1, '2023-09-13 10:19:12', '2023-09-13 10:19:12');
INSERT INTO `sys_log` VALUES (829, 13, 'fanbingbinh', 1, '登录管理-获取登录用户信息', '127.0.0.1', 1, '2023-09-13 10:19:12', '2023-09-13 10:19:12');
INSERT INTO `sys_log` VALUES (830, NULL, NULL, 1, '登录管理-登录接口', '127.0.0.1', 1, '2023-09-13 10:19:18', '2023-09-13 10:19:18');
INSERT INTO `sys_log` VALUES (831, NULL, NULL, 1, '登录管理-登录接口', '127.0.0.1', 1, '2023-09-13 10:19:21', '2023-09-13 10:19:21');
INSERT INTO `sys_log` VALUES (832, 5, 'admin', 1, '登录管理-获取登录用户信息', '127.0.0.1', 1, '2023-09-13 10:19:21', '2023-09-13 10:19:21');
INSERT INTO `sys_log` VALUES (833, NULL, NULL, 1, '登录管理-登录接口', '127.0.0.1', 1, '2023-09-13 10:32:00', '2023-09-13 10:32:00');
INSERT INTO `sys_log` VALUES (834, 5, 'admin', 1, '登录管理-获取登录用户信息', '127.0.0.1', 1, '2023-09-13 10:32:00', '2023-09-13 10:32:00');
INSERT INTO `sys_log` VALUES (835, 5, 'admin', 1, '菜单管理-获取顶级菜单列表', '127.0.0.1', 1, '2023-09-13 10:32:03', '2023-09-13 10:32:03');
INSERT INTO `sys_log` VALUES (836, 5, 'admin', 1, '菜单管理-获取顶级菜单列表', '127.0.0.1', 1, '2023-09-13 10:33:44', '2023-09-13 10:33:44');
INSERT INTO `sys_log` VALUES (837, 5, 'admin', 1, '菜单管理-获取顶级菜单列表', '127.0.0.1', 1, '2023-09-13 10:34:15', '2023-09-13 10:34:15');
INSERT INTO `sys_log` VALUES (838, 5, 'admin', 1, '菜单管理-获取顶级菜单列表', '127.0.0.1', 1, '2023-09-13 10:34:37', '2023-09-13 10:34:37');
INSERT INTO `sys_log` VALUES (839, 5, 'admin', 1, '登录管理-获取登录用户信息', '127.0.0.1', 1, '2023-09-13 10:34:42', '2023-09-13 10:34:42');
INSERT INTO `sys_log` VALUES (840, 5, 'admin', 1, '菜单管理-获取顶级菜单列表', '127.0.0.1', 1, '2023-09-13 10:34:42', '2023-09-13 10:34:42');
INSERT INTO `sys_log` VALUES (841, 5, 'admin', 1, '菜单管理-新增菜单', '127.0.0.1', 1, '2023-09-13 10:35:24', '2023-09-13 10:35:24');
INSERT INTO `sys_log` VALUES (842, 5, 'admin', 1, '菜单管理-获取顶级菜单列表', '127.0.0.1', 1, '2023-09-13 10:35:24', '2023-09-13 10:35:24');
INSERT INTO `sys_log` VALUES (843, 5, 'admin', 1, '菜单管理-新增菜单', '127.0.0.1', 1, '2023-09-13 10:35:41', '2023-09-13 10:35:41');
INSERT INTO `sys_log` VALUES (844, 5, 'admin', 1, '菜单管理-获取顶级菜单列表', '127.0.0.1', 1, '2023-09-13 10:35:41', '2023-09-13 10:35:41');
INSERT INTO `sys_log` VALUES (845, 5, 'admin', 1, '菜单管理-获取子级菜单列表', '127.0.0.1', 1, '2023-09-13 10:35:44', '2023-09-13 10:35:44');
INSERT INTO `sys_log` VALUES (846, 5, 'admin', 1, '菜单管理-获取子级菜单列表', '127.0.0.1', 1, '2023-09-13 10:35:44', '2023-09-13 10:35:44');
INSERT INTO `sys_log` VALUES (847, 5, 'admin', 1, '菜单管理-新增菜单', '127.0.0.1', 1, '2023-09-13 10:36:02', '2023-09-13 10:36:02');
INSERT INTO `sys_log` VALUES (848, 5, 'admin', 1, '菜单管理-获取顶级菜单列表', '127.0.0.1', 1, '2023-09-13 10:36:02', '2023-09-13 10:36:02');
INSERT INTO `sys_log` VALUES (849, 5, 'admin', 1, '菜单管理-新增菜单', '127.0.0.1', 1, '2023-09-13 10:36:27', '2023-09-13 10:36:27');
INSERT INTO `sys_log` VALUES (850, 5, 'admin', 1, '菜单管理-获取顶级菜单列表', '127.0.0.1', 1, '2023-09-13 10:36:27', '2023-09-13 10:36:27');
INSERT INTO `sys_log` VALUES (851, 5, 'admin', 1, '菜单管理-获取子级菜单列表', '127.0.0.1', 1, '2023-09-13 10:36:28', '2023-09-13 10:36:28');
INSERT INTO `sys_log` VALUES (852, 5, 'admin', 1, '登录管理-获取登录用户信息', '127.0.0.1', 1, '2023-09-13 10:36:29', '2023-09-13 10:36:29');
INSERT INTO `sys_log` VALUES (853, 5, 'admin', 1, '菜单管理-获取顶级菜单列表', '127.0.0.1', 1, '2023-09-13 10:36:30', '2023-09-13 10:36:30');
INSERT INTO `sys_log` VALUES (854, 5, 'admin', 1, '菜单管理-获取子级菜单列表', '127.0.0.1', 1, '2023-09-13 10:36:36', '2023-09-13 10:36:36');
INSERT INTO `sys_log` VALUES (855, 5, 'admin', 1, '菜单管理-获取子级菜单列表', '127.0.0.1', 1, '2023-09-13 10:36:36', '2023-09-13 10:36:36');
INSERT INTO `sys_log` VALUES (856, 5, 'admin', 1, '登录管理-获取登录用户信息', '127.0.0.1', 1, '2023-09-13 10:39:22', '2023-09-13 10:39:22');
INSERT INTO `sys_log` VALUES (857, 5, 'admin', 1, '菜单管理-获取顶级菜单列表', '127.0.0.1', 1, '2023-09-13 10:39:23', '2023-09-13 10:39:23');
INSERT INTO `sys_log` VALUES (858, 5, 'admin', 1, '菜单管理-获取子级菜单列表', '127.0.0.1', 1, '2023-09-13 10:39:23', '2023-09-13 10:39:23');
INSERT INTO `sys_log` VALUES (859, 5, 'admin', 1, '菜单管理-获取子级菜单列表', '127.0.0.1', 1, '2023-09-13 10:39:24', '2023-09-13 10:39:24');
INSERT INTO `sys_log` VALUES (860, NULL, NULL, 1, '登录管理-登录接口', '127.0.0.1', 1, '2023-09-13 10:49:05', '2023-09-13 10:49:05');
INSERT INTO `sys_log` VALUES (861, 5, 'admin', 1, '登录管理-获取登录用户信息', '127.0.0.1', 1, '2023-09-13 10:49:05', '2023-09-13 10:49:05');
INSERT INTO `sys_log` VALUES (862, 5, 'admin', 1, '菜单管理-获取菜单树', '127.0.0.1', 1, '2023-09-13 10:49:08', '2023-09-13 10:49:08');
INSERT INTO `sys_log` VALUES (863, 5, 'admin', 1, '菜单管理-获取菜单树', '127.0.0.1', 1, '2023-09-13 10:51:21', '2023-09-13 10:51:21');
INSERT INTO `sys_log` VALUES (864, 5, 'admin', 1, '菜单管理-获取菜单树', '127.0.0.1', 1, '2023-09-13 10:51:36', '2023-09-13 10:51:36');
INSERT INTO `sys_log` VALUES (865, 5, 'admin', 1, '登录管理-获取登录用户信息', '127.0.0.1', 1, '2023-09-13 10:51:58', '2023-09-13 10:51:58');
INSERT INTO `sys_log` VALUES (866, 5, 'admin', 1, '菜单管理-获取菜单树', '127.0.0.1', 1, '2023-09-13 10:51:58', '2023-09-13 10:51:58');
INSERT INTO `sys_log` VALUES (867, 5, 'admin', 1, '登录管理-获取登录用户信息', '127.0.0.1', 1, '2023-09-13 10:56:13', '2023-09-13 10:56:13');
INSERT INTO `sys_log` VALUES (868, 5, 'admin', 1, '菜单管理-获取菜单树', '127.0.0.1', 1, '2023-09-13 10:56:13', '2023-09-13 10:56:13');
INSERT INTO `sys_log` VALUES (869, 5, 'admin', 1, '菜单管理-获取菜单树', '127.0.0.1', 1, '2023-09-13 11:00:01', '2023-09-13 11:00:01');
INSERT INTO `sys_log` VALUES (870, 5, 'admin', 1, '登录管理-获取登录用户信息', '127.0.0.1', 1, '2023-09-13 11:03:12', '2023-09-13 11:03:12');
INSERT INTO `sys_log` VALUES (871, 5, 'admin', 1, '菜单管理-获取菜单树', '127.0.0.1', 1, '2023-09-13 11:03:12', '2023-09-13 11:03:12');
INSERT INTO `sys_log` VALUES (872, 5, 'admin', 1, '菜单管理-获取菜单树', '127.0.0.1', 1, '2023-09-13 11:03:22', '2023-09-13 11:03:22');
INSERT INTO `sys_log` VALUES (873, 5, 'admin', 1, '登录管理-获取登录用户信息', '127.0.0.1', 1, '2023-09-13 11:03:28', '2023-09-13 11:03:28');
INSERT INTO `sys_log` VALUES (874, 5, 'admin', 1, '菜单管理-获取菜单树', '127.0.0.1', 1, '2023-09-13 11:03:28', '2023-09-13 11:03:28');
INSERT INTO `sys_log` VALUES (875, 5, 'admin', 1, '登录管理-获取登录用户信息', '127.0.0.1', 1, '2023-09-13 11:06:53', '2023-09-13 11:06:53');
INSERT INTO `sys_log` VALUES (876, 5, 'admin', 1, '菜单管理-获取菜单树', '127.0.0.1', 1, '2023-09-13 11:06:53', '2023-09-13 11:06:53');
INSERT INTO `sys_log` VALUES (877, 5, 'admin', 1, '登录管理-获取登录用户信息', '127.0.0.1', 1, '2023-09-13 11:07:02', '2023-09-13 11:07:02');
INSERT INTO `sys_log` VALUES (878, 5, 'admin', 1, '菜单管理-获取菜单树', '127.0.0.1', 1, '2023-09-13 11:07:03', '2023-09-13 11:07:03');
INSERT INTO `sys_log` VALUES (879, 5, 'admin', 1, '菜单管理-获取菜单树', '127.0.0.1', 1, '2023-09-13 11:07:21', '2023-09-13 11:07:21');
INSERT INTO `sys_log` VALUES (880, 5, 'admin', 1, '菜单管理-获取菜单树', '127.0.0.1', 1, '2023-09-13 11:07:50', '2023-09-13 11:07:50');
INSERT INTO `sys_log` VALUES (881, 5, 'admin', 1, '登录管理-获取登录用户信息', '127.0.0.1', 1, '2023-09-13 11:08:54', '2023-09-13 11:08:54');
INSERT INTO `sys_log` VALUES (882, 5, 'admin', 1, '菜单管理-获取菜单树', '127.0.0.1', 1, '2023-09-13 11:08:54', '2023-09-13 11:08:54');
INSERT INTO `sys_log` VALUES (883, 5, 'admin', 1, '登录管理-获取登录用户信息', '127.0.0.1', 1, '2023-09-13 11:09:41', '2023-09-13 11:09:41');
INSERT INTO `sys_log` VALUES (884, 5, 'admin', 1, '菜单管理-获取菜单树', '127.0.0.1', 1, '2023-09-13 11:09:41', '2023-09-13 11:09:41');
INSERT INTO `sys_log` VALUES (885, 5, 'admin', 1, '菜单管理-获取菜单树', '127.0.0.1', 1, '2023-09-13 11:10:01', '2023-09-13 11:10:01');
INSERT INTO `sys_log` VALUES (886, 5, 'admin', 1, '登录管理-获取登录用户信息', '127.0.0.1', 1, '2023-09-13 11:10:17', '2023-09-13 11:10:17');
INSERT INTO `sys_log` VALUES (887, 5, 'admin', 1, '菜单管理-获取菜单树', '127.0.0.1', 1, '2023-09-13 11:10:17', '2023-09-13 11:10:17');
INSERT INTO `sys_log` VALUES (888, 5, 'admin', 1, '菜单管理-获取菜单树', '127.0.0.1', 1, '2023-09-13 11:14:19', '2023-09-13 11:14:19');
INSERT INTO `sys_log` VALUES (889, 5, 'admin', 1, '菜单管理-获取菜单树', '127.0.0.1', 1, '2023-09-13 11:14:34', '2023-09-13 11:14:34');
INSERT INTO `sys_log` VALUES (890, 5, 'admin', 1, '菜单管理-获取菜单树', '127.0.0.1', 1, '2023-09-13 11:15:15', '2023-09-13 11:15:15');
INSERT INTO `sys_log` VALUES (891, 5, 'admin', 1, '菜单管理-获取菜单树', '127.0.0.1', 1, '2023-09-13 11:16:00', '2023-09-13 11:16:00');
INSERT INTO `sys_log` VALUES (892, NULL, NULL, 1, '登录管理-登录接口', '127.0.0.1', 1, '2023-09-13 13:31:00', '2023-09-13 13:31:00');
INSERT INTO `sys_log` VALUES (893, 5, 'admin', 1, '登录管理-获取登录用户信息', '127.0.0.1', 1, '2023-09-13 13:31:00', '2023-09-13 13:31:00');
INSERT INTO `sys_log` VALUES (894, 5, 'admin', 1, '登录管理-获取登录用户信息', '127.0.0.1', 1, '2023-09-13 13:32:22', '2023-09-13 13:32:22');
INSERT INTO `sys_log` VALUES (895, 5, 'admin', 1, '菜单管理-获取菜单树', '127.0.0.1', 1, '2023-09-13 13:32:59', '2023-09-13 13:32:59');
INSERT INTO `sys_log` VALUES (896, 5, 'admin', 1, '菜单管理-获取菜单树', '127.0.0.1', 1, '2023-09-13 13:33:10', '2023-09-13 13:33:10');
INSERT INTO `sys_log` VALUES (897, 5, 'admin', 1, '菜单管理-获取菜单树', '127.0.0.1', 1, '2023-09-13 13:35:38', '2023-09-13 13:35:38');
INSERT INTO `sys_log` VALUES (898, 5, 'admin', 1, '菜单管理-获取菜单树', '127.0.0.1', 1, '2023-09-13 13:36:56', '2023-09-13 13:36:56');
INSERT INTO `sys_log` VALUES (899, 5, 'admin', 1, '登录管理-获取登录用户信息', '127.0.0.1', 1, '2023-09-13 13:37:11', '2023-09-13 13:37:11');
INSERT INTO `sys_log` VALUES (900, 5, 'admin', 1, '菜单管理-获取菜单树', '127.0.0.1', 1, '2023-09-13 13:37:11', '2023-09-13 13:37:11');
INSERT INTO `sys_log` VALUES (901, 5, 'admin', 1, '菜单管理-新增菜单', '127.0.0.1', 1, '2023-09-13 13:37:22', '2023-09-13 13:37:22');
INSERT INTO `sys_log` VALUES (902, 5, 'admin', 1, '菜单管理-获取菜单树', '127.0.0.1', 1, '2023-09-13 13:37:22', '2023-09-13 13:37:22');
INSERT INTO `sys_log` VALUES (903, 5, 'admin', 1, '登录管理-获取登录用户信息', '127.0.0.1', 1, '2023-09-13 13:37:24', '2023-09-13 13:37:24');
INSERT INTO `sys_log` VALUES (904, 5, 'admin', 1, '菜单管理-获取菜单树', '127.0.0.1', 1, '2023-09-13 13:37:25', '2023-09-13 13:37:25');
INSERT INTO `sys_log` VALUES (905, 5, 'admin', 1, '菜单管理-获取菜单树', '127.0.0.1', 1, '2023-09-13 13:38:42', '2023-09-13 13:38:42');
INSERT INTO `sys_log` VALUES (906, 5, 'admin', 1, '菜单管理-获取菜单树', '127.0.0.1', 1, '2023-09-13 13:38:46', '2023-09-13 13:38:46');
INSERT INTO `sys_log` VALUES (907, 5, 'admin', 1, '菜单管理-获取菜单树', '127.0.0.1', 1, '2023-09-13 13:39:01', '2023-09-13 13:39:01');
INSERT INTO `sys_log` VALUES (908, 5, 'admin', 1, '菜单管理-获取菜单树', '127.0.0.1', 1, '2023-09-13 13:39:17', '2023-09-13 13:39:17');
INSERT INTO `sys_log` VALUES (909, 5, 'admin', 1, '菜单管理-获取菜单树', '127.0.0.1', 1, '2023-09-13 13:39:43', '2023-09-13 13:39:43');
INSERT INTO `sys_log` VALUES (910, 5, 'admin', 1, '菜单管理-获取菜单树', '127.0.0.1', 1, '2023-09-13 13:40:08', '2023-09-13 13:40:08');
INSERT INTO `sys_log` VALUES (911, 5, 'admin', 1, '菜单管理-获取菜单树', '127.0.0.1', 1, '2023-09-13 13:41:01', '2023-09-13 13:41:01');
INSERT INTO `sys_log` VALUES (912, 5, 'admin', 1, '菜单管理-获取菜单树', '127.0.0.1', 1, '2023-09-13 13:41:01', '2023-09-13 13:41:01');
INSERT INTO `sys_log` VALUES (913, 5, 'admin', 1, '菜单管理-获取菜单树', '127.0.0.1', 1, '2023-09-13 13:41:01', '2023-09-13 13:41:01');
INSERT INTO `sys_log` VALUES (914, 5, 'admin', 1, '登录管理-获取登录用户信息', '127.0.0.1', 1, '2023-09-13 13:41:03', '2023-09-13 13:41:03');
INSERT INTO `sys_log` VALUES (915, 5, 'admin', 1, '菜单管理-获取菜单树', '127.0.0.1', 1, '2023-09-13 13:41:03', '2023-09-13 13:41:03');
INSERT INTO `sys_log` VALUES (916, 5, 'admin', 1, '登录管理-获取登录用户信息', '127.0.0.1', 1, '2023-09-13 13:41:10', '2023-09-13 13:41:10');
INSERT INTO `sys_log` VALUES (917, 5, 'admin', 1, '菜单管理-获取菜单树', '127.0.0.1', 1, '2023-09-13 13:41:10', '2023-09-13 13:41:10');
INSERT INTO `sys_log` VALUES (918, 5, 'admin', 1, '菜单管理-获取菜单树', '127.0.0.1', 1, '2023-09-13 13:41:33', '2023-09-13 13:41:33');
INSERT INTO `sys_log` VALUES (919, 5, 'admin', 1, '登录管理-获取登录用户信息', '127.0.0.1', 1, '2023-09-13 13:41:35', '2023-09-13 13:41:35');
INSERT INTO `sys_log` VALUES (920, 5, 'admin', 1, '菜单管理-获取菜单树', '127.0.0.1', 1, '2023-09-13 13:41:35', '2023-09-13 13:41:35');
INSERT INTO `sys_log` VALUES (921, 5, 'admin', 1, '菜单管理-获取菜单树', '127.0.0.1', 1, '2023-09-13 13:42:03', '2023-09-13 13:42:03');
INSERT INTO `sys_log` VALUES (922, 5, 'admin', 1, '菜单管理-获取菜单树', '127.0.0.1', 1, '2023-09-13 13:42:22', '2023-09-13 13:42:22');
INSERT INTO `sys_log` VALUES (923, 5, 'admin', 1, '菜单管理-获取菜单树', '127.0.0.1', 1, '2023-09-13 13:42:38', '2023-09-13 13:42:38');
INSERT INTO `sys_log` VALUES (924, 5, 'admin', 1, '菜单管理-获取菜单树', '127.0.0.1', 1, '2023-09-13 13:43:38', '2023-09-13 13:43:38');
INSERT INTO `sys_log` VALUES (925, 5, 'admin', 1, '菜单管理-获取菜单树', '127.0.0.1', 1, '2023-09-13 13:44:06', '2023-09-13 13:44:06');
INSERT INTO `sys_log` VALUES (926, 5, 'admin', 1, '登录管理-获取登录用户信息', '127.0.0.1', 1, '2023-09-13 13:44:14', '2023-09-13 13:44:14');
INSERT INTO `sys_log` VALUES (927, 5, 'admin', 1, '菜单管理-获取菜单树', '127.0.0.1', 1, '2023-09-13 13:44:14', '2023-09-13 13:44:14');
INSERT INTO `sys_log` VALUES (928, 5, 'admin', 1, '登录管理-获取登录用户信息', '127.0.0.1', 1, '2023-09-13 13:44:20', '2023-09-13 13:44:20');
INSERT INTO `sys_log` VALUES (929, 5, 'admin', 1, '菜单管理-获取菜单树', '127.0.0.1', 1, '2023-09-13 13:44:21', '2023-09-13 13:44:21');
INSERT INTO `sys_log` VALUES (930, 5, 'admin', 1, '登录管理-获取登录用户信息', '127.0.0.1', 1, '2023-09-13 13:44:27', '2023-09-13 13:44:27');
INSERT INTO `sys_log` VALUES (931, 5, 'admin', 1, '菜单管理-获取菜单树', '127.0.0.1', 1, '2023-09-13 13:44:27', '2023-09-13 13:44:27');
INSERT INTO `sys_log` VALUES (932, 5, 'admin', 1, '登录管理-获取登录用户信息', '127.0.0.1', 1, '2023-09-13 13:44:35', '2023-09-13 13:44:35');
INSERT INTO `sys_log` VALUES (933, 5, 'admin', 1, '菜单管理-获取菜单树', '127.0.0.1', 1, '2023-09-13 13:44:35', '2023-09-13 13:44:35');
INSERT INTO `sys_log` VALUES (934, 5, 'admin', 1, '菜单管理-获取菜单树', '127.0.0.1', 1, '2023-09-13 13:45:57', '2023-09-13 13:45:57');
INSERT INTO `sys_log` VALUES (935, NULL, NULL, 1, '登录管理-登录接口', '127.0.0.1', 1, '2023-09-13 13:49:03', '2023-09-13 13:49:03');
INSERT INTO `sys_log` VALUES (936, 5, 'admin', 1, '登录管理-获取登录用户信息', '127.0.0.1', 1, '2023-09-13 13:49:03', '2023-09-13 13:49:03');
INSERT INTO `sys_log` VALUES (937, 5, 'admin', 1, '菜单管理-获取分页菜单树', '127.0.0.1', 1, '2023-09-13 13:49:05', '2023-09-13 13:49:05');
INSERT INTO `sys_log` VALUES (938, 5, 'admin', 1, '菜单管理-获取分页菜单树', '127.0.0.1', 1, '2023-09-13 13:49:17', '2023-09-13 13:49:17');
INSERT INTO `sys_log` VALUES (939, 5, 'admin', 1, '菜单管理-获取分页菜单树', '127.0.0.1', 1, '2023-09-13 13:49:47', '2023-09-13 13:49:47');
INSERT INTO `sys_log` VALUES (940, 5, 'admin', 1, '菜单管理-获取分页菜单树', '127.0.0.1', 1, '2023-09-13 13:50:01', '2023-09-13 13:50:01');
INSERT INTO `sys_log` VALUES (941, 5, 'admin', 1, '菜单管理-获取分页菜单树', '127.0.0.1', 1, '2023-09-13 13:50:27', '2023-09-13 13:50:27');
INSERT INTO `sys_log` VALUES (942, 5, 'admin', 1, '菜单管理-获取分页菜单树', '127.0.0.1', 1, '2023-09-13 13:50:33', '2023-09-13 13:50:33');
INSERT INTO `sys_log` VALUES (943, 5, 'admin', 1, '菜单管理-获取分页菜单树', '127.0.0.1', 1, '2023-09-13 13:50:52', '2023-09-13 13:50:52');
INSERT INTO `sys_log` VALUES (944, 5, 'admin', 1, '菜单管理-获取分页菜单树', '127.0.0.1', 1, '2023-09-13 13:50:53', '2023-09-13 13:50:53');
INSERT INTO `sys_log` VALUES (945, 5, 'admin', 1, '菜单管理-获取分页菜单树', '127.0.0.1', 1, '2023-09-13 13:50:53', '2023-09-13 13:50:53');
INSERT INTO `sys_log` VALUES (946, 5, 'admin', 1, '菜单管理-获取分页菜单树', '127.0.0.1', 1, '2023-09-13 13:50:53', '2023-09-13 13:50:53');
INSERT INTO `sys_log` VALUES (947, 5, 'admin', 1, '菜单管理-获取分页菜单树', '127.0.0.1', 1, '2023-09-13 13:50:53', '2023-09-13 13:50:53');
INSERT INTO `sys_log` VALUES (948, 5, 'admin', 1, '菜单管理-获取分页菜单树', '127.0.0.1', 1, '2023-09-13 13:50:54', '2023-09-13 13:50:54');
INSERT INTO `sys_log` VALUES (949, 5, 'admin', 1, '菜单管理-获取分页菜单树', '127.0.0.1', 1, '2023-09-13 13:50:54', '2023-09-13 13:50:54');
INSERT INTO `sys_log` VALUES (950, 5, 'admin', 1, '菜单管理-获取分页菜单树', '127.0.0.1', 1, '2023-09-13 13:50:54', '2023-09-13 13:50:54');
INSERT INTO `sys_log` VALUES (951, 5, 'admin', 1, '菜单管理-获取分页菜单树', '127.0.0.1', 1, '2023-09-13 13:50:54', '2023-09-13 13:50:54');
INSERT INTO `sys_log` VALUES (952, 5, 'admin', 1, '菜单管理-获取分页菜单树', '127.0.0.1', 1, '2023-09-13 13:50:54', '2023-09-13 13:50:54');
INSERT INTO `sys_log` VALUES (953, 5, 'admin', 1, '菜单管理-获取分页菜单树', '127.0.0.1', 1, '2023-09-13 13:51:23', '2023-09-13 13:51:23');
INSERT INTO `sys_log` VALUES (954, 5, 'admin', 1, '菜单管理-修改菜单', '127.0.0.1', 1, '2023-09-13 13:51:32', '2023-09-13 13:51:32');
INSERT INTO `sys_log` VALUES (955, 5, 'admin', 1, '菜单管理-获取分页菜单树', '127.0.0.1', 1, '2023-09-13 13:51:32', '2023-09-13 13:51:32');
INSERT INTO `sys_log` VALUES (956, 5, 'admin', 1, '菜单管理-修改菜单', '127.0.0.1', 1, '2023-09-13 13:51:35', '2023-09-13 13:51:35');
INSERT INTO `sys_log` VALUES (957, 5, 'admin', 1, '菜单管理-获取分页菜单树', '127.0.0.1', 1, '2023-09-13 13:51:35', '2023-09-13 13:51:35');
INSERT INTO `sys_log` VALUES (958, 5, 'admin', 1, '菜单管理-获取分页菜单树', '127.0.0.1', 1, '2023-09-13 13:52:02', '2023-09-13 13:52:02');
INSERT INTO `sys_log` VALUES (959, 5, 'admin', 1, '菜单管理-获取分页菜单树', '127.0.0.1', 1, '2023-09-13 13:56:01', '2023-09-13 13:56:01');
INSERT INTO `sys_log` VALUES (960, 5, 'admin', 1, '菜单管理-获取分页菜单树', '127.0.0.1', 1, '2023-09-13 13:56:46', '2023-09-13 13:56:46');
INSERT INTO `sys_log` VALUES (961, 5, 'admin', 1, '菜单管理-获取分页菜单树', '127.0.0.1', 1, '2023-09-13 13:57:45', '2023-09-13 13:57:45');
INSERT INTO `sys_log` VALUES (962, 5, 'admin', 1, '菜单管理-获取分页菜单树', '127.0.0.1', 1, '2023-09-13 14:01:47', '2023-09-13 14:01:47');
INSERT INTO `sys_log` VALUES (963, 5, 'admin', 1, '登录管理-获取登录用户信息', '127.0.0.1', 1, '2023-09-13 14:02:49', '2023-09-13 14:02:49');
INSERT INTO `sys_log` VALUES (964, 5, 'admin', 1, '菜单管理-获取分页菜单树', '127.0.0.1', 1, '2023-09-13 14:02:50', '2023-09-13 14:02:50');
INSERT INTO `sys_log` VALUES (965, 5, 'admin', 1, '菜单管理-获取分页菜单树', '127.0.0.1', 1, '2023-09-13 14:03:05', '2023-09-13 14:03:05');
INSERT INTO `sys_log` VALUES (966, 5, 'admin', 1, '菜单管理-获取分页菜单树', '127.0.0.1', 1, '2023-09-13 14:03:50', '2023-09-13 14:03:50');
INSERT INTO `sys_log` VALUES (967, 5, 'admin', 1, '菜单管理-获取菜单树', '127.0.0.1', 1, '2023-09-13 14:03:50', '2023-09-13 14:03:50');
INSERT INTO `sys_log` VALUES (968, 5, 'admin', 1, '菜单管理-获取分页菜单树', '127.0.0.1', 1, '2023-09-13 14:06:06', '2023-09-13 14:06:06');
INSERT INTO `sys_log` VALUES (969, 5, 'admin', 1, '菜单管理-获取菜单树', '127.0.0.1', 1, '2023-09-13 14:06:06', '2023-09-13 14:06:06');
INSERT INTO `sys_log` VALUES (970, 5, 'admin', 1, '菜单管理-获取分页菜单树', '127.0.0.1', 1, '2023-09-13 14:06:39', '2023-09-13 14:06:39');
INSERT INTO `sys_log` VALUES (971, 5, 'admin', 1, '菜单管理-获取菜单树', '127.0.0.1', 1, '2023-09-13 14:06:39', '2023-09-13 14:06:39');
INSERT INTO `sys_log` VALUES (972, 5, 'admin', 1, '菜单管理-获取分页菜单树', '127.0.0.1', 1, '2023-09-13 14:06:44', '2023-09-13 14:06:44');
INSERT INTO `sys_log` VALUES (973, 5, 'admin', 1, '菜单管理-获取菜单树', '127.0.0.1', 1, '2023-09-13 14:06:44', '2023-09-13 14:06:44');
INSERT INTO `sys_log` VALUES (974, 5, 'admin', 1, '菜单管理-获取分页菜单树', '127.0.0.1', 1, '2023-09-13 14:11:50', '2023-09-13 14:11:50');
INSERT INTO `sys_log` VALUES (975, 5, 'admin', 1, '菜单管理-获取菜单树', '127.0.0.1', 1, '2023-09-13 14:11:50', '2023-09-13 14:11:50');
INSERT INTO `sys_log` VALUES (976, 5, 'admin', 1, '菜单管理-获取分页菜单树', '127.0.0.1', 1, '2023-09-13 14:12:02', '2023-09-13 14:12:02');
INSERT INTO `sys_log` VALUES (977, 5, 'admin', 1, '菜单管理-获取菜单树', '127.0.0.1', 1, '2023-09-13 14:12:02', '2023-09-13 14:12:02');
INSERT INTO `sys_log` VALUES (978, 5, 'admin', 1, '菜单管理-获取分页菜单树', '127.0.0.1', 1, '2023-09-13 14:12:58', '2023-09-13 14:12:58');
INSERT INTO `sys_log` VALUES (979, 5, 'admin', 1, '菜单管理-获取菜单树', '127.0.0.1', 1, '2023-09-13 14:12:58', '2023-09-13 14:12:58');
INSERT INTO `sys_log` VALUES (980, 5, 'admin', 1, '菜单管理-获取分页菜单树', '127.0.0.1', 1, '2023-09-13 14:14:01', '2023-09-13 14:14:01');
INSERT INTO `sys_log` VALUES (981, 5, 'admin', 1, '菜单管理-获取菜单树', '127.0.0.1', 1, '2023-09-13 14:14:01', '2023-09-13 14:14:01');
INSERT INTO `sys_log` VALUES (982, 5, 'admin', 1, '菜单管理-获取分页菜单树', '127.0.0.1', 1, '2023-09-13 14:14:03', '2023-09-13 14:14:03');
INSERT INTO `sys_log` VALUES (983, 5, 'admin', 1, '菜单管理-获取菜单树', '127.0.0.1', 1, '2023-09-13 14:14:03', '2023-09-13 14:14:03');
INSERT INTO `sys_log` VALUES (984, 5, 'admin', 1, '登录管理-获取登录用户信息', '127.0.0.1', 1, '2023-09-13 14:14:07', '2023-09-13 14:14:07');
INSERT INTO `sys_log` VALUES (985, 5, 'admin', 1, '菜单管理-获取分页菜单树', '127.0.0.1', 1, '2023-09-13 14:14:07', '2023-09-13 14:14:07');
INSERT INTO `sys_log` VALUES (986, 5, 'admin', 1, '菜单管理-获取菜单树', '127.0.0.1', 1, '2023-09-13 14:14:07', '2023-09-13 14:14:07');
INSERT INTO `sys_log` VALUES (987, 5, 'admin', 1, '菜单管理-获取菜单树', '127.0.0.1', 1, '2023-09-13 14:18:49', '2023-09-13 14:18:49');
INSERT INTO `sys_log` VALUES (988, 5, 'admin', 1, '菜单管理-获取分页菜单树', '127.0.0.1', 1, '2023-09-13 14:18:49', '2023-09-13 14:18:49');
INSERT INTO `sys_log` VALUES (989, 5, 'admin', 1, '菜单管理-获取分页菜单树', '127.0.0.1', 1, '2023-09-13 14:19:02', '2023-09-13 14:19:02');
INSERT INTO `sys_log` VALUES (990, 5, 'admin', 1, '菜单管理-获取菜单树', '127.0.0.1', 1, '2023-09-13 14:19:02', '2023-09-13 14:19:02');
INSERT INTO `sys_log` VALUES (991, NULL, NULL, 1, '登录管理-登录接口', '127.0.0.1', 1, '2023-09-13 14:19:21', '2023-09-13 14:19:21');
INSERT INTO `sys_log` VALUES (992, 5, 'admin', 1, '登录管理-获取登录用户信息', '127.0.0.1', 1, '2023-09-13 14:19:21', '2023-09-13 14:19:21');
INSERT INTO `sys_log` VALUES (993, 5, 'admin', 1, '菜单管理-获取分页菜单树', '127.0.0.1', 1, '2023-09-13 14:19:21', '2023-09-13 14:19:21');
INSERT INTO `sys_log` VALUES (994, 5, 'admin', 1, '菜单管理-获取菜单树', '127.0.0.1', 1, '2023-09-13 14:19:21', '2023-09-13 14:19:21');
INSERT INTO `sys_log` VALUES (995, 5, 'admin', 1, '菜单管理-获取分页菜单树', '127.0.0.1', 1, '2023-09-13 14:22:16', '2023-09-13 14:22:16');
INSERT INTO `sys_log` VALUES (996, 5, 'admin', 1, '菜单管理-获取菜单树', '127.0.0.1', 1, '2023-09-13 14:22:16', '2023-09-13 14:22:16');
INSERT INTO `sys_log` VALUES (997, 5, 'admin', 1, '菜单管理-获取分页菜单树', '127.0.0.1', 1, '2023-09-13 14:22:36', '2023-09-13 14:22:36');
INSERT INTO `sys_log` VALUES (998, 5, 'admin', 1, '菜单管理-获取菜单树', '127.0.0.1', 1, '2023-09-13 14:22:36', '2023-09-13 14:22:36');
INSERT INTO `sys_log` VALUES (999, 5, 'admin', 1, '菜单管理-获取分页菜单树', '127.0.0.1', 1, '2023-09-13 14:24:11', '2023-09-13 14:24:11');
INSERT INTO `sys_log` VALUES (1000, 5, 'admin', 1, '菜单管理-获取菜单树', '127.0.0.1', 1, '2023-09-13 14:24:11', '2023-09-13 14:24:11');
INSERT INTO `sys_log` VALUES (1001, 5, 'admin', 1, '菜单管理-获取分页菜单树', '127.0.0.1', 1, '2023-09-13 14:24:24', '2023-09-13 14:24:24');
INSERT INTO `sys_log` VALUES (1002, 5, 'admin', 1, '菜单管理-获取菜单树', '127.0.0.1', 1, '2023-09-13 14:24:24', '2023-09-13 14:24:24');
INSERT INTO `sys_log` VALUES (1003, 5, 'admin', 1, '菜单管理-新增菜单', '127.0.0.1', 1, '2023-09-13 14:27:25', '2023-09-13 14:27:25');
INSERT INTO `sys_log` VALUES (1004, 5, 'admin', 1, '菜单管理-获取分页菜单树', '127.0.0.1', 1, '2023-09-13 14:27:25', '2023-09-13 14:27:25');
INSERT INTO `sys_log` VALUES (1005, 5, 'admin', 1, '菜单管理-获取分页菜单树', '127.0.0.1', 1, '2023-09-13 14:27:27', '2023-09-13 14:27:27');
INSERT INTO `sys_log` VALUES (1006, 5, 'admin', 1, '菜单管理-新增菜单', '127.0.0.1', 1, '2023-09-13 14:27:36', '2023-09-13 14:27:36');
INSERT INTO `sys_log` VALUES (1007, 5, 'admin', 1, '菜单管理-获取分页菜单树', '127.0.0.1', 1, '2023-09-13 14:27:36', '2023-09-13 14:27:36');
INSERT INTO `sys_log` VALUES (1008, 5, 'admin', 1, '菜单管理-新增菜单', '127.0.0.1', 1, '2023-09-13 14:27:45', '2023-09-13 14:27:45');
INSERT INTO `sys_log` VALUES (1009, 5, 'admin', 1, '菜单管理-获取分页菜单树', '127.0.0.1', 1, '2023-09-13 14:27:45', '2023-09-13 14:27:45');
INSERT INTO `sys_log` VALUES (1010, 5, 'admin', 1, '菜单管理-获取分页菜单树', '127.0.0.1', 1, '2023-09-13 14:28:03', '2023-09-13 14:28:03');
INSERT INTO `sys_log` VALUES (1011, 5, 'admin', 1, '菜单管理-获取菜单树', '127.0.0.1', 1, '2023-09-13 14:28:03', '2023-09-13 14:28:03');
INSERT INTO `sys_log` VALUES (1012, NULL, NULL, 1, '登录管理-登录接口', '127.0.0.1', 1, '2023-09-13 14:32:34', '2023-09-13 14:32:34');
INSERT INTO `sys_log` VALUES (1013, 5, 'admin', 1, '登录管理-获取登录用户信息', '127.0.0.1', 1, '2023-09-13 14:32:35', '2023-09-13 14:32:35');
INSERT INTO `sys_log` VALUES (1014, 5, 'admin', 1, '菜单管理-获取分页菜单树', '127.0.0.1', 1, '2023-09-13 14:32:37', '2023-09-13 14:32:37');
INSERT INTO `sys_log` VALUES (1015, 5, 'admin', 1, '菜单管理-获取菜单树', '127.0.0.1', 1, '2023-09-13 14:32:37', '2023-09-13 14:32:37');
INSERT INTO `sys_log` VALUES (1016, 5, 'admin', 1, '菜单管理-删除单个菜单', '127.0.0.1', 1, '2023-09-13 14:32:40', '2023-09-13 14:32:40');
INSERT INTO `sys_log` VALUES (1017, 5, 'admin', 1, '菜单管理-获取分页菜单树', '127.0.0.1', 1, '2023-09-13 14:32:40', '2023-09-13 14:32:40');
INSERT INTO `sys_log` VALUES (1018, 5, 'admin', 1, '菜单管理-删除单个菜单', '127.0.0.1', 1, '2023-09-13 14:32:42', '2023-09-13 14:32:42');
INSERT INTO `sys_log` VALUES (1019, 5, 'admin', 1, '菜单管理-获取分页菜单树', '127.0.0.1', 1, '2023-09-13 14:32:42', '2023-09-13 14:32:42');
INSERT INTO `sys_log` VALUES (1020, 5, 'admin', 1, '菜单管理-删除单个菜单', '127.0.0.1', 1, '2023-09-13 14:32:46', '2023-09-13 14:32:46');
INSERT INTO `sys_log` VALUES (1021, 5, 'admin', 1, '菜单管理-获取分页菜单树', '127.0.0.1', 1, '2023-09-13 14:32:46', '2023-09-13 14:32:46');
INSERT INTO `sys_log` VALUES (1022, 5, 'admin', 1, '菜单管理-新增菜单', '127.0.0.1', 1, '2023-09-13 14:33:20', '2023-09-13 14:33:20');
INSERT INTO `sys_log` VALUES (1023, 5, 'admin', 1, '菜单管理-获取分页菜单树', '127.0.0.1', 1, '2023-09-13 14:33:20', '2023-09-13 14:33:20');
INSERT INTO `sys_log` VALUES (1024, 5, 'admin', 1, '菜单管理-新增菜单', '127.0.0.1', 1, '2023-09-13 14:33:32', '2023-09-13 14:33:32');
INSERT INTO `sys_log` VALUES (1025, 5, 'admin', 1, '菜单管理-获取分页菜单树', '127.0.0.1', 1, '2023-09-13 14:33:32', '2023-09-13 14:33:32');
INSERT INTO `sys_log` VALUES (1026, 5, 'admin', 1, '菜单管理-删除单个菜单', '127.0.0.1', 1, '2023-09-13 14:33:34', '2023-09-13 14:33:34');
INSERT INTO `sys_log` VALUES (1027, 5, 'admin', 1, '菜单管理-获取分页菜单树', '127.0.0.1', 1, '2023-09-13 14:33:34', '2023-09-13 14:33:34');
INSERT INTO `sys_log` VALUES (1028, 5, 'admin', 1, '菜单管理-删除单个菜单', '127.0.0.1', 1, '2023-09-13 14:33:37', '2023-09-13 14:33:37');
INSERT INTO `sys_log` VALUES (1029, 5, 'admin', 1, '菜单管理-获取分页菜单树', '127.0.0.1', 1, '2023-09-13 14:33:37', '2023-09-13 14:33:37');
INSERT INTO `sys_log` VALUES (1030, 5, 'admin', 1, '登录管理-获取登录用户信息', '127.0.0.1', 1, '2023-09-13 14:33:49', '2023-09-13 14:33:49');
INSERT INTO `sys_log` VALUES (1031, 5, 'admin', 1, '菜单管理-获取分页菜单树', '127.0.0.1', 1, '2023-09-13 14:33:50', '2023-09-13 14:33:50');
INSERT INTO `sys_log` VALUES (1032, 5, 'admin', 1, '菜单管理-获取菜单树', '127.0.0.1', 1, '2023-09-13 14:33:50', '2023-09-13 14:33:50');
INSERT INTO `sys_log` VALUES (1033, 5, 'admin', 1, '菜单管理-新增菜单', '127.0.0.1', 1, '2023-09-13 14:34:08', '2023-09-13 14:34:08');
INSERT INTO `sys_log` VALUES (1034, 5, 'admin', 1, '菜单管理-获取分页菜单树', '127.0.0.1', 1, '2023-09-13 14:34:08', '2023-09-13 14:34:08');
INSERT INTO `sys_log` VALUES (1035, 5, 'admin', 1, '菜单管理-新增菜单', '127.0.0.1', 1, '2023-09-13 14:34:26', '2023-09-13 14:34:26');
INSERT INTO `sys_log` VALUES (1036, 5, 'admin', 1, '菜单管理-获取分页菜单树', '127.0.0.1', 1, '2023-09-13 14:34:26', '2023-09-13 14:34:26');
INSERT INTO `sys_log` VALUES (1037, 5, 'admin', 1, '菜单管理-新增菜单', '127.0.0.1', 1, '2023-09-13 14:34:48', '2023-09-13 14:34:48');
INSERT INTO `sys_log` VALUES (1038, 5, 'admin', 1, '菜单管理-获取分页菜单树', '127.0.0.1', 1, '2023-09-13 14:34:48', '2023-09-13 14:34:48');
INSERT INTO `sys_log` VALUES (1039, 5, 'admin', 1, '菜单管理-删除单个菜单', '127.0.0.1', 1, '2023-09-13 14:34:51', '2023-09-13 14:34:51');
INSERT INTO `sys_log` VALUES (1040, 5, 'admin', 1, '菜单管理-获取分页菜单树', '127.0.0.1', 1, '2023-09-13 14:34:52', '2023-09-13 14:34:52');
INSERT INTO `sys_log` VALUES (1041, 5, 'admin', 1, '菜单管理-删除单个菜单', '127.0.0.1', 1, '2023-09-13 14:34:56', '2023-09-13 14:34:56');
INSERT INTO `sys_log` VALUES (1042, 5, 'admin', 1, '菜单管理-获取分页菜单树', '127.0.0.1', 1, '2023-09-13 14:34:56', '2023-09-13 14:34:56');
INSERT INTO `sys_log` VALUES (1043, 5, 'admin', 1, '菜单管理-获取分页菜单树', '127.0.0.1', 1, '2023-09-13 14:35:05', '2023-09-13 14:35:05');
INSERT INTO `sys_log` VALUES (1044, NULL, NULL, 1, '登录管理-登录接口', '127.0.0.1', 1, '2023-09-13 14:36:54', '2023-09-13 14:36:54');
INSERT INTO `sys_log` VALUES (1045, 5, 'admin', 1, '登录管理-获取登录用户信息', '127.0.0.1', 1, '2023-09-13 14:36:54', '2023-09-13 14:36:54');
INSERT INTO `sys_log` VALUES (1046, 5, 'admin', 1, '菜单管理-获取分页菜单树', '127.0.0.1', 1, '2023-09-13 14:36:56', '2023-09-13 14:36:56');
INSERT INTO `sys_log` VALUES (1047, 5, 'admin', 1, '菜单管理-删除单个菜单', '127.0.0.1', 1, '2023-09-13 14:37:04', '2023-09-13 14:37:04');
INSERT INTO `sys_log` VALUES (1048, 5, 'admin', 1, '菜单管理-获取分页菜单树', '127.0.0.1', 1, '2023-09-13 14:37:04', '2023-09-13 14:37:04');
INSERT INTO `sys_log` VALUES (1049, 5, 'admin', 1, '菜单管理-获取菜单树', '127.0.0.1', 1, '2023-09-13 14:37:07', '2023-09-13 14:37:07');
INSERT INTO `sys_log` VALUES (1050, 5, 'admin', 1, '菜单管理-获取菜单树', '127.0.0.1', 1, '2023-09-13 14:37:11', '2023-09-13 14:37:11');
INSERT INTO `sys_log` VALUES (1051, 5, 'admin', 1, '菜单管理-新增菜单', '127.0.0.1', 1, '2023-09-13 14:37:23', '2023-09-13 14:37:23');
INSERT INTO `sys_log` VALUES (1052, 5, 'admin', 1, '菜单管理-获取分页菜单树', '127.0.0.1', 1, '2023-09-13 14:37:23', '2023-09-13 14:37:23');
INSERT INTO `sys_log` VALUES (1053, 5, 'admin', 1, '菜单管理-获取分页菜单树', '127.0.0.1', 1, '2023-09-13 14:38:31', '2023-09-13 14:38:31');
INSERT INTO `sys_log` VALUES (1054, 5, 'admin', 1, '菜单管理-获取分页菜单树', '127.0.0.1', 1, '2023-09-13 14:39:59', '2023-09-13 14:39:59');
INSERT INTO `sys_log` VALUES (1055, 5, 'admin', 1, '登录管理-获取登录用户信息', '127.0.0.1', 1, '2023-09-13 14:40:11', '2023-09-13 14:40:11');
INSERT INTO `sys_log` VALUES (1056, 5, 'admin', 1, '菜单管理-获取分页菜单树', '127.0.0.1', 1, '2023-09-13 14:40:11', '2023-09-13 14:40:11');
INSERT INTO `sys_log` VALUES (1057, 5, 'admin', 1, '菜单管理-获取分页菜单树', '127.0.0.1', 1, '2023-09-13 14:40:20', '2023-09-13 14:40:20');
INSERT INTO `sys_log` VALUES (1058, 5, 'admin', 1, '菜单管理-获取分页菜单树', '127.0.0.1', 1, '2023-09-13 14:45:34', '2023-09-13 14:45:34');
INSERT INTO `sys_log` VALUES (1059, 5, 'admin', 1, '登录管理-获取登录用户信息', '127.0.0.1', 1, '2023-09-13 14:47:35', '2023-09-13 14:47:35');
INSERT INTO `sys_log` VALUES (1060, 5, 'admin', 1, '菜单管理-获取分页菜单树', '127.0.0.1', 1, '2023-09-13 14:47:36', '2023-09-13 14:47:36');
INSERT INTO `sys_log` VALUES (1061, 5, 'admin', 1, '菜单管理-获取分页菜单树', '127.0.0.1', 1, '2023-09-13 14:47:52', '2023-09-13 14:47:52');
INSERT INTO `sys_log` VALUES (1062, 5, 'admin', 1, '菜单管理-获取分页菜单树', '127.0.0.1', 1, '2023-09-13 14:48:03', '2023-09-13 14:48:03');
INSERT INTO `sys_log` VALUES (1063, 5, 'admin', 1, '菜单管理-获取分页菜单树', '127.0.0.1', 1, '2023-09-13 14:48:46', '2023-09-13 14:48:46');
INSERT INTO `sys_log` VALUES (1064, 5, 'admin', 1, '菜单管理-获取分页菜单树', '127.0.0.1', 1, '2023-09-13 14:49:13', '2023-09-13 14:49:13');
INSERT INTO `sys_log` VALUES (1065, 5, 'admin', 1, '菜单管理-获取分页菜单树', '127.0.0.1', 1, '2023-09-13 14:49:29', '2023-09-13 14:49:29');
INSERT INTO `sys_log` VALUES (1066, 5, 'admin', 1, '菜单管理-获取分页菜单树', '127.0.0.1', 1, '2023-09-13 14:49:30', '2023-09-13 14:49:30');
INSERT INTO `sys_log` VALUES (1067, 5, 'admin', 1, '登录管理-获取登录用户信息', '127.0.0.1', 1, '2023-09-13 14:49:49', '2023-09-13 14:49:49');
INSERT INTO `sys_log` VALUES (1068, 5, 'admin', 1, '菜单管理-获取分页菜单树', '127.0.0.1', 1, '2023-09-13 14:49:49', '2023-09-13 14:49:49');
INSERT INTO `sys_log` VALUES (1069, 5, 'admin', 1, '菜单管理-获取分页菜单树', '127.0.0.1', 1, '2023-09-13 14:51:19', '2023-09-13 14:51:19');
INSERT INTO `sys_log` VALUES (1070, 5, 'admin', 1, '菜单管理-获取分页菜单树', '127.0.0.1', 1, '2023-09-13 14:51:37', '2023-09-13 14:51:37');
INSERT INTO `sys_log` VALUES (1071, 5, 'admin', 1, '菜单管理-获取分页菜单树', '127.0.0.1', 1, '2023-09-13 14:52:24', '2023-09-13 14:52:24');
INSERT INTO `sys_log` VALUES (1072, 5, 'admin', 1, '登录管理-获取登录用户信息', '127.0.0.1', 1, '2023-09-13 14:55:25', '2023-09-13 14:55:25');
INSERT INTO `sys_log` VALUES (1073, 5, 'admin', 1, '菜单管理-获取分页菜单树', '127.0.0.1', 1, '2023-09-13 14:55:25', '2023-09-13 14:55:25');
INSERT INTO `sys_log` VALUES (1074, 5, 'admin', 1, '菜单管理-获取菜单树', '127.0.0.1', 1, '2023-09-13 14:55:38', '2023-09-13 14:55:38');
INSERT INTO `sys_log` VALUES (1075, 5, 'admin', 1, '菜单管理-获取菜单树', '127.0.0.1', 1, '2023-09-13 14:55:39', '2023-09-13 14:55:39');
INSERT INTO `sys_log` VALUES (1076, 5, 'admin', 1, '菜单管理-获取菜单树', '127.0.0.1', 1, '2023-09-13 14:55:40', '2023-09-13 14:55:40');
INSERT INTO `sys_log` VALUES (1077, 5, 'admin', 1, '菜单管理-获取菜单树', '127.0.0.1', 1, '2023-09-13 14:55:43', '2023-09-13 14:55:43');
INSERT INTO `sys_log` VALUES (1078, 5, 'admin', 1, '菜单管理-获取菜单树', '127.0.0.1', 1, '2023-09-13 14:55:44', '2023-09-13 14:55:44');
INSERT INTO `sys_log` VALUES (1079, 5, 'admin', 1, '菜单管理-获取菜单树', '127.0.0.1', 1, '2023-09-13 14:55:45', '2023-09-13 14:55:45');
INSERT INTO `sys_log` VALUES (1080, 5, 'admin', 1, '菜单管理-获取菜单树', '127.0.0.1', 1, '2023-09-13 14:55:49', '2023-09-13 14:55:49');
INSERT INTO `sys_log` VALUES (1081, 5, 'admin', 1, '菜单管理-获取分页菜单树', '127.0.0.1', 1, '2023-09-13 14:57:36', '2023-09-13 14:57:36');
INSERT INTO `sys_log` VALUES (1082, 5, 'admin', 1, '菜单管理-获取分页菜单树', '127.0.0.1', 1, '2023-09-13 14:57:44', '2023-09-13 14:57:44');
INSERT INTO `sys_log` VALUES (1083, 5, 'admin', 1, '菜单管理-获取菜单树', '127.0.0.1', 1, '2023-09-13 14:57:47', '2023-09-13 14:57:47');
INSERT INTO `sys_log` VALUES (1084, 5, 'admin', 1, '菜单管理-获取菜单树', '127.0.0.1', 1, '2023-09-13 14:57:48', '2023-09-13 14:57:48');
INSERT INTO `sys_log` VALUES (1085, 5, 'admin', 1, '菜单管理-获取分页菜单树', '127.0.0.1', 1, '2023-09-13 14:58:23', '2023-09-13 14:58:23');
INSERT INTO `sys_log` VALUES (1086, 5, 'admin', 1, '菜单管理-获取分页菜单树', '127.0.0.1', 1, '2023-09-13 14:58:42', '2023-09-13 14:58:42');
INSERT INTO `sys_log` VALUES (1087, 5, 'admin', 1, '菜单管理-获取菜单树', '127.0.0.1', 1, '2023-09-13 14:58:43', '2023-09-13 14:58:43');
INSERT INTO `sys_log` VALUES (1088, 5, 'admin', 1, '菜单管理-获取菜单树', '127.0.0.1', 1, '2023-09-13 14:58:44', '2023-09-13 14:58:44');
INSERT INTO `sys_log` VALUES (1089, 5, 'admin', 1, '菜单管理-获取菜单树', '127.0.0.1', 1, '2023-09-13 14:58:47', '2023-09-13 14:58:47');
INSERT INTO `sys_log` VALUES (1090, 5, 'admin', 1, '菜单管理-获取菜单树', '127.0.0.1', 1, '2023-09-13 14:58:48', '2023-09-13 14:58:48');
INSERT INTO `sys_log` VALUES (1091, 5, 'admin', 1, '菜单管理-获取菜单树', '127.0.0.1', 1, '2023-09-13 14:58:51', '2023-09-13 14:58:51');
INSERT INTO `sys_log` VALUES (1092, 5, 'admin', 1, '菜单管理-获取菜单树', '127.0.0.1', 1, '2023-09-13 14:58:53', '2023-09-13 14:58:53');
INSERT INTO `sys_log` VALUES (1093, 5, 'admin', 1, '菜单管理-获取菜单树', '127.0.0.1', 1, '2023-09-13 14:58:55', '2023-09-13 14:58:55');
INSERT INTO `sys_log` VALUES (1094, 5, 'admin', 1, '菜单管理-获取菜单树', '127.0.0.1', 1, '2023-09-13 14:59:07', '2023-09-13 14:59:07');
INSERT INTO `sys_log` VALUES (1095, 5, 'admin', 1, '菜单管理-获取菜单树', '127.0.0.1', 1, '2023-09-13 14:59:09', '2023-09-13 14:59:09');
INSERT INTO `sys_log` VALUES (1096, 5, 'admin', 1, '菜单管理-获取分页菜单树', '127.0.0.1', 1, '2023-09-13 14:59:29', '2023-09-13 14:59:29');
INSERT INTO `sys_log` VALUES (1097, 5, 'admin', 1, '菜单管理-获取菜单树', '127.0.0.1', 1, '2023-09-13 14:59:37', '2023-09-13 14:59:37');
INSERT INTO `sys_log` VALUES (1098, 5, 'admin', 1, '菜单管理-获取菜单树', '127.0.0.1', 1, '2023-09-13 14:59:53', '2023-09-13 14:59:53');
INSERT INTO `sys_log` VALUES (1099, 5, 'admin', 1, '菜单管理-获取菜单树', '127.0.0.1', 1, '2023-09-13 15:00:00', '2023-09-13 15:00:00');
INSERT INTO `sys_log` VALUES (1100, 5, 'admin', 1, '菜单管理-获取菜单树', '127.0.0.1', 1, '2023-09-13 15:00:41', '2023-09-13 15:00:41');
INSERT INTO `sys_log` VALUES (1101, 5, 'admin', 1, '菜单管理-获取菜单树', '127.0.0.1', 1, '2023-09-13 15:01:06', '2023-09-13 15:01:06');
INSERT INTO `sys_log` VALUES (1102, 5, 'admin', 1, '菜单管理-获取菜单树', '127.0.0.1', 1, '2023-09-13 15:01:24', '2023-09-13 15:01:24');
INSERT INTO `sys_log` VALUES (1103, 5, 'admin', 1, '菜单管理-获取菜单树', '127.0.0.1', 1, '2023-09-13 15:01:29', '2023-09-13 15:01:29');
INSERT INTO `sys_log` VALUES (1104, 5, 'admin', 1, '菜单管理-获取菜单树', '127.0.0.1', 1, '2023-09-13 15:01:30', '2023-09-13 15:01:30');
INSERT INTO `sys_log` VALUES (1105, 5, 'admin', 1, '菜单管理-获取菜单树', '127.0.0.1', 1, '2023-09-13 15:01:31', '2023-09-13 15:01:31');
INSERT INTO `sys_log` VALUES (1106, 5, 'admin', 1, '菜单管理-获取菜单树', '127.0.0.1', 1, '2023-09-13 15:01:33', '2023-09-13 15:01:33');
INSERT INTO `sys_log` VALUES (1107, 5, 'admin', 1, '菜单管理-获取菜单树', '127.0.0.1', 1, '2023-09-13 15:01:34', '2023-09-13 15:01:34');
INSERT INTO `sys_log` VALUES (1108, 5, 'admin', 1, '菜单管理-获取分页菜单树', '127.0.0.1', 1, '2023-09-13 15:01:52', '2023-09-13 15:01:52');
INSERT INTO `sys_log` VALUES (1109, 5, 'admin', 1, '菜单管理-获取分页菜单树', '127.0.0.1', 1, '2023-09-13 15:02:17', '2023-09-13 15:02:17');
INSERT INTO `sys_log` VALUES (1110, 5, 'admin', 1, '登录管理-获取登录用户信息', '127.0.0.1', 1, '2023-09-13 15:03:04', '2023-09-13 15:03:04');
INSERT INTO `sys_log` VALUES (1111, 5, 'admin', 1, '菜单管理-获取分页菜单树', '127.0.0.1', 1, '2023-09-13 15:03:04', '2023-09-13 15:03:04');
INSERT INTO `sys_log` VALUES (1112, 5, 'admin', 1, '菜单管理-获取菜单树', '127.0.0.1', 1, '2023-09-13 15:03:08', '2023-09-13 15:03:08');
INSERT INTO `sys_log` VALUES (1113, 5, 'admin', 1, '菜单管理-修改菜单', '127.0.0.1', 1, '2023-09-13 15:03:12', '2023-09-13 15:03:12');
INSERT INTO `sys_log` VALUES (1114, 5, 'admin', 1, '菜单管理-获取分页菜单树', '127.0.0.1', 1, '2023-09-13 15:03:12', '2023-09-13 15:03:12');
INSERT INTO `sys_log` VALUES (1115, 5, 'admin', 1, '菜单管理-获取菜单树', '127.0.0.1', 1, '2023-09-13 15:03:16', '2023-09-13 15:03:16');
INSERT INTO `sys_log` VALUES (1116, 5, 'admin', 1, '菜单管理-修改菜单', '127.0.0.1', 1, '2023-09-13 15:03:23', '2023-09-13 15:03:23');
INSERT INTO `sys_log` VALUES (1117, 5, 'admin', 1, '菜单管理-获取分页菜单树', '127.0.0.1', 1, '2023-09-13 15:03:23', '2023-09-13 15:03:23');
INSERT INTO `sys_log` VALUES (1118, NULL, NULL, 1, '登录管理-登录接口', '127.0.0.1', 1, '2023-09-13 15:08:04', '2023-09-13 15:08:04');
INSERT INTO `sys_log` VALUES (1119, 5, 'admin', 1, '登录管理-获取登录用户信息', '127.0.0.1', 1, '2023-09-13 15:08:04', '2023-09-13 15:08:04');
INSERT INTO `sys_log` VALUES (1120, 5, 'admin', 1, '菜单管理-获取分页菜单树', '127.0.0.1', 1, '2023-09-13 15:08:04', '2023-09-13 15:08:04');
INSERT INTO `sys_log` VALUES (1121, 5, 'admin', 1, '登录管理-获取登录用户信息', '127.0.0.1', 1, '2023-09-13 15:15:49', '2023-09-13 15:15:49');
INSERT INTO `sys_log` VALUES (1122, 5, 'admin', 1, '菜单管理-获取分页菜单树', '127.0.0.1', 1, '2023-09-13 15:15:49', '2023-09-13 15:15:49');
INSERT INTO `sys_log` VALUES (1123, 5, 'admin', 1, '菜单管理-获取分页菜单树', '127.0.0.1', 1, '2023-09-13 15:23:04', '2023-09-13 15:23:04');
INSERT INTO `sys_log` VALUES (1124, 5, 'admin', 1, '菜单管理-获取菜单树', '127.0.0.1', 1, '2023-09-13 15:23:30', '2023-09-13 15:23:30');
INSERT INTO `sys_log` VALUES (1125, 5, 'admin', 1, '菜单管理-获取分页菜单树', '127.0.0.1', 1, '2023-09-13 15:23:39', '2023-09-13 15:23:39');
INSERT INTO `sys_log` VALUES (1126, 5, 'admin', 1, '菜单管理-获取分页菜单树', '127.0.0.1', 1, '2023-09-13 15:23:48', '2023-09-13 15:23:48');
INSERT INTO `sys_log` VALUES (1127, NULL, NULL, 1, '登录管理-登录接口', '127.0.0.1', 1, '2023-09-13 15:40:08', '2023-09-13 15:40:08');
INSERT INTO `sys_log` VALUES (1128, 5, 'admin', 1, '登录管理-获取登录用户信息', '127.0.0.1', 1, '2023-09-13 15:46:53', '2023-09-13 15:46:53');
INSERT INTO `sys_log` VALUES (1129, 5, 'admin', 1, '登录管理-获取登录用户信息', '127.0.0.1', 1, '2023-09-13 15:47:00', '2023-09-13 15:47:00');
INSERT INTO `sys_log` VALUES (1130, 5, 'admin', 1, '登录管理-获取登录用户信息', '127.0.0.1', 1, '2023-09-13 15:47:07', '2023-09-13 15:47:07');
INSERT INTO `sys_log` VALUES (1131, 5, 'admin', 1, '登录管理-获取登录用户信息', '127.0.0.1', 1, '2023-09-13 15:49:01', '2023-09-13 15:49:01');
INSERT INTO `sys_log` VALUES (1132, 5, 'admin', 1, '登录管理-获取登录用户信息', '127.0.0.1', 1, '2023-09-13 15:55:22', '2023-09-13 15:55:22');
INSERT INTO `sys_log` VALUES (1133, 5, 'admin', 1, '登录管理-获取登录用户信息', '127.0.0.1', 1, '2023-09-13 15:55:49', '2023-09-13 15:55:49');
INSERT INTO `sys_log` VALUES (1134, 5, 'admin', 1, '登录管理-获取登录用户信息', '127.0.0.1', 1, '2023-09-13 15:57:32', '2023-09-13 15:57:32');
INSERT INTO `sys_log` VALUES (1135, 5, 'admin', 1, '登录管理-获取登录用户信息', '127.0.0.1', 1, '2023-09-13 15:58:29', '2023-09-13 15:58:29');
INSERT INTO `sys_log` VALUES (1136, 5, 'admin', 1, '登录管理-获取登录用户信息', '127.0.0.1', 1, '2023-09-13 16:00:00', '2023-09-13 16:00:00');
INSERT INTO `sys_log` VALUES (1137, 5, 'admin', 1, '菜单管理-查询全部菜单', '127.0.0.1', 1, '2023-09-13 16:01:37', '2023-09-13 16:01:37');
INSERT INTO `sys_log` VALUES (1138, 5, 'admin', 1, '角色管理-角色分页列表', '127.0.0.1', 1, '2023-09-13 16:01:37', '2023-09-13 16:01:37');
INSERT INTO `sys_log` VALUES (1139, 5, 'admin', 1, '登录管理-获取登录用户信息', '127.0.0.1', 1, '2023-09-13 16:08:02', '2023-09-13 16:08:02');
INSERT INTO `sys_log` VALUES (1140, 5, 'admin', 1, '登录管理-获取登录用户信息', '127.0.0.1', 1, '2023-09-13 16:09:07', '2023-09-13 16:09:07');
INSERT INTO `sys_log` VALUES (1141, 5, 'admin', 1, '登录管理-获取登录用户信息', '127.0.0.1', 1, '2023-09-13 16:09:11', '2023-09-13 16:09:11');
INSERT INTO `sys_log` VALUES (1142, NULL, NULL, 1, '登录管理-登录接口', '127.0.0.1', 1, '2023-09-13 16:12:52', '2023-09-13 16:12:52');
INSERT INTO `sys_log` VALUES (1143, 5, 'admin', 1, '登录管理-获取登录用户信息', '127.0.0.1', 1, '2023-09-13 16:12:52', '2023-09-13 16:12:52');
INSERT INTO `sys_log` VALUES (1144, 5, 'admin', 1, '菜单管理-查询全部菜单', '127.0.0.1', 1, '2023-09-13 16:14:40', '2023-09-13 16:14:40');
INSERT INTO `sys_log` VALUES (1145, 5, 'admin', 1, '角色管理-角色分页列表', '127.0.0.1', 1, '2023-09-13 16:14:40', '2023-09-13 16:14:40');
INSERT INTO `sys_log` VALUES (1146, 5, 'admin', 1, '登录管理-获取登录用户信息', '127.0.0.1', 1, '2023-09-13 16:18:28', '2023-09-13 16:18:28');
INSERT INTO `sys_log` VALUES (1147, 5, 'admin', 1, '登录管理-获取登录用户信息', '127.0.0.1', 1, '2023-09-13 16:18:50', '2023-09-13 16:18:50');
INSERT INTO `sys_log` VALUES (1148, 5, 'admin', 1, '登录管理-获取登录用户信息', '127.0.0.1', 1, '2023-09-13 16:38:49', '2023-09-13 16:38:49');
INSERT INTO `sys_log` VALUES (1149, NULL, NULL, 1, '登录管理-登录接口', '127.0.0.1', 1, '2023-09-13 16:39:14', '2023-09-13 16:39:14');
INSERT INTO `sys_log` VALUES (1150, 5, 'admin', 1, '登录管理-获取登录用户信息', '127.0.0.1', 1, '2023-09-13 16:39:14', '2023-09-13 16:39:14');
INSERT INTO `sys_log` VALUES (1151, 5, 'admin', 1, '个人中心-修改个人信息', '127.0.0.1', 1, '2023-09-13 16:39:19', '2023-09-13 16:39:19');
INSERT INTO `sys_log` VALUES (1152, 5, 'admin', 1, '登录管理-获取登录用户信息', '127.0.0.1', 1, '2023-09-13 16:39:23', '2023-09-13 16:39:23');
INSERT INTO `sys_log` VALUES (1153, 5, 'admin', 1, '个人中心-修改个人信息', '127.0.0.1', 1, '2023-09-13 16:39:28', '2023-09-13 16:39:28');
INSERT INTO `sys_log` VALUES (1154, 5, 'admin', 1, '登录管理-获取登录用户信息', '127.0.0.1', 1, '2023-09-13 16:39:30', '2023-09-13 16:39:30');
INSERT INTO `sys_log` VALUES (1155, 5, 'admin', 1, '个人中心-修改个人信息', '127.0.0.1', 1, '2023-09-13 16:39:43', '2023-09-13 16:39:43');
INSERT INTO `sys_log` VALUES (1156, 5, 'admin', 1, '登录管理-获取登录用户信息', '127.0.0.1', 1, '2023-09-13 16:45:22', '2023-09-13 16:45:22');
INSERT INTO `sys_log` VALUES (1157, 5, 'admin', 1, '个人中心-修改个人信息', '127.0.0.1', 1, '2023-09-13 16:46:31', '2023-09-13 16:46:31');
INSERT INTO `sys_log` VALUES (1158, 5, 'admin', 1, '个人中心-修改个人信息', '127.0.0.1', 1, '2023-09-13 16:46:33', '2023-09-13 16:46:33');
INSERT INTO `sys_log` VALUES (1159, 5, 'admin', 1, '个人中心-修改密码', '127.0.0.1', 1, '2023-09-13 16:46:38', '2023-09-13 16:46:38');
INSERT INTO `sys_log` VALUES (1160, 5, 'admin', 1, '个人中心-修改密码', '127.0.0.1', 1, '2023-09-13 16:47:28', '2023-09-13 16:47:28');
INSERT INTO `sys_log` VALUES (1161, 5, 'admin', 1, '个人中心-修改密码', '127.0.0.1', 1, '2023-09-13 16:47:47', '2023-09-13 16:47:47');
INSERT INTO `sys_log` VALUES (1162, 5, 'admin', 1, '个人中心-修改密码', '127.0.0.1', 1, '2023-09-13 16:47:52', '2023-09-13 16:47:52');
INSERT INTO `sys_log` VALUES (1163, 5, 'admin', 1, '个人中心-修改密码', '127.0.0.1', 1, '2023-09-13 16:47:55', '2023-09-13 16:47:55');
INSERT INTO `sys_log` VALUES (1164, 5, 'admin', 1, '登录管理-退出登录', '127.0.0.1', 1, '2023-09-13 16:47:58', '2023-09-13 16:47:58');
INSERT INTO `sys_log` VALUES (1165, NULL, NULL, 1, '登录管理-登录接口', '127.0.0.1', 1, '2023-09-13 16:48:00', '2023-09-13 16:48:00');
INSERT INTO `sys_log` VALUES (1166, NULL, NULL, 1, '登录管理-登录接口', '127.0.0.1', 1, '2023-09-13 16:48:01', '2023-09-13 16:48:01');
INSERT INTO `sys_log` VALUES (1167, 5, 'admin', 1, '登录管理-获取登录用户信息', '127.0.0.1', 1, '2023-09-13 16:48:01', '2023-09-13 16:48:01');
INSERT INTO `sys_log` VALUES (1168, 5, 'admin', 1, '个人中心-修改密码', '127.0.0.1', 1, '2023-09-13 16:48:08', '2023-09-13 16:48:08');
INSERT INTO `sys_log` VALUES (1169, 5, 'admin', 1, '个人中心-修改密码', '127.0.0.1', 1, '2023-09-13 16:49:06', '2023-09-13 16:49:06');
INSERT INTO `sys_log` VALUES (1170, 5, 'admin', 1, '个人中心-修改密码', '127.0.0.1', 1, '2023-09-13 16:49:11', '2023-09-13 16:49:11');
INSERT INTO `sys_log` VALUES (1171, 5, 'admin', 1, '登录管理-获取登录用户信息', '127.0.0.1', 1, '2023-09-13 16:49:13', '2023-09-13 16:49:13');
INSERT INTO `sys_log` VALUES (1172, 5, 'admin', 1, '个人中心-修改密码', '127.0.0.1', 1, '2023-09-13 16:49:19', '2023-09-13 16:49:19');
INSERT INTO `sys_log` VALUES (1173, NULL, NULL, 1, '登录管理-登录接口', '127.0.0.1', 1, '2023-09-13 16:49:23', '2023-09-13 16:49:23');
INSERT INTO `sys_log` VALUES (1174, 5, 'admin', 1, '登录管理-获取登录用户信息', '127.0.0.1', 1, '2023-09-13 16:49:23', '2023-09-13 16:49:23');
INSERT INTO `sys_log` VALUES (1175, 5, 'admin', 1, '个人中心-修改密码', '127.0.0.1', 1, '2023-09-13 16:49:27', '2023-09-13 16:49:27');
INSERT INTO `sys_log` VALUES (1176, 5, 'admin', 1, '个人中心-修改密码', '127.0.0.1', 1, '2023-09-13 16:49:29', '2023-09-13 16:49:29');
INSERT INTO `sys_log` VALUES (1177, NULL, NULL, 1, '登录管理-登录接口', '127.0.0.1', 1, '2023-09-13 16:49:31', '2023-09-13 16:49:31');
INSERT INTO `sys_log` VALUES (1178, NULL, NULL, 1, '登录管理-登录接口', '127.0.0.1', 1, '2023-09-13 16:49:32', '2023-09-13 16:49:32');
INSERT INTO `sys_log` VALUES (1179, 5, 'admin', 1, '登录管理-获取登录用户信息', '127.0.0.1', 1, '2023-09-13 16:49:32', '2023-09-13 16:49:32');
INSERT INTO `sys_log` VALUES (1180, 5, 'admin', 1, '个人中心-修改密码', '127.0.0.1', 1, '2023-09-13 16:51:47', '2023-09-13 16:51:47');
INSERT INTO `sys_log` VALUES (1181, 5, 'admin', 1, '个人中心-修改密码', '127.0.0.1', 1, '2023-09-13 16:51:49', '2023-09-13 16:51:49');
INSERT INTO `sys_log` VALUES (1182, NULL, NULL, 1, '登录管理-登录接口', '127.0.0.1', 1, '2023-09-13 16:51:51', '2023-09-13 16:51:51');
INSERT INTO `sys_log` VALUES (1183, 5, 'admin', 1, '登录管理-获取登录用户信息', '127.0.0.1', 1, '2023-09-13 16:51:51', '2023-09-13 16:51:51');
INSERT INTO `sys_log` VALUES (1184, 5, 'admin', 1, '登录管理-获取登录用户信息', '127.0.0.1', 1, '2023-09-13 16:52:46', '2023-09-13 16:52:46');
INSERT INTO `sys_log` VALUES (1185, NULL, NULL, 1, '登录管理-登录接口', '127.0.0.1', 1, '2023-09-13 17:04:34', '2023-09-13 17:04:34');
INSERT INTO `sys_log` VALUES (1186, 5, 'admin', 1, '登录管理-获取登录用户信息', '127.0.0.1', 1, '2023-09-13 17:04:34', '2023-09-13 17:04:34');
INSERT INTO `sys_log` VALUES (1187, 5, 'admin', 1, '登录管理-获取登录用户信息', '127.0.0.1', 1, '2023-09-13 17:05:23', '2023-09-13 17:05:23');
INSERT INTO `sys_log` VALUES (1188, NULL, NULL, 1, '登录管理-登录接口', '127.0.0.1', 1, '2023-09-13 17:06:13', '2023-09-13 17:06:13');
INSERT INTO `sys_log` VALUES (1189, 5, 'admin', 1, '登录管理-获取登录用户信息', '127.0.0.1', 1, '2023-09-13 17:06:13', '2023-09-13 17:06:13');
INSERT INTO `sys_log` VALUES (1190, 5, 'admin', 1, '登录管理-获取登录用户信息', '127.0.0.1', 1, '2023-09-13 17:06:29', '2023-09-13 17:06:29');
INSERT INTO `sys_log` VALUES (1191, 5, 'admin', 1, '登录管理-获取登录用户信息', '127.0.0.1', 1, '2023-09-13 17:06:52', '2023-09-13 17:06:52');
INSERT INTO `sys_log` VALUES (1192, 5, 'admin', 1, '个人中心-头像上传', '127.0.0.1', 1, '2023-09-13 17:06:57', '2023-09-13 17:06:57');
INSERT INTO `sys_log` VALUES (1193, 5, 'admin', 1, '个人中心-头像上传', '127.0.0.1', 1, '2023-09-13 17:07:48', '2023-09-13 17:07:48');
INSERT INTO `sys_log` VALUES (1194, 5, 'admin', 1, '登录管理-获取登录用户信息', '127.0.0.1', 1, '2023-09-13 17:07:57', '2023-09-13 17:07:57');
INSERT INTO `sys_log` VALUES (1195, 5, 'admin', 1, '登录管理-获取登录用户信息', '127.0.0.1', 1, '2023-09-13 17:09:33', '2023-09-13 17:09:33');
INSERT INTO `sys_log` VALUES (1196, 5, 'admin', 1, '个人中心-头像上传', '127.0.0.1', 1, '2023-09-13 17:09:36', '2023-09-13 17:09:36');
INSERT INTO `sys_log` VALUES (1197, 5, 'admin', 1, '登录管理-获取登录用户信息', '127.0.0.1', 1, '2023-09-13 17:09:38', '2023-09-13 17:09:38');
INSERT INTO `sys_log` VALUES (1198, 5, 'admin', 1, '登录管理-获取登录用户信息', '127.0.0.1', 1, '2023-09-13 17:09:55', '2023-09-13 17:09:55');
INSERT INTO `sys_log` VALUES (1199, 5, 'admin', 1, '个人中心-头像上传', '127.0.0.1', 1, '2023-09-13 17:09:57', '2023-09-13 17:09:57');
INSERT INTO `sys_log` VALUES (1200, 5, 'admin', 1, '登录管理-获取登录用户信息', '127.0.0.1', 1, '2023-09-13 17:10:01', '2023-09-13 17:10:01');
INSERT INTO `sys_log` VALUES (1201, NULL, NULL, 1, '登录管理-登录接口', '127.0.0.1', 1, '2023-09-13 17:11:54', '2023-09-13 17:11:54');
INSERT INTO `sys_log` VALUES (1202, 5, 'admin', 1, '登录管理-获取登录用户信息', '127.0.0.1', 1, '2023-09-13 17:11:54', '2023-09-13 17:11:54');
INSERT INTO `sys_log` VALUES (1203, 5, 'admin', 1, '个人中心-头像上传', '127.0.0.1', 1, '2023-09-13 17:11:58', '2023-09-13 17:11:58');
INSERT INTO `sys_log` VALUES (1204, 5, 'admin', 1, '登录管理-获取登录用户信息', '127.0.0.1', 1, '2023-09-13 17:11:59', '2023-09-13 17:11:59');
INSERT INTO `sys_log` VALUES (1205, 5, 'admin', 1, '角色管理-查询全部角色', '127.0.0.1', 1, '2023-09-13 17:18:09', '2023-09-13 17:18:09');
INSERT INTO `sys_log` VALUES (1206, 5, 'admin', 1, '用户管理-用户分页列表', '127.0.0.1', 1, '2023-09-13 17:18:09', '2023-09-13 17:18:09');
INSERT INTO `sys_log` VALUES (1207, 5, 'admin', 1, '登录管理-获取登录用户信息', '127.0.0.1', 1, '2023-09-13 17:18:14', '2023-09-13 17:18:14');
INSERT INTO `sys_log` VALUES (1208, 5, 'admin', 1, '用户管理-用户分页列表', '127.0.0.1', 1, '2023-09-13 17:18:15', '2023-09-13 17:18:15');
INSERT INTO `sys_log` VALUES (1209, 5, 'admin', 1, '角色管理-查询全部角色', '127.0.0.1', 1, '2023-09-13 17:18:15', '2023-09-13 17:18:15');
INSERT INTO `sys_log` VALUES (1210, 5, 'admin', 1, '用户管理-用户分页列表', '127.0.0.1', 1, '2023-09-13 17:20:00', '2023-09-13 17:20:00');
INSERT INTO `sys_log` VALUES (1211, 5, 'admin', 1, '角色管理-查询全部角色', '127.0.0.1', 1, '2023-09-13 17:20:00', '2023-09-13 17:20:00');
INSERT INTO `sys_log` VALUES (1212, 5, 'admin', 1, '用户管理-用户分页列表', '127.0.0.1', 1, '2023-09-13 17:20:10', '2023-09-13 17:20:10');
INSERT INTO `sys_log` VALUES (1213, 5, 'admin', 1, '角色管理-查询全部角色', '127.0.0.1', 1, '2023-09-13 17:20:10', '2023-09-13 17:20:10');
INSERT INTO `sys_log` VALUES (1214, 5, 'admin', 1, '用户管理-用户分页列表', '127.0.0.1', 1, '2023-09-13 17:20:24', '2023-09-13 17:20:24');
INSERT INTO `sys_log` VALUES (1215, 5, 'admin', 1, '用户管理-用户分页列表', '127.0.0.1', 1, '2023-09-13 17:20:31', '2023-09-13 17:20:31');
INSERT INTO `sys_log` VALUES (1216, 5, 'admin', 1, '角色管理-查询全部角色', '127.0.0.1', 1, '2023-09-13 17:20:31', '2023-09-13 17:20:31');
INSERT INTO `sys_log` VALUES (1217, 5, 'admin', 1, '登录管理-获取登录用户信息', '127.0.0.1', 1, '2023-09-13 17:20:56', '2023-09-13 17:20:56');
INSERT INTO `sys_log` VALUES (1218, 5, 'admin', 1, '用户管理-用户分页列表', '127.0.0.1', 1, '2023-09-13 17:20:56', '2023-09-13 17:20:56');
INSERT INTO `sys_log` VALUES (1219, 5, 'admin', 1, '角色管理-查询全部角色', '127.0.0.1', 1, '2023-09-13 17:20:56', '2023-09-13 17:20:56');
INSERT INTO `sys_log` VALUES (1220, 5, 'admin', 1, '登录管理-获取登录用户信息', '127.0.0.1', 1, '2023-09-13 17:21:05', '2023-09-13 17:21:05');
INSERT INTO `sys_log` VALUES (1221, 5, 'admin', 1, '用户管理-用户分页列表', '127.0.0.1', 1, '2023-09-13 17:21:05', '2023-09-13 17:21:05');
INSERT INTO `sys_log` VALUES (1222, 5, 'admin', 1, '角色管理-查询全部角色', '127.0.0.1', 1, '2023-09-13 17:21:05', '2023-09-13 17:21:05');
INSERT INTO `sys_log` VALUES (1223, 5, 'admin', 1, '登录管理-获取登录用户信息', '127.0.0.1', 1, '2023-09-13 17:21:22', '2023-09-13 17:21:22');
INSERT INTO `sys_log` VALUES (1224, 5, 'admin', 1, '用户管理-用户分页列表', '127.0.0.1', 1, '2023-09-13 17:21:22', '2023-09-13 17:21:22');
INSERT INTO `sys_log` VALUES (1225, 5, 'admin', 1, '角色管理-查询全部角色', '127.0.0.1', 1, '2023-09-13 17:21:22', '2023-09-13 17:21:22');
INSERT INTO `sys_log` VALUES (1226, 5, 'admin', 1, '登录管理-获取登录用户信息', '127.0.0.1', 1, '2023-09-13 17:21:32', '2023-09-13 17:21:32');
INSERT INTO `sys_log` VALUES (1227, 5, 'admin', 1, '用户管理-用户分页列表', '127.0.0.1', 1, '2023-09-13 17:21:32', '2023-09-13 17:21:32');
INSERT INTO `sys_log` VALUES (1228, 5, 'admin', 1, '角色管理-查询全部角色', '127.0.0.1', 1, '2023-09-13 17:21:32', '2023-09-13 17:21:32');
INSERT INTO `sys_log` VALUES (1229, 5, 'admin', 1, '用户管理-用户分页列表', '127.0.0.1', 1, '2023-09-13 17:24:20', '2023-09-13 17:24:20');
INSERT INTO `sys_log` VALUES (1230, 5, 'admin', 1, '角色管理-查询全部角色', '127.0.0.1', 1, '2023-09-13 17:24:20', '2023-09-13 17:24:20');
INSERT INTO `sys_log` VALUES (1231, 5, 'admin', 1, '用户管理-用户分页列表', '127.0.0.1', 1, '2023-09-13 17:24:48', '2023-09-13 17:24:48');
INSERT INTO `sys_log` VALUES (1232, 5, 'admin', 1, '角色管理-查询全部角色', '127.0.0.1', 1, '2023-09-13 17:24:48', '2023-09-13 17:24:48');
INSERT INTO `sys_log` VALUES (1233, 5, 'admin', 1, '用户管理-用户分页列表', '127.0.0.1', 1, '2023-09-13 17:24:49', '2023-09-13 17:24:49');
INSERT INTO `sys_log` VALUES (1234, 5, 'admin', 1, '角色管理-查询全部角色', '127.0.0.1', 1, '2023-09-13 17:24:49', '2023-09-13 17:24:49');
INSERT INTO `sys_log` VALUES (1235, 5, 'admin', 1, '登录管理-获取登录用户信息', '127.0.0.1', 1, '2023-09-13 17:25:12', '2023-09-13 17:25:12');
INSERT INTO `sys_log` VALUES (1236, 5, 'admin', 1, '用户管理-用户分页列表', '127.0.0.1', 1, '2023-09-13 17:25:12', '2023-09-13 17:25:12');
INSERT INTO `sys_log` VALUES (1237, 5, 'admin', 1, '角色管理-查询全部角色', '127.0.0.1', 1, '2023-09-13 17:25:12', '2023-09-13 17:25:12');
INSERT INTO `sys_log` VALUES (1238, 5, 'admin', 1, '登录管理-获取登录用户信息', '127.0.0.1', 1, '2023-09-13 17:26:07', '2023-09-13 17:26:07');
INSERT INTO `sys_log` VALUES (1239, 5, 'admin', 1, '用户管理-用户分页列表', '127.0.0.1', 1, '2023-09-13 17:26:08', '2023-09-13 17:26:08');
INSERT INTO `sys_log` VALUES (1240, 5, 'admin', 1, '角色管理-查询全部角色', '127.0.0.1', 1, '2023-09-13 17:26:08', '2023-09-13 17:26:08');
INSERT INTO `sys_log` VALUES (1241, NULL, NULL, 1, '登录管理-登录接口', '127.0.0.1', 1, '2023-09-13 17:32:11', '2023-09-13 17:32:11');
INSERT INTO `sys_log` VALUES (1242, 5, 'admin', 1, '登录管理-获取登录用户信息', '127.0.0.1', 1, '2023-09-13 17:32:11', '2023-09-13 17:32:11');
INSERT INTO `sys_log` VALUES (1243, 5, 'admin', 1, '登录管理-获取登录用户信息', '127.0.0.1', 1, '2023-09-13 17:32:43', '2023-09-13 17:32:43');
INSERT INTO `sys_log` VALUES (1244, 5, 'admin', 1, '登录管理-获取登录用户信息', '127.0.0.1', 1, '2023-09-13 17:32:48', '2023-09-13 17:32:48');
INSERT INTO `sys_log` VALUES (1245, 5, 'admin', 1, '登录管理-获取登录用户信息', '127.0.0.1', 1, '2023-09-13 17:33:17', '2023-09-13 17:33:17');
INSERT INTO `sys_log` VALUES (1246, 5, 'admin', 1, '登录管理-获取登录用户信息', '127.0.0.1', 1, '2023-09-13 17:35:14', '2023-09-13 17:35:14');
INSERT INTO `sys_log` VALUES (1247, 5, 'admin', 1, '登录管理-退出登录', '127.0.0.1', 1, '2023-09-13 17:38:26', '2023-09-13 17:38:26');
INSERT INTO `sys_log` VALUES (1248, NULL, NULL, 1, '登录管理-登录接口', '127.0.0.1', 1, '2023-09-13 17:38:30', '2023-09-13 17:38:30');
INSERT INTO `sys_log` VALUES (1249, 9, 'wangxin', 1, '登录管理-获取登录用户信息', '127.0.0.1', 1, '2023-09-13 17:38:30', '2023-09-13 17:38:30');
INSERT INTO `sys_log` VALUES (1250, 9, 'wangxin', 1, '登录管理-退出登录', '127.0.0.1', 1, '2023-09-13 17:38:44', '2023-09-13 17:38:44');
INSERT INTO `sys_log` VALUES (1251, NULL, NULL, 1, '登录管理-登录接口', '127.0.0.1', 1, '2023-09-13 17:38:45', '2023-09-13 17:38:45');
INSERT INTO `sys_log` VALUES (1252, 5, 'admin', 1, '登录管理-获取登录用户信息', '127.0.0.1', 1, '2023-09-13 17:38:45', '2023-09-13 17:38:45');
INSERT INTO `sys_log` VALUES (1253, 5, 'admin', 1, '登录管理-退出登录', '127.0.0.1', 1, '2023-09-13 17:38:47', '2023-09-13 17:38:47');
INSERT INTO `sys_log` VALUES (1254, NULL, NULL, 1, '登录管理-登录接口', '127.0.0.1', 1, '2023-09-13 17:38:50', '2023-09-13 17:38:50');
INSERT INTO `sys_log` VALUES (1255, 9, 'wangxin', 1, '登录管理-获取登录用户信息', '127.0.0.1', 1, '2023-09-13 17:38:50', '2023-09-13 17:38:50');
INSERT INTO `sys_log` VALUES (1256, 9, 'wangxin', 1, '登录管理-退出登录', '127.0.0.1', 1, '2023-09-13 17:39:21', '2023-09-13 17:39:21');
INSERT INTO `sys_log` VALUES (1257, NULL, NULL, 1, '登录管理-登录接口', '127.0.0.1', 1, '2023-09-13 17:39:21', '2023-09-13 17:39:21');
INSERT INTO `sys_log` VALUES (1258, 5, 'admin', 1, '登录管理-获取登录用户信息', '127.0.0.1', 1, '2023-09-13 17:39:22', '2023-09-13 17:39:22');
INSERT INTO `sys_log` VALUES (1259, 5, 'admin', 1, '角色管理-查询全部角色', '127.0.0.1', 1, '2023-09-13 17:39:40', '2023-09-13 17:39:40');
INSERT INTO `sys_log` VALUES (1260, 5, 'admin', 1, '用户管理-用户分页列表', '127.0.0.1', 1, '2023-09-13 17:39:40', '2023-09-13 17:39:40');
INSERT INTO `sys_log` VALUES (1261, NULL, NULL, 1, '登录管理-登录接口', '127.0.0.1', 1, '2023-09-14 09:33:54', '2023-09-14 09:33:54');
INSERT INTO `sys_log` VALUES (1262, 5, 'admin', 1, '登录管理-获取登录用户信息', '127.0.0.1', 1, '2023-09-14 09:33:54', '2023-09-14 09:33:54');
INSERT INTO `sys_log` VALUES (1263, 5, 'admin', 1, '登录管理-退出登录', '127.0.0.1', 1, '2023-09-14 09:40:18', '2023-09-14 09:40:18');
INSERT INTO `sys_log` VALUES (1264, NULL, NULL, 1, '登录管理-登录接口', '127.0.0.1', 1, '2023-09-14 10:01:26', '2023-09-14 10:01:26');
INSERT INTO `sys_log` VALUES (1265, 5, 'admin', 1, '登录管理-获取登录用户信息', '127.0.0.1', 1, '2023-09-14 10:01:26', '2023-09-14 10:01:26');
INSERT INTO `sys_log` VALUES (1266, 5, 'admin', 1, '角色管理-角色分页列表', '127.0.0.1', 1, '2023-09-14 10:01:34', '2023-09-14 10:01:34');
INSERT INTO `sys_log` VALUES (1267, 5, 'admin', 1, '菜单管理-查询全部菜单', '127.0.0.1', 1, '2023-09-14 10:01:34', '2023-09-14 10:01:34');
INSERT INTO `sys_log` VALUES (1268, 5, 'admin', 1, '菜单管理-获取分页菜单树', '127.0.0.1', 1, '2023-09-14 10:01:36', '2023-09-14 10:01:36');
INSERT INTO `sys_log` VALUES (1269, 5, 'admin', 1, '用户管理-用户分页列表', '127.0.0.1', 1, '2023-09-14 10:01:37', '2023-09-14 10:01:37');
INSERT INTO `sys_log` VALUES (1270, 5, 'admin', 1, '角色管理-查询全部角色', '127.0.0.1', 1, '2023-09-14 10:01:38', '2023-09-14 10:01:38');
INSERT INTO `sys_log` VALUES (1271, 5, 'admin', 1, '日志管理-日志分页列表', '127.0.0.1', 1, '2023-09-14 10:01:40', '2023-09-14 10:01:40');
INSERT INTO `sys_log` VALUES (1272, 5, 'admin', 1, '用户管理-用户分页列表', '127.0.0.1', 1, '2023-09-14 10:01:50', '2023-09-14 10:01:50');
INSERT INTO `sys_log` VALUES (1273, 5, 'admin', 1, '角色管理-查询全部角色', '127.0.0.1', 1, '2023-09-14 10:01:50', '2023-09-14 10:01:50');
INSERT INTO `sys_log` VALUES (1274, 5, 'admin', 1, '菜单管理-获取分页菜单树', '127.0.0.1', 1, '2023-09-14 10:01:52', '2023-09-14 10:01:52');
INSERT INTO `sys_log` VALUES (1275, 5, 'admin', 1, '角色管理-角色分页列表', '127.0.0.1', 1, '2023-09-14 10:01:53', '2023-09-14 10:01:53');
INSERT INTO `sys_log` VALUES (1276, 5, 'admin', 1, '菜单管理-查询全部菜单', '127.0.0.1', 1, '2023-09-14 10:01:54', '2023-09-14 10:01:54');
INSERT INTO `sys_log` VALUES (1277, 5, 'admin', 1, '登录管理-获取登录用户信息', '127.0.0.1', 1, '2023-09-14 10:04:03', '2023-09-14 10:04:03');
INSERT INTO `sys_log` VALUES (1278, 5, 'admin', 1, '登录管理-获取登录用户信息', '127.0.0.1', 1, '2023-09-14 10:04:16', '2023-09-14 10:04:16');
INSERT INTO `sys_log` VALUES (1279, 5, 'admin', 1, '登录管理-获取登录用户信息', '127.0.0.1', 1, '2023-09-14 10:10:41', '2023-09-14 10:10:41');
INSERT INTO `sys_log` VALUES (1280, 5, 'admin', 1, '登录管理-获取登录用户信息', '127.0.0.1', 1, '2023-09-14 10:11:02', '2023-09-14 10:11:02');
INSERT INTO `sys_log` VALUES (1281, 5, 'admin', 1, '登录管理-获取登录用户信息', '127.0.0.1', 1, '2023-09-14 10:12:28', '2023-09-14 10:12:28');
INSERT INTO `sys_log` VALUES (1282, 5, 'admin', 1, '菜单管理-获取分页菜单树', '127.0.0.1', 1, '2023-09-14 10:12:39', '2023-09-14 10:12:39');
INSERT INTO `sys_log` VALUES (1283, 5, 'admin', 1, '日志管理-日志分页列表', '127.0.0.1', 1, '2023-09-14 10:12:40', '2023-09-14 10:12:40');
INSERT INTO `sys_log` VALUES (1284, 5, 'admin', 1, '角色管理-查询全部角色', '127.0.0.1', 1, '2023-09-14 10:12:46', '2023-09-14 10:12:46');
INSERT INTO `sys_log` VALUES (1285, 5, 'admin', 1, '用户管理-用户分页列表', '127.0.0.1', 1, '2023-09-14 10:12:46', '2023-09-14 10:12:46');
INSERT INTO `sys_log` VALUES (1286, 5, 'admin', 1, '登录管理-退出登录', '127.0.0.1', 1, '2023-09-14 10:13:00', '2023-09-14 10:13:00');
INSERT INTO `sys_log` VALUES (1287, NULL, NULL, 1, '登录管理-登录接口', '127.0.0.1', 1, '2023-09-14 10:13:01', '2023-09-14 10:13:01');
INSERT INTO `sys_log` VALUES (1288, 5, 'admin', 1, '登录管理-获取登录用户信息', '127.0.0.1', 1, '2023-09-14 10:13:01', '2023-09-14 10:13:01');
INSERT INTO `sys_log` VALUES (1289, 5, 'admin', 1, '登录管理-获取登录用户信息', '127.0.0.1', 1, '2023-09-14 10:14:13', '2023-09-14 10:14:13');
INSERT INTO `sys_log` VALUES (1290, 5, 'admin', 1, '登录管理-获取登录用户信息', '127.0.0.1', 1, '2023-09-14 10:14:15', '2023-09-14 10:14:15');
INSERT INTO `sys_log` VALUES (1291, 5, 'admin', 1, '登录管理-获取登录用户信息', '127.0.0.1', 1, '2023-09-14 10:15:33', '2023-09-14 10:15:33');
INSERT INTO `sys_log` VALUES (1292, 5, 'admin', 1, '用户管理-用户分页列表', '127.0.0.1', 1, '2023-09-14 10:19:15', '2023-09-14 10:19:15');
INSERT INTO `sys_log` VALUES (1293, 5, 'admin', 1, '角色管理-查询全部角色', '127.0.0.1', 1, '2023-09-14 10:19:15', '2023-09-14 10:19:15');
INSERT INTO `sys_log` VALUES (1294, 5, 'admin', 1, '登录管理-获取登录用户信息', '127.0.0.1', 1, '2023-09-14 10:23:51', '2023-09-14 10:23:51');
INSERT INTO `sys_log` VALUES (1295, 5, 'admin', 1, '登录管理-获取登录用户信息', '127.0.0.1', 1, '2023-09-14 10:24:10', '2023-09-14 10:24:10');
INSERT INTO `sys_log` VALUES (1296, 5, 'admin', 1, '登录管理-获取登录用户信息', '127.0.0.1', 1, '2023-09-14 10:25:41', '2023-09-14 10:25:41');
INSERT INTO `sys_log` VALUES (1297, 5, 'admin', 1, '登录管理-获取登录用户信息', '127.0.0.1', 1, '2023-09-14 10:27:53', '2023-09-14 10:27:53');
INSERT INTO `sys_log` VALUES (1298, 5, 'admin', 1, '登录管理-获取登录用户信息', '127.0.0.1', 1, '2023-09-14 10:29:13', '2023-09-14 10:29:13');
INSERT INTO `sys_log` VALUES (1299, 5, 'admin', 1, '登录管理-获取登录用户信息', '127.0.0.1', 1, '2023-09-14 10:30:14', '2023-09-14 10:30:14');
INSERT INTO `sys_log` VALUES (1300, 5, 'admin', 1, '登录管理-获取登录用户信息', '127.0.0.1', 1, '2023-09-14 10:31:23', '2023-09-14 10:31:23');
INSERT INTO `sys_log` VALUES (1301, 5, 'admin', 1, '角色管理-查询全部角色', '127.0.0.1', 1, '2023-09-14 10:31:25', '2023-09-14 10:31:25');
INSERT INTO `sys_log` VALUES (1302, 5, 'admin', 1, '用户管理-用户分页列表', '127.0.0.1', 1, '2023-09-14 10:31:25', '2023-09-14 10:31:25');
INSERT INTO `sys_log` VALUES (1303, 5, 'admin', 1, '登录管理-获取登录用户信息', '127.0.0.1', 1, '2023-09-14 10:31:44', '2023-09-14 10:31:44');
INSERT INTO `sys_log` VALUES (1304, 5, 'admin', 1, '登录管理-获取登录用户信息', '127.0.0.1', 1, '2023-09-14 10:31:48', '2023-09-14 10:31:48');
INSERT INTO `sys_log` VALUES (1305, 5, 'admin', 1, '登录管理-获取登录用户信息', '127.0.0.1', 1, '2023-09-14 10:31:53', '2023-09-14 10:31:53');
INSERT INTO `sys_log` VALUES (1306, 5, 'admin', 1, '登录管理-获取登录用户信息', '127.0.0.1', 1, '2023-09-14 10:31:57', '2023-09-14 10:31:57');
INSERT INTO `sys_log` VALUES (1307, 5, 'admin', 1, '登录管理-获取登录用户信息', '127.0.0.1', 1, '2023-09-14 10:32:29', '2023-09-14 10:32:29');
INSERT INTO `sys_log` VALUES (1308, 5, 'admin', 1, '登录管理-获取登录用户信息', '127.0.0.1', 1, '2023-09-14 10:32:36', '2023-09-14 10:32:36');
INSERT INTO `sys_log` VALUES (1309, 5, 'admin', 1, '登录管理-获取登录用户信息', '127.0.0.1', 1, '2023-09-14 10:32:51', '2023-09-14 10:32:51');
INSERT INTO `sys_log` VALUES (1310, 5, 'admin', 1, '登录管理-获取登录用户信息', '127.0.0.1', 1, '2023-09-14 10:33:03', '2023-09-14 10:33:03');
INSERT INTO `sys_log` VALUES (1311, 5, 'admin', 1, '登录管理-获取登录用户信息', '127.0.0.1', 1, '2023-09-14 10:33:20', '2023-09-14 10:33:20');
INSERT INTO `sys_log` VALUES (1312, 5, 'admin', 1, '登录管理-获取登录用户信息', '127.0.0.1', 1, '2023-09-14 10:39:09', '2023-09-14 10:39:09');
INSERT INTO `sys_log` VALUES (1313, NULL, NULL, 1, '登录管理-登录接口', '127.0.0.1', 1, '2023-09-14 10:51:56', '2023-09-14 10:51:56');
INSERT INTO `sys_log` VALUES (1314, 5, 'admin', 1, '菜单管理-获取分页菜单树', '127.0.0.1', 1, '2023-09-14 10:51:56', '2023-09-14 10:51:56');
INSERT INTO `sys_log` VALUES (1315, 5, 'admin', 1, '用户管理-用户分页列表', '127.0.0.1', 1, '2023-09-14 10:51:57', '2023-09-14 10:51:57');
INSERT INTO `sys_log` VALUES (1316, 5, 'admin', 1, '角色管理-查询全部角色', '127.0.0.1', 1, '2023-09-14 10:51:58', '2023-09-14 10:51:58');
INSERT INTO `sys_log` VALUES (1317, 5, 'admin', 1, '角色管理-查询全部角色', '127.0.0.1', 1, '2023-09-14 10:52:42', '2023-09-14 10:52:42');
INSERT INTO `sys_log` VALUES (1318, 5, 'admin', 1, '用户管理-用户分页列表', '127.0.0.1', 1, '2023-09-14 10:52:42', '2023-09-14 10:52:42');
INSERT INTO `sys_log` VALUES (1319, 5, 'admin', 1, '用户管理-用户分页列表', '127.0.0.1', 1, '2023-09-14 10:52:58', '2023-09-14 10:52:58');
INSERT INTO `sys_log` VALUES (1320, 5, 'admin', 1, '角色管理-查询全部角色', '127.0.0.1', 1, '2023-09-14 10:52:58', '2023-09-14 10:52:58');
INSERT INTO `sys_log` VALUES (1321, 5, 'admin', 1, '用户管理-用户分页列表', '127.0.0.1', 1, '2023-09-14 10:53:10', '2023-09-14 10:53:10');
INSERT INTO `sys_log` VALUES (1322, 5, 'admin', 1, '角色管理-查询全部角色', '127.0.0.1', 1, '2023-09-14 10:53:10', '2023-09-14 10:53:10');
INSERT INTO `sys_log` VALUES (1323, 5, 'admin', 1, '角色管理-查询全部角色', '127.0.0.1', 1, '2023-09-14 10:53:13', '2023-09-14 10:53:13');
INSERT INTO `sys_log` VALUES (1324, 5, 'admin', 1, '用户管理-用户分页列表', '127.0.0.1', 1, '2023-09-14 10:53:13', '2023-09-14 10:53:13');
INSERT INTO `sys_log` VALUES (1325, 5, 'admin', 1, '角色管理-查询全部角色', '127.0.0.1', 1, '2023-09-14 10:53:23', '2023-09-14 10:53:23');
INSERT INTO `sys_log` VALUES (1326, 5, 'admin', 1, '用户管理-用户分页列表', '127.0.0.1', 1, '2023-09-14 10:53:23', '2023-09-14 10:53:23');
INSERT INTO `sys_log` VALUES (1327, 5, 'admin', 1, '用户管理-修改用户', '127.0.0.1', 1, '2023-09-14 10:53:32', '2023-09-14 10:53:32');
INSERT INTO `sys_log` VALUES (1328, 5, 'admin', 1, '用户管理-用户分页列表', '127.0.0.1', 1, '2023-09-14 10:53:32', '2023-09-14 10:53:32');
INSERT INTO `sys_log` VALUES (1329, 5, 'admin', 1, '用户管理-用户分页列表', '127.0.0.1', 1, '2023-09-14 10:56:26', '2023-09-14 10:56:26');
INSERT INTO `sys_log` VALUES (1330, 5, 'admin', 1, '角色管理-查询全部角色', '127.0.0.1', 1, '2023-09-14 10:56:26', '2023-09-14 10:56:26');
INSERT INTO `sys_log` VALUES (1331, NULL, NULL, 1, '登录管理-登录接口', '127.0.0.1', 1, '2023-09-14 10:56:59', '2023-09-14 10:56:59');
INSERT INTO `sys_log` VALUES (1332, 5, 'admin', 1, '登录管理-获取登录用户信息', '127.0.0.1', 1, '2023-09-14 10:56:59', '2023-09-14 10:56:59');
INSERT INTO `sys_log` VALUES (1333, 5, 'admin', 1, '角色管理-查询全部角色', '127.0.0.1', 1, '2023-09-14 10:57:03', '2023-09-14 10:57:03');
INSERT INTO `sys_log` VALUES (1334, 5, 'admin', 1, '用户管理-用户分页列表', '127.0.0.1', 1, '2023-09-14 10:57:03', '2023-09-14 10:57:03');
INSERT INTO `sys_log` VALUES (1335, 5, 'admin', 1, '用户管理-修改用户', '127.0.0.1', 1, '2023-09-14 10:57:17', '2023-09-14 10:57:17');
INSERT INTO `sys_log` VALUES (1336, 5, 'admin', 1, '用户管理-用户分页列表', '127.0.0.1', 1, '2023-09-14 10:57:17', '2023-09-14 10:57:17');
INSERT INTO `sys_log` VALUES (1337, 5, 'admin', 1, '用户管理-修改用户', '127.0.0.1', 1, '2023-09-14 10:57:40', '2023-09-14 10:57:40');
INSERT INTO `sys_log` VALUES (1338, 5, 'admin', 1, '用户管理-用户分页列表', '127.0.0.1', 1, '2023-09-14 10:57:40', '2023-09-14 10:57:40');
INSERT INTO `sys_log` VALUES (1339, 5, 'admin', 1, '登录管理-退出登录', '127.0.0.1', 1, '2023-09-14 10:57:44', '2023-09-14 10:57:44');
INSERT INTO `sys_log` VALUES (1340, NULL, NULL, 1, '登录管理-登录接口', '127.0.0.1', 1, '2023-09-14 10:57:46', '2023-09-14 10:57:46');
INSERT INTO `sys_log` VALUES (1341, 9, 'wangxin', 1, '登录管理-获取登录用户信息', '127.0.0.1', 1, '2023-09-14 10:57:46', '2023-09-14 10:57:46');
INSERT INTO `sys_log` VALUES (1342, 9, 'wangxin', 1, '用户管理-用户分页列表', '127.0.0.1', 1, '2023-09-14 10:57:46', '2023-09-14 10:57:46');
INSERT INTO `sys_log` VALUES (1343, 9, 'wangxin', 1, '角色管理-查询全部角色', '127.0.0.1', 1, '2023-09-14 10:57:47', '2023-09-14 10:57:47');
INSERT INTO `sys_log` VALUES (1344, NULL, NULL, 1, '登录管理-登录接口', '127.0.0.1', 1, '2023-09-14 11:01:03', '2023-09-14 11:01:03');
INSERT INTO `sys_log` VALUES (1345, 5, 'admin', 1, '登录管理-获取登录用户信息', '127.0.0.1', 1, '2023-09-14 11:01:03', '2023-09-14 11:01:03');
INSERT INTO `sys_log` VALUES (1346, 5, 'admin', 1, '登录管理-退出登录', '127.0.0.1', 1, '2023-09-14 11:01:06', '2023-09-14 11:01:06');
INSERT INTO `sys_log` VALUES (1347, NULL, NULL, 1, '登录管理-登录接口', '127.0.0.1', 1, '2023-09-14 11:01:10', '2023-09-14 11:01:10');
INSERT INTO `sys_log` VALUES (1348, 9, 'wangxin', 1, '登录管理-获取登录用户信息', '127.0.0.1', 1, '2023-09-14 11:01:10', '2023-09-14 11:01:10');
INSERT INTO `sys_log` VALUES (1349, 9, 'wangxin', 1, '个人中心-头像上传', '127.0.0.1', 1, '2023-09-14 11:01:18', '2023-09-14 11:01:18');
INSERT INTO `sys_log` VALUES (1350, 9, 'wangxin', 1, '登录管理-获取登录用户信息', '127.0.0.1', 1, '2023-09-14 11:01:20', '2023-09-14 11:01:20');
INSERT INTO `sys_log` VALUES (1351, NULL, NULL, 1, '登录管理-登录接口', '127.0.0.1', 1, '2023-09-14 11:03:21', '2023-09-14 11:03:21');
INSERT INTO `sys_log` VALUES (1352, 5, 'admin', 1, '登录管理-获取登录用户信息', '127.0.0.1', 1, '2023-09-14 11:03:21', '2023-09-14 11:03:21');
INSERT INTO `sys_log` VALUES (1353, 5, 'admin', 1, '登录管理-退出登录', '127.0.0.1', 1, '2023-09-14 11:03:24', '2023-09-14 11:03:24');
INSERT INTO `sys_log` VALUES (1354, NULL, NULL, 1, '登录管理-登录接口', '127.0.0.1', 1, '2023-09-14 11:03:27', '2023-09-14 11:03:27');
INSERT INTO `sys_log` VALUES (1355, 9, 'wangxin', 1, '登录管理-获取登录用户信息', '127.0.0.1', 1, '2023-09-14 11:03:28', '2023-09-14 11:03:28');
INSERT INTO `sys_log` VALUES (1356, 9, 'wangxin', 1, '个人中心-修改个人信息', '127.0.0.1', 1, '2023-09-14 11:03:59', '2023-09-14 11:03:59');
INSERT INTO `sys_log` VALUES (1357, 9, 'wangxin', 1, '登录管理-获取登录用户信息', '127.0.0.1', 1, '2023-09-14 11:04:01', '2023-09-14 11:04:01');
INSERT INTO `sys_log` VALUES (1358, 9, 'wangxin', 1, '用户管理-用户分页列表', '127.0.0.1', 1, '2023-09-14 11:04:40', '2023-09-14 11:04:40');
INSERT INTO `sys_log` VALUES (1359, 9, 'wangxin', 1, '角色管理-查询全部角色', '127.0.0.1', 1, '2023-09-14 11:04:41', '2023-09-14 11:04:41');
INSERT INTO `sys_log` VALUES (1360, 9, 'wangxin', 1, '用户管理-用户分页列表', '127.0.0.1', 1, '2023-09-14 11:05:47', '2023-09-14 11:05:47');
INSERT INTO `sys_log` VALUES (1361, 9, 'wangxin', 1, '角色管理-查询全部角色', '127.0.0.1', 1, '2023-09-14 11:05:47', '2023-09-14 11:05:47');
INSERT INTO `sys_log` VALUES (1362, 9, 'wangxin', 1, '个人中心-修改个人信息', '127.0.0.1', 1, '2023-09-14 11:06:05', '2023-09-14 11:06:05');
INSERT INTO `sys_log` VALUES (1363, 9, 'wangxin', 1, '登录管理-获取登录用户信息', '127.0.0.1', 1, '2023-09-14 11:06:06', '2023-09-14 11:06:06');
INSERT INTO `sys_log` VALUES (1364, 9, 'wangxin', 1, '登录管理-获取登录用户信息', '127.0.0.1', 1, '2023-09-14 11:06:07', '2023-09-14 11:06:07');
INSERT INTO `sys_log` VALUES (1365, 9, 'wangxin', 1, '登录管理-获取登录用户信息', '127.0.0.1', 1, '2023-09-14 11:06:07', '2023-09-14 11:06:07');
INSERT INTO `sys_log` VALUES (1366, 9, 'wangxin', 1, '登录管理-获取登录用户信息', '127.0.0.1', 1, '2023-09-14 11:06:07', '2023-09-14 11:06:07');
INSERT INTO `sys_log` VALUES (1367, 9, 'wangxin', 1, '角色管理-查询全部角色', '127.0.0.1', 1, '2023-09-14 11:06:11', '2023-09-14 11:06:11');
INSERT INTO `sys_log` VALUES (1368, 9, 'wangxin', 1, '用户管理-用户分页列表', '127.0.0.1', 1, '2023-09-14 11:06:11', '2023-09-14 11:06:11');
INSERT INTO `sys_log` VALUES (1369, 9, 'wangxin', 1, '菜单管理-查询全部菜单', '127.0.0.1', 1, '2023-09-14 11:08:15', '2023-09-14 11:08:15');
INSERT INTO `sys_log` VALUES (1370, 9, 'wangxin', 1, '角色管理-角色分页列表', '127.0.0.1', 1, '2023-09-14 11:08:15', '2023-09-14 11:08:15');
INSERT INTO `sys_log` VALUES (1371, 9, 'wangxin', 1, '用户管理-用户分页列表', '127.0.0.1', 1, '2023-09-14 11:08:18', '2023-09-14 11:08:18');
INSERT INTO `sys_log` VALUES (1372, 9, 'wangxin', 1, '角色管理-查询全部角色', '127.0.0.1', 1, '2023-09-14 11:08:18', '2023-09-14 11:08:18');
INSERT INTO `sys_log` VALUES (1373, 9, 'wangxin', 1, '角色管理-角色分页列表', '127.0.0.1', 1, '2023-09-14 11:08:20', '2023-09-14 11:08:20');
INSERT INTO `sys_log` VALUES (1374, 9, 'wangxin', 1, '菜单管理-查询全部菜单', '127.0.0.1', 1, '2023-09-14 11:08:20', '2023-09-14 11:08:20');
INSERT INTO `sys_log` VALUES (1375, 9, 'wangxin', 1, '用户管理-用户分页列表', '127.0.0.1', 1, '2023-09-14 11:08:21', '2023-09-14 11:08:21');
INSERT INTO `sys_log` VALUES (1376, 9, 'wangxin', 1, '角色管理-查询全部角色', '127.0.0.1', 1, '2023-09-14 11:08:21', '2023-09-14 11:08:21');
INSERT INTO `sys_log` VALUES (1377, 9, 'wangxin', 1, '用户管理-用户分页列表', '127.0.0.1', 1, '2023-09-14 11:08:28', '2023-09-14 11:08:28');
INSERT INTO `sys_log` VALUES (1378, 9, 'wangxin', 1, '角色管理-角色分页列表', '127.0.0.1', 1, '2023-09-14 11:08:31', '2023-09-14 11:08:31');
INSERT INTO `sys_log` VALUES (1379, 9, 'wangxin', 1, '菜单管理-查询全部菜单', '127.0.0.1', 1, '2023-09-14 11:08:31', '2023-09-14 11:08:31');
INSERT INTO `sys_log` VALUES (1380, 9, 'wangxin', 1, '角色管理-角色分页列表', '127.0.0.1', 1, '2023-09-14 11:08:33', '2023-09-14 11:08:33');
INSERT INTO `sys_log` VALUES (1381, 9, 'wangxin', 1, '角色管理-角色分页列表', '127.0.0.1', 1, '2023-09-14 11:08:35', '2023-09-14 11:08:35');
INSERT INTO `sys_log` VALUES (1382, 9, 'wangxin', 1, '角色管理-角色分页列表', '127.0.0.1', 1, '2023-09-14 11:08:37', '2023-09-14 11:08:37');
INSERT INTO `sys_log` VALUES (1383, 9, 'wangxin', 1, '角色管理-角色分页列表', '127.0.0.1', 1, '2023-09-14 11:08:39', '2023-09-14 11:08:39');
INSERT INTO `sys_log` VALUES (1384, 9, 'wangxin', 1, '角色管理-角色分页列表', '127.0.0.1', 1, '2023-09-14 11:08:40', '2023-09-14 11:08:40');
INSERT INTO `sys_log` VALUES (1385, 9, 'wangxin', 1, '角色管理-角色分页列表', '127.0.0.1', 1, '2023-09-14 11:08:40', '2023-09-14 11:08:40');
INSERT INTO `sys_log` VALUES (1386, 9, 'wangxin', 1, '角色管理-角色分页列表', '127.0.0.1', 1, '2023-09-14 11:08:41', '2023-09-14 11:08:41');
INSERT INTO `sys_log` VALUES (1387, 9, 'wangxin', 1, '角色管理-角色分页列表', '127.0.0.1', 1, '2023-09-14 11:08:42', '2023-09-14 11:08:42');
INSERT INTO `sys_log` VALUES (1388, 9, 'wangxin', 1, '角色管理-角色分页列表', '127.0.0.1', 1, '2023-09-14 11:08:42', '2023-09-14 11:08:42');
INSERT INTO `sys_log` VALUES (1389, 9, 'wangxin', 1, '角色管理-查询全部角色', '127.0.0.1', 1, '2023-09-14 11:08:45', '2023-09-14 11:08:45');
INSERT INTO `sys_log` VALUES (1390, 9, 'wangxin', 1, '用户管理-用户分页列表', '127.0.0.1', 1, '2023-09-14 11:08:45', '2023-09-14 11:08:45');
INSERT INTO `sys_log` VALUES (1391, 9, 'wangxin', 1, '用户管理-用户分页列表', '127.0.0.1', 1, '2023-09-14 11:15:55', '2023-09-14 11:15:55');
INSERT INTO `sys_log` VALUES (1392, 9, 'wangxin', 1, '角色管理-查询全部角色', '127.0.0.1', 1, '2023-09-14 11:15:55', '2023-09-14 11:15:55');
INSERT INTO `sys_log` VALUES (1393, 9, 'wangxin', 1, '登录管理-退出登录', '127.0.0.1', 1, '2023-09-14 11:16:43', '2023-09-14 11:16:43');
INSERT INTO `sys_log` VALUES (1394, NULL, NULL, 1, '登录管理-登录接口', '127.0.0.1', 1, '2023-09-14 11:16:45', '2023-09-14 11:16:45');
INSERT INTO `sys_log` VALUES (1395, 5, 'admin', 1, '登录管理-获取登录用户信息', '127.0.0.1', 1, '2023-09-14 11:16:45', '2023-09-14 11:16:45');
INSERT INTO `sys_log` VALUES (1396, 5, 'admin', 1, '个人中心-修改个人信息', '127.0.0.1', 1, '2023-09-14 11:17:05', '2023-09-14 11:17:05');
INSERT INTO `sys_log` VALUES (1397, 5, 'admin', 1, '登录管理-获取登录用户信息', '127.0.0.1', 1, '2023-09-14 11:17:10', '2023-09-14 11:17:10');
INSERT INTO `sys_log` VALUES (1398, 5, 'admin', 1, '登录管理-退出登录', '127.0.0.1', 1, '2023-09-14 11:17:15', '2023-09-14 11:17:15');
INSERT INTO `sys_log` VALUES (1399, NULL, NULL, 1, '登录管理-登录接口', '127.0.0.1', 1, '2023-09-14 11:17:17', '2023-09-14 11:17:17');
INSERT INTO `sys_log` VALUES (1400, 5, 'admin', 1, '登录管理-获取登录用户信息', '127.0.0.1', 1, '2023-09-14 11:17:17', '2023-09-14 11:17:17');
INSERT INTO `sys_log` VALUES (1401, 5, 'admin', 1, '用户管理-用户分页列表', '127.0.0.1', 1, '2023-09-14 11:17:20', '2023-09-14 11:17:20');
INSERT INTO `sys_log` VALUES (1402, 5, 'admin', 1, '角色管理-查询全部角色', '127.0.0.1', 1, '2023-09-14 11:17:20', '2023-09-14 11:17:20');
INSERT INTO `sys_log` VALUES (1403, 5, 'admin', 1, '用户管理-删除单个用户', '127.0.0.1', 1, '2023-09-14 11:17:22', '2023-09-14 11:17:22');
INSERT INTO `sys_log` VALUES (1404, 5, 'admin', 1, '用户管理-用户分页列表', '127.0.0.1', 1, '2023-09-14 11:17:45', '2023-09-14 11:17:45');
INSERT INTO `sys_log` VALUES (1405, 5, 'admin', 1, '角色管理-查询全部角色', '127.0.0.1', 1, '2023-09-14 11:17:46', '2023-09-14 11:17:46');
INSERT INTO `sys_log` VALUES (1406, 5, 'admin', 1, '登录管理-退出登录', '127.0.0.1', 1, '2023-09-14 11:19:23', '2023-09-14 11:19:23');
INSERT INTO `sys_log` VALUES (1407, NULL, NULL, 1, '登录管理-登录接口', '127.0.0.1', 1, '2023-09-14 11:19:24', '2023-09-14 11:19:24');
INSERT INTO `sys_log` VALUES (1408, 5, 'admin', 1, '登录管理-获取登录用户信息', '127.0.0.1', 1, '2023-09-14 11:19:24', '2023-09-14 11:19:24');
INSERT INTO `sys_log` VALUES (1409, 5, 'admin', 1, '用户管理-用户分页列表', '127.0.0.1', 1, '2023-09-14 11:19:24', '2023-09-14 11:19:24');
INSERT INTO `sys_log` VALUES (1410, 5, 'admin', 1, '角色管理-查询全部角色', '127.0.0.1', 1, '2023-09-14 11:19:25', '2023-09-14 11:19:25');
INSERT INTO `sys_log` VALUES (1411, 5, 'admin', 1, '角色管理-角色分页列表', '127.0.0.1', 1, '2023-09-14 11:19:31', '2023-09-14 11:19:31');
INSERT INTO `sys_log` VALUES (1412, 5, 'admin', 1, '菜单管理-查询全部菜单', '127.0.0.1', 1, '2023-09-14 11:19:32', '2023-09-14 11:19:32');
INSERT INTO `sys_log` VALUES (1413, 5, 'admin', 1, '菜单管理-获取分页菜单树', '127.0.0.1', 1, '2023-09-14 11:19:33', '2023-09-14 11:19:33');
INSERT INTO `sys_log` VALUES (1414, 5, 'admin', 1, '用户管理-用户分页列表', '127.0.0.1', 1, '2023-09-14 11:19:37', '2023-09-14 11:19:37');
INSERT INTO `sys_log` VALUES (1415, 5, 'admin', 1, '角色管理-查询全部角色', '127.0.0.1', 1, '2023-09-14 11:19:38', '2023-09-14 11:19:38');
INSERT INTO `sys_log` VALUES (1416, 5, 'admin', 1, '用户管理-新增用户', '127.0.0.1', 1, '2023-09-14 11:20:00', '2023-09-14 11:20:00');
INSERT INTO `sys_log` VALUES (1417, 5, 'admin', 1, '用户管理-用户分页列表', '127.0.0.1', 1, '2023-09-14 11:20:00', '2023-09-14 11:20:00');
INSERT INTO `sys_log` VALUES (1418, 5, 'admin', 1, '用户管理-删除单个用户', '127.0.0.1', 1, '2023-09-14 11:20:10', '2023-09-14 11:20:10');
INSERT INTO `sys_log` VALUES (1419, 5, 'admin', 1, '用户管理-用户分页列表', '127.0.0.1', 1, '2023-09-14 11:20:11', '2023-09-14 11:20:11');
INSERT INTO `sys_log` VALUES (1420, 5, 'admin', 1, '日志管理-日志分页列表', '127.0.0.1', 1, '2023-09-14 11:20:13', '2023-09-14 11:20:13');
INSERT INTO `sys_log` VALUES (1421, 5, 'admin', 1, '日志管理-日志分页列表', '127.0.0.1', 1, '2023-09-14 11:20:22', '2023-09-14 11:20:22');
INSERT INTO `sys_log` VALUES (1422, NULL, NULL, 1, '登录管理-登录接口', '127.0.0.1', 1, '2023-09-14 13:33:07', '2023-09-14 13:33:07');
INSERT INTO `sys_log` VALUES (1423, 5, 'admin', 1, '菜单管理-获取分页菜单树', '127.0.0.1', 1, '2023-09-14 13:33:07', '2023-09-14 13:33:07');
INSERT INTO `sys_log` VALUES (1424, NULL, NULL, 1, '登录管理-登录接口', '192.168.1.111', 1, '2023-09-14 14:07:13', '2023-09-14 14:07:13');
INSERT INTO `sys_log` VALUES (1425, 5, 'admin', 1, '菜单管理-获取菜单路由列表', '192.168.1.111', 1, '2023-09-14 14:07:15', '2023-09-14 14:07:15');
INSERT INTO `sys_log` VALUES (1426, 5, 'admin', 1, '菜单管理-获取菜单路由列表', '192.168.1.111', 1, '2023-09-14 14:07:28', '2023-09-14 14:07:28');
INSERT INTO `sys_log` VALUES (1427, NULL, NULL, 1, '登录管理-登录接口', '192.168.1.111', 1, '2023-09-14 14:07:43', '2023-09-14 14:07:43');
INSERT INTO `sys_log` VALUES (1428, 5, 'admin', 1, '菜单管理-获取菜单路由列表', '192.168.1.111', 1, '2023-09-14 14:07:45', '2023-09-14 14:07:45');
INSERT INTO `sys_log` VALUES (1429, NULL, NULL, 1, '登录管理-登录接口', '127.0.0.1', 1, '2023-09-14 14:13:45', '2023-09-14 14:13:45');
INSERT INTO `sys_log` VALUES (1430, 5, 'admin', 1, '登录管理-获取登录用户信息', '127.0.0.1', 1, '2023-09-14 14:13:45', '2023-09-14 14:13:45');
INSERT INTO `sys_log` VALUES (1431, 5, 'admin', 1, '菜单管理-获取分页菜单树', '127.0.0.1', 1, '2023-09-14 14:13:45', '2023-09-14 14:13:45');
INSERT INTO `sys_log` VALUES (1432, 5, 'admin', 1, '登录管理-获取登录用户信息', '127.0.0.1', 1, '2023-09-14 14:13:56', '2023-09-14 14:13:56');
INSERT INTO `sys_log` VALUES (1433, 5, 'admin', 1, '菜单管理-获取分页菜单树', '127.0.0.1', 1, '2023-09-14 14:13:56', '2023-09-14 14:13:56');
INSERT INTO `sys_log` VALUES (1434, 5, 'admin', 1, '菜单管理-获取分页菜单树', '127.0.0.1', 1, '2023-09-14 14:14:11', '2023-09-14 14:14:11');
INSERT INTO `sys_log` VALUES (1435, 5, 'admin', 1, '菜单管理-获取分页菜单树', '127.0.0.1', 1, '2023-09-14 14:14:17', '2023-09-14 14:14:17');
INSERT INTO `sys_log` VALUES (1436, 5, 'admin', 1, '菜单管理-获取分页菜单树', '127.0.0.1', 1, '2023-09-14 14:14:49', '2023-09-14 14:14:49');
INSERT INTO `sys_log` VALUES (1437, 5, 'admin', 1, '菜单管理-新增菜单', '127.0.0.1', 1, '2023-09-14 14:14:54', '2023-09-14 14:14:54');
INSERT INTO `sys_log` VALUES (1438, 5, 'admin', 1, '菜单管理-获取分页菜单树', '127.0.0.1', 1, '2023-09-14 14:14:54', '2023-09-14 14:14:54');
INSERT INTO `sys_log` VALUES (1439, 5, 'admin', 1, '菜单管理-删除单个菜单', '127.0.0.1', 1, '2023-09-14 14:14:57', '2023-09-14 14:14:57');
INSERT INTO `sys_log` VALUES (1440, 5, 'admin', 1, '菜单管理-获取分页菜单树', '127.0.0.1', 1, '2023-09-14 14:14:57', '2023-09-14 14:14:57');
INSERT INTO `sys_log` VALUES (1441, 5, 'admin', 1, '菜单管理-获取分页菜单树', '127.0.0.1', 1, '2023-09-14 14:15:36', '2023-09-14 14:15:36');
INSERT INTO `sys_log` VALUES (1442, 5, 'admin', 1, '菜单管理-获取菜单树', '127.0.0.1', 1, '2023-09-14 14:15:37', '2023-09-14 14:15:37');
INSERT INTO `sys_log` VALUES (1443, 5, 'admin', 1, '菜单管理-获取菜单树', '127.0.0.1', 1, '2023-09-14 14:15:39', '2023-09-14 14:15:39');
INSERT INTO `sys_log` VALUES (1444, 5, 'admin', 1, '菜单管理-获取菜单树', '127.0.0.1', 1, '2023-09-14 14:15:44', '2023-09-14 14:15:44');
INSERT INTO `sys_log` VALUES (1445, 5, 'admin', 1, '菜单管理-获取菜单树', '127.0.0.1', 1, '2023-09-14 14:15:46', '2023-09-14 14:15:46');
INSERT INTO `sys_log` VALUES (1446, NULL, NULL, 1, '登录管理-登录接口', '127.0.0.1', 1, '2023-09-14 14:24:03', '2023-09-14 14:24:03');
INSERT INTO `sys_log` VALUES (1447, 5, 'admin', 1, '登录管理-获取登录用户信息', '127.0.0.1', 1, '2023-09-14 14:24:03', '2023-09-14 14:24:03');
INSERT INTO `sys_log` VALUES (1448, 5, 'admin', 1, '菜单管理-获取分页菜单树', '127.0.0.1', 1, '2023-09-14 14:24:06', '2023-09-14 14:24:06');
INSERT INTO `sys_log` VALUES (1449, 5, 'admin', 1, '菜单管理-获取菜单树', '127.0.0.1', 1, '2023-09-14 14:24:07', '2023-09-14 14:24:07');
INSERT INTO `sys_log` VALUES (1450, 5, 'admin', 1, '菜单管理-新增菜单', '127.0.0.1', 1, '2023-09-14 14:24:16', '2023-09-14 14:24:16');
INSERT INTO `sys_log` VALUES (1451, 5, 'admin', 1, '菜单管理-获取分页菜单树', '127.0.0.1', 1, '2023-09-14 14:24:16', '2023-09-14 14:24:16');
INSERT INTO `sys_log` VALUES (1452, 5, 'admin', 1, '菜单管理-获取菜单树', '127.0.0.1', 1, '2023-09-14 14:24:18', '2023-09-14 14:24:18');
INSERT INTO `sys_log` VALUES (1453, 5, 'admin', 1, '菜单管理-新增菜单', '127.0.0.1', 1, '2023-09-14 14:24:31', '2023-09-14 14:24:31');
INSERT INTO `sys_log` VALUES (1454, 5, 'admin', 1, '菜单管理-获取分页菜单树', '127.0.0.1', 1, '2023-09-14 14:24:32', '2023-09-14 14:24:32');
INSERT INTO `sys_log` VALUES (1455, 5, 'admin', 1, '菜单管理-获取菜单树', '127.0.0.1', 1, '2023-09-14 14:24:34', '2023-09-14 14:24:34');
INSERT INTO `sys_log` VALUES (1456, 5, 'admin', 1, '菜单管理-新增菜单', '127.0.0.1', 1, '2023-09-14 14:24:47', '2023-09-14 14:24:47');
INSERT INTO `sys_log` VALUES (1457, 5, 'admin', 1, '菜单管理-新增菜单', '127.0.0.1', 1, '2023-09-14 14:24:47', '2023-09-14 14:24:47');
INSERT INTO `sys_log` VALUES (1458, 5, 'admin', 1, '菜单管理-获取分页菜单树', '127.0.0.1', 1, '2023-09-14 14:24:47', '2023-09-14 14:24:47');
INSERT INTO `sys_log` VALUES (1459, 5, 'admin', 1, '菜单管理-获取分页菜单树', '127.0.0.1', 1, '2023-09-14 14:24:47', '2023-09-14 14:24:47');
INSERT INTO `sys_log` VALUES (1460, 5, 'admin', 1, '菜单管理-删除单个菜单', '127.0.0.1', 1, '2023-09-14 14:25:00', '2023-09-14 14:25:00');
INSERT INTO `sys_log` VALUES (1461, 5, 'admin', 1, '菜单管理-获取分页菜单树', '127.0.0.1', 1, '2023-09-14 14:25:00', '2023-09-14 14:25:00');
INSERT INTO `sys_log` VALUES (1462, 5, 'admin', 1, '菜单管理-删除单个菜单', '127.0.0.1', 1, '2023-09-14 14:25:12', '2023-09-14 14:25:12');
INSERT INTO `sys_log` VALUES (1463, 5, 'admin', 1, '菜单管理-获取分页菜单树', '127.0.0.1', 1, '2023-09-14 14:25:13', '2023-09-14 14:25:13');
INSERT INTO `sys_log` VALUES (1464, 5, 'admin', 1, '登录管理-获取登录用户信息', '127.0.0.1', 1, '2023-09-14 14:25:38', '2023-09-14 14:25:38');
INSERT INTO `sys_log` VALUES (1465, 5, 'admin', 1, '菜单管理-获取分页菜单树', '127.0.0.1', 1, '2023-09-14 14:25:39', '2023-09-14 14:25:39');
INSERT INTO `sys_log` VALUES (1466, 5, 'admin', 1, '菜单管理-获取分页菜单树', '127.0.0.1', 1, '2023-09-14 14:26:00', '2023-09-14 14:26:00');
INSERT INTO `sys_log` VALUES (1467, 5, 'admin', 1, '菜单管理-获取分页菜单树', '127.0.0.1', 1, '2023-09-14 14:26:00', '2023-09-14 14:26:00');
INSERT INTO `sys_log` VALUES (1468, 5, 'admin', 1, '菜单管理-获取分页菜单树', '127.0.0.1', 1, '2023-09-14 14:26:01', '2023-09-14 14:26:01');
INSERT INTO `sys_log` VALUES (1469, 5, 'admin', 1, '菜单管理-获取分页菜单树', '127.0.0.1', 1, '2023-09-14 14:26:01', '2023-09-14 14:26:01');
INSERT INTO `sys_log` VALUES (1470, 5, 'admin', 1, '菜单管理-获取分页菜单树', '127.0.0.1', 1, '2023-09-14 14:26:13', '2023-09-14 14:26:13');
INSERT INTO `sys_log` VALUES (1471, 5, 'admin', 1, '登录管理-获取登录用户信息', '127.0.0.1', 1, '2023-09-14 14:26:14', '2023-09-14 14:26:14');
INSERT INTO `sys_log` VALUES (1472, 5, 'admin', 1, '菜单管理-获取分页菜单树', '127.0.0.1', 1, '2023-09-14 14:26:14', '2023-09-14 14:26:14');
INSERT INTO `sys_log` VALUES (1473, 5, 'admin', 1, '菜单管理-获取分页菜单树', '127.0.0.1', 1, '2023-09-14 14:26:42', '2023-09-14 14:26:42');
INSERT INTO `sys_log` VALUES (1474, NULL, NULL, 1, '登录管理-登录接口', '192.168.1.111', 1, '2023-09-14 14:26:47', '2023-09-14 14:26:47');
INSERT INTO `sys_log` VALUES (1475, 5, 'admin', 1, '菜单管理-获取菜单路由列表', '192.168.1.111', 1, '2023-09-14 14:26:49', '2023-09-14 14:26:49');
INSERT INTO `sys_log` VALUES (1476, 5, 'admin', 1, '菜单管理-获取菜单路由列表', '192.168.1.111', 1, '2023-09-14 14:28:34', '2023-09-14 14:28:34');
INSERT INTO `sys_log` VALUES (1477, NULL, NULL, 1, '登录管理-登录接口', '192.168.1.111', 1, '2023-09-14 14:30:22', '2023-09-14 14:30:22');
INSERT INTO `sys_log` VALUES (1478, 5, 'admin', 1, '菜单管理-获取菜单路由列表', '192.168.1.111', 1, '2023-09-14 14:30:24', '2023-09-14 14:30:24');
INSERT INTO `sys_log` VALUES (1479, NULL, NULL, 1, '登录管理-登录接口', '127.0.0.1', 1, '2023-09-14 14:31:40', '2023-09-14 14:31:40');
INSERT INTO `sys_log` VALUES (1480, 5, 'admin', 1, '登录管理-获取登录用户信息', '127.0.0.1', 1, '2023-09-14 14:31:40', '2023-09-14 14:31:40');
INSERT INTO `sys_log` VALUES (1481, 5, 'admin', 1, '用户管理-用户分页列表', '127.0.0.1', 1, '2023-09-14 14:31:43', '2023-09-14 14:31:43');
INSERT INTO `sys_log` VALUES (1482, 5, 'admin', 1, '角色管理-查询全部角色', '127.0.0.1', 1, '2023-09-14 14:31:43', '2023-09-14 14:31:43');
INSERT INTO `sys_log` VALUES (1483, 5, 'admin', 1, '登录管理-获取登录用户信息', '127.0.0.1', 1, '2023-09-14 14:32:04', '2023-09-14 14:32:04');
INSERT INTO `sys_log` VALUES (1484, 5, 'admin', 1, '用户管理-用户分页列表', '127.0.0.1', 1, '2023-09-14 14:32:08', '2023-09-14 14:32:08');
INSERT INTO `sys_log` VALUES (1485, 5, 'admin', 1, '角色管理-查询全部角色', '127.0.0.1', 1, '2023-09-14 14:32:08', '2023-09-14 14:32:08');
INSERT INTO `sys_log` VALUES (1486, 5, 'admin', 1, '登录管理-获取登录用户信息', '127.0.0.1', 1, '2023-09-14 14:33:43', '2023-09-14 14:33:43');
INSERT INTO `sys_log` VALUES (1487, 5, 'admin', 1, '角色管理-查询全部角色', '127.0.0.1', 1, '2023-09-14 14:33:44', '2023-09-14 14:33:44');
INSERT INTO `sys_log` VALUES (1488, 5, 'admin', 1, '用户管理-用户分页列表', '127.0.0.1', 1, '2023-09-14 14:33:44', '2023-09-14 14:33:44');
INSERT INTO `sys_log` VALUES (1489, 5, 'admin', 1, '菜单管理-获取分页菜单树', '127.0.0.1', 1, '2023-09-14 14:35:04', '2023-09-14 14:35:04');
INSERT INTO `sys_log` VALUES (1490, 5, 'admin', 1, '菜单管理-获取菜单树', '127.0.0.1', 1, '2023-09-14 14:35:07', '2023-09-14 14:35:07');
INSERT INTO `sys_log` VALUES (1491, 5, 'admin', 1, '菜单管理-新增菜单', '127.0.0.1', 1, '2023-09-14 14:35:28', '2023-09-14 14:35:28');
INSERT INTO `sys_log` VALUES (1492, 5, 'admin', 1, '菜单管理-获取分页菜单树', '127.0.0.1', 1, '2023-09-14 14:35:28', '2023-09-14 14:35:28');
INSERT INTO `sys_log` VALUES (1493, 5, 'admin', 1, '菜单管理-获取菜单树', '127.0.0.1', 1, '2023-09-14 14:35:34', '2023-09-14 14:35:34');
INSERT INTO `sys_log` VALUES (1494, 5, 'admin', 1, '菜单管理-修改菜单', '127.0.0.1', 1, '2023-09-14 14:35:39', '2023-09-14 14:35:39');
INSERT INTO `sys_log` VALUES (1495, 5, 'admin', 1, '菜单管理-获取分页菜单树', '127.0.0.1', 1, '2023-09-14 14:35:39', '2023-09-14 14:35:39');
INSERT INTO `sys_log` VALUES (1496, 5, 'admin', 1, '菜单管理-获取分页菜单树', '127.0.0.1', 1, '2023-09-14 14:35:41', '2023-09-14 14:35:41');
INSERT INTO `sys_log` VALUES (1497, 5, 'admin', 1, '菜单管理-获取菜单树', '127.0.0.1', 1, '2023-09-14 14:35:44', '2023-09-14 14:35:44');
INSERT INTO `sys_log` VALUES (1498, 5, 'admin', 1, '菜单管理-获取菜单树', '127.0.0.1', 1, '2023-09-14 14:36:30', '2023-09-14 14:36:30');
INSERT INTO `sys_log` VALUES (1499, 5, 'admin', 1, '菜单管理-新增菜单', '127.0.0.1', 1, '2023-09-14 14:37:05', '2023-09-14 14:37:05');
INSERT INTO `sys_log` VALUES (1500, 5, 'admin', 1, '菜单管理-获取分页菜单树', '127.0.0.1', 1, '2023-09-14 14:37:05', '2023-09-14 14:37:05');
INSERT INTO `sys_log` VALUES (1501, 5, 'admin', 1, '菜单管理-获取菜单树', '127.0.0.1', 1, '2023-09-14 14:37:13', '2023-09-14 14:37:13');
INSERT INTO `sys_log` VALUES (1502, 5, 'admin', 1, '菜单管理-修改菜单', '127.0.0.1', 1, '2023-09-14 14:37:15', '2023-09-14 14:37:15');
INSERT INTO `sys_log` VALUES (1503, 5, 'admin', 1, '菜单管理-获取分页菜单树', '127.0.0.1', 1, '2023-09-14 14:37:15', '2023-09-14 14:37:15');
INSERT INTO `sys_log` VALUES (1504, 5, 'admin', 1, '菜单管理-获取菜单树', '127.0.0.1', 1, '2023-09-14 14:37:18', '2023-09-14 14:37:18');
INSERT INTO `sys_log` VALUES (1505, 5, 'admin', 1, '菜单管理-新增菜单', '127.0.0.1', 1, '2023-09-14 14:37:48', '2023-09-14 14:37:48');
INSERT INTO `sys_log` VALUES (1506, 5, 'admin', 1, '菜单管理-获取分页菜单树', '127.0.0.1', 1, '2023-09-14 14:37:49', '2023-09-14 14:37:49');
INSERT INTO `sys_log` VALUES (1507, 5, 'admin', 1, '菜单管理-获取菜单树', '127.0.0.1', 1, '2023-09-14 14:37:57', '2023-09-14 14:37:57');
INSERT INTO `sys_log` VALUES (1508, 5, 'admin', 1, '菜单管理-获取菜单树', '127.0.0.1', 1, '2023-09-14 14:37:59', '2023-09-14 14:37:59');
INSERT INTO `sys_log` VALUES (1509, 5, 'admin', 1, '菜单管理-新增菜单', '127.0.0.1', 1, '2023-09-14 14:38:20', '2023-09-14 14:38:20');
INSERT INTO `sys_log` VALUES (1510, 5, 'admin', 1, '菜单管理-获取分页菜单树', '127.0.0.1', 1, '2023-09-14 14:38:21', '2023-09-14 14:38:21');
INSERT INTO `sys_log` VALUES (1511, 5, 'admin', 1, '菜单管理-获取菜单树', '127.0.0.1', 1, '2023-09-14 14:38:26', '2023-09-14 14:38:26');
INSERT INTO `sys_log` VALUES (1512, 5, 'admin', 1, '菜单管理-修改菜单', '127.0.0.1', 1, '2023-09-14 14:38:37', '2023-09-14 14:38:37');
INSERT INTO `sys_log` VALUES (1513, 5, 'admin', 1, '菜单管理-获取分页菜单树', '127.0.0.1', 1, '2023-09-14 14:38:37', '2023-09-14 14:38:37');
INSERT INTO `sys_log` VALUES (1514, 5, 'admin', 1, '菜单管理-获取菜单树', '127.0.0.1', 1, '2023-09-14 14:38:54', '2023-09-14 14:38:54');
INSERT INTO `sys_log` VALUES (1515, 5, 'admin', 1, '菜单管理-获取分页菜单树', '127.0.0.1', 1, '2023-09-14 14:39:47', '2023-09-14 14:39:47');
INSERT INTO `sys_log` VALUES (1516, 5, 'admin', 1, '菜单管理-获取分页菜单树', '127.0.0.1', 1, '2023-09-14 14:39:51', '2023-09-14 14:39:51');
INSERT INTO `sys_log` VALUES (1517, 5, 'admin', 1, '菜单管理-获取菜单树', '127.0.0.1', 1, '2023-09-14 14:40:17', '2023-09-14 14:40:17');
INSERT INTO `sys_log` VALUES (1518, 5, 'admin', 1, '菜单管理-获取菜单树', '127.0.0.1', 1, '2023-09-14 14:43:39', '2023-09-14 14:43:39');
INSERT INTO `sys_log` VALUES (1519, 5, 'admin', 1, '菜单管理-获取菜单树', '127.0.0.1', 1, '2023-09-14 14:43:42', '2023-09-14 14:43:42');
INSERT INTO `sys_log` VALUES (1520, 5, 'admin', 1, '菜单管理-获取菜单树', '127.0.0.1', 1, '2023-09-14 14:43:44', '2023-09-14 14:43:44');
INSERT INTO `sys_log` VALUES (1521, NULL, NULL, 1, '登录管理-登录接口', '192.168.1.111', 1, '2023-09-14 14:44:30', '2023-09-14 14:44:30');
INSERT INTO `sys_log` VALUES (1522, 5, 'admin', 1, '菜单管理-获取菜单路由列表', '192.168.1.111', 1, '2023-09-14 14:44:32', '2023-09-14 14:44:32');
INSERT INTO `sys_log` VALUES (1523, 5, 'admin', 1, '菜单管理-获取菜单路由列表', '192.168.1.111', 1, '2023-09-14 14:54:03', '2023-09-14 14:54:03');
INSERT INTO `sys_log` VALUES (1524, NULL, NULL, 1, '登录管理-登录接口', '192.168.1.111', 1, '2023-09-14 14:54:22', '2023-09-14 14:54:22');
INSERT INTO `sys_log` VALUES (1525, 5, 'admin', 1, '菜单管理-获取菜单路由列表', '192.168.1.111', 1, '2023-09-14 14:54:24', '2023-09-14 14:54:24');
INSERT INTO `sys_log` VALUES (1526, NULL, NULL, 1, '登录管理-登录接口', '192.168.1.111', 1, '2023-09-14 14:56:19', '2023-09-14 14:56:19');
INSERT INTO `sys_log` VALUES (1527, 5, 'admin', 1, '菜单管理-获取菜单路由列表', '192.168.1.111', 1, '2023-09-14 14:56:21', '2023-09-14 14:56:21');
INSERT INTO `sys_log` VALUES (1528, NULL, NULL, 1, '登录管理-登录接口', '127.0.0.1', 1, '2023-09-14 14:56:43', '2023-09-14 14:56:43');
INSERT INTO `sys_log` VALUES (1529, 5, 'admin', 1, '登录管理-获取登录用户信息', '127.0.0.1', 1, '2023-09-14 14:56:43', '2023-09-14 14:56:43');
INSERT INTO `sys_log` VALUES (1530, 5, 'admin', 1, '菜单管理-查询全部菜单', '127.0.0.1', 1, '2023-09-14 14:56:48', '2023-09-14 14:56:48');
INSERT INTO `sys_log` VALUES (1531, 5, 'admin', 1, '角色管理-角色分页列表', '127.0.0.1', 1, '2023-09-14 14:56:48', '2023-09-14 14:56:48');
INSERT INTO `sys_log` VALUES (1532, 5, 'admin', 1, '角色管理-角色关联菜单', '127.0.0.1', 1, '2023-09-14 14:57:02', '2023-09-14 14:57:02');
INSERT INTO `sys_log` VALUES (1533, 5, 'admin', 1, '角色管理-角色分页列表', '127.0.0.1', 1, '2023-09-14 14:57:02', '2023-09-14 14:57:02');
INSERT INTO `sys_log` VALUES (1534, 5, 'admin', 1, '用户管理-用户分页列表', '127.0.0.1', 1, '2023-09-14 14:57:06', '2023-09-14 14:57:06');
INSERT INTO `sys_log` VALUES (1535, 5, 'admin', 1, '角色管理-查询全部角色', '127.0.0.1', 1, '2023-09-14 14:57:06', '2023-09-14 14:57:06');
INSERT INTO `sys_log` VALUES (1536, 5, 'admin', 1, '用户管理-新增用户角色', '127.0.0.1', 1, '2023-09-14 14:57:10', '2023-09-14 14:57:10');
INSERT INTO `sys_log` VALUES (1537, 5, 'admin', 1, '用户管理-用户分页列表', '127.0.0.1', 1, '2023-09-14 14:57:11', '2023-09-14 14:57:11');
INSERT INTO `sys_log` VALUES (1538, NULL, NULL, 1, '登录管理-登录接口', '192.168.1.111', 1, '2023-09-14 14:57:18', '2023-09-14 14:57:18');
INSERT INTO `sys_log` VALUES (1539, 5, 'admin', 1, '菜单管理-获取菜单路由列表', '192.168.1.111', 1, '2023-09-14 14:57:19', '2023-09-14 14:57:19');
INSERT INTO `sys_log` VALUES (1540, NULL, NULL, 1, '登录管理-登录接口', '192.168.1.111', 1, '2023-09-14 15:04:16', '2023-09-14 15:04:16');
INSERT INTO `sys_log` VALUES (1541, 5, 'admin', 1, '菜单管理-获取菜单路由列表', '192.168.1.111', 1, '2023-09-14 15:04:18', '2023-09-14 15:04:18');
INSERT INTO `sys_log` VALUES (1542, 5, 'admin', 1, '菜单管理-获取菜单路由列表', '192.168.1.111', 1, '2023-09-14 15:04:30', '2023-09-14 15:04:30');
INSERT INTO `sys_log` VALUES (1543, 5, 'admin', 1, '菜单管理-获取菜单路由列表', '192.168.1.111', 1, '2023-09-14 15:05:04', '2023-09-14 15:05:04');
INSERT INTO `sys_log` VALUES (1544, NULL, NULL, 1, '登录管理-登录接口', '192.168.1.111', 1, '2023-09-14 15:06:17', '2023-09-14 15:06:17');
INSERT INTO `sys_log` VALUES (1545, 5, 'admin', 1, '菜单管理-获取菜单路由列表', '192.168.1.111', 1, '2023-09-14 15:06:19', '2023-09-14 15:06:19');
INSERT INTO `sys_log` VALUES (1546, NULL, NULL, 1, '登录管理-登录接口', '127.0.0.1', 1, '2023-09-14 15:17:51', '2023-09-14 15:17:51');
INSERT INTO `sys_log` VALUES (1547, 5, 'admin', 1, '登录管理-获取登录用户信息', '127.0.0.1', 1, '2023-09-14 15:17:51', '2023-09-14 15:17:51');
INSERT INTO `sys_log` VALUES (1548, 5, 'admin', 1, '登录管理-获取登录用户信息', '127.0.0.1', 1, '2023-09-14 15:18:06', '2023-09-14 15:18:06');
INSERT INTO `sys_log` VALUES (1549, 5, 'admin', 1, '登录管理-获取登录用户信息', '127.0.0.1', 1, '2023-09-14 15:18:13', '2023-09-14 15:18:13');
INSERT INTO `sys_log` VALUES (1550, NULL, NULL, 1, '登录管理-登录接口', '127.0.0.1', 1, '2023-09-14 15:18:26', '2023-09-14 15:18:26');
INSERT INTO `sys_log` VALUES (1551, 5, 'admin', 1, '登录管理-获取登录用户信息', '127.0.0.1', 1, '2023-09-14 15:18:26', '2023-09-14 15:18:26');
INSERT INTO `sys_log` VALUES (1552, 5, 'admin', 1, '登录管理-获取登录用户信息', '127.0.0.1', 1, '2023-09-14 15:19:14', '2023-09-14 15:19:14');
INSERT INTO `sys_log` VALUES (1553, 5, 'admin', 1, '菜单管理-获取菜单路由列表', '127.0.0.1', 1, '2023-09-14 15:19:14', '2023-09-14 15:19:14');
INSERT INTO `sys_log` VALUES (1554, 5, 'admin', 1, '登录管理-获取登录用户信息', '127.0.0.1', 1, '2023-09-14 15:19:17', '2023-09-14 15:19:17');
INSERT INTO `sys_log` VALUES (1555, 5, 'admin', 1, '菜单管理-获取菜单路由列表', '127.0.0.1', 1, '2023-09-14 15:19:17', '2023-09-14 15:19:17');
INSERT INTO `sys_log` VALUES (1556, 5, 'admin', 1, '登录管理-获取登录用户信息', '127.0.0.1', 1, '2023-09-14 15:19:59', '2023-09-14 15:19:59');
INSERT INTO `sys_log` VALUES (1557, 5, 'admin', 1, '菜单管理-获取菜单路由列表', '127.0.0.1', 1, '2023-09-14 15:19:59', '2023-09-14 15:19:59');
INSERT INTO `sys_log` VALUES (1558, 5, 'admin', 1, '登录管理-获取登录用户信息', '127.0.0.1', 1, '2023-09-14 15:20:12', '2023-09-14 15:20:12');
INSERT INTO `sys_log` VALUES (1559, 5, 'admin', 1, '菜单管理-获取菜单路由列表', '127.0.0.1', 1, '2023-09-14 15:20:12', '2023-09-14 15:20:12');
INSERT INTO `sys_log` VALUES (1560, 5, 'admin', 1, '登录管理-获取登录用户信息', '127.0.0.1', 1, '2023-09-14 15:20:14', '2023-09-14 15:20:14');
INSERT INTO `sys_log` VALUES (1561, 5, 'admin', 1, '菜单管理-获取菜单路由列表', '127.0.0.1', 1, '2023-09-14 15:20:14', '2023-09-14 15:20:14');
INSERT INTO `sys_log` VALUES (1562, 5, 'admin', 1, '登录管理-获取登录用户信息', '127.0.0.1', 1, '2023-09-14 15:20:22', '2023-09-14 15:20:22');
INSERT INTO `sys_log` VALUES (1563, 5, 'admin', 1, '菜单管理-获取菜单路由列表', '127.0.0.1', 1, '2023-09-14 15:20:22', '2023-09-14 15:20:22');
INSERT INTO `sys_log` VALUES (1564, 5, 'admin', 1, '登录管理-获取登录用户信息', '127.0.0.1', 1, '2023-09-14 15:20:34', '2023-09-14 15:20:34');
INSERT INTO `sys_log` VALUES (1565, 5, 'admin', 1, '菜单管理-获取菜单路由列表', '127.0.0.1', 1, '2023-09-14 15:20:34', '2023-09-14 15:20:34');
INSERT INTO `sys_log` VALUES (1566, 5, 'admin', 1, '登录管理-获取登录用户信息', '127.0.0.1', 1, '2023-09-14 15:21:11', '2023-09-14 15:21:11');
INSERT INTO `sys_log` VALUES (1567, 5, 'admin', 1, '菜单管理-获取菜单路由列表', '127.0.0.1', 1, '2023-09-14 15:21:12', '2023-09-14 15:21:12');
INSERT INTO `sys_log` VALUES (1568, 5, 'admin', 1, '登录管理-获取登录用户信息', '127.0.0.1', 1, '2023-09-14 15:21:47', '2023-09-14 15:21:47');
INSERT INTO `sys_log` VALUES (1569, 5, 'admin', 1, '菜单管理-获取菜单路由列表', '127.0.0.1', 1, '2023-09-14 15:21:47', '2023-09-14 15:21:47');
INSERT INTO `sys_log` VALUES (1570, 5, 'admin', 1, '登录管理-获取登录用户信息', '127.0.0.1', 1, '2023-09-14 15:22:16', '2023-09-14 15:22:16');
INSERT INTO `sys_log` VALUES (1571, 5, 'admin', 1, '菜单管理-获取菜单路由列表', '127.0.0.1', 1, '2023-09-14 15:22:16', '2023-09-14 15:22:16');
INSERT INTO `sys_log` VALUES (1572, 5, 'admin', 1, '登录管理-获取登录用户信息', '127.0.0.1', 1, '2023-09-14 15:22:27', '2023-09-14 15:22:27');
INSERT INTO `sys_log` VALUES (1573, 5, 'admin', 1, '菜单管理-获取菜单路由列表', '127.0.0.1', 1, '2023-09-14 15:22:27', '2023-09-14 15:22:27');
INSERT INTO `sys_log` VALUES (1574, 5, 'admin', 1, '登录管理-获取登录用户信息', '127.0.0.1', 1, '2023-09-14 15:22:29', '2023-09-14 15:22:29');
INSERT INTO `sys_log` VALUES (1575, 5, 'admin', 1, '菜单管理-获取菜单路由列表', '127.0.0.1', 1, '2023-09-14 15:22:29', '2023-09-14 15:22:29');
INSERT INTO `sys_log` VALUES (1576, 5, 'admin', 1, '登录管理-获取登录用户信息', '127.0.0.1', 1, '2023-09-14 15:22:58', '2023-09-14 15:22:58');
INSERT INTO `sys_log` VALUES (1577, 5, 'admin', 1, '菜单管理-获取菜单路由列表', '127.0.0.1', 1, '2023-09-14 15:22:58', '2023-09-14 15:22:58');
INSERT INTO `sys_log` VALUES (1578, 5, 'admin', 1, '登录管理-获取登录用户信息', '127.0.0.1', 1, '2023-09-14 15:23:10', '2023-09-14 15:23:10');
INSERT INTO `sys_log` VALUES (1579, 5, 'admin', 1, '菜单管理-获取菜单路由列表', '127.0.0.1', 1, '2023-09-14 15:23:10', '2023-09-14 15:23:10');
INSERT INTO `sys_log` VALUES (1580, 5, 'admin', 1, '登录管理-获取登录用户信息', '127.0.0.1', 1, '2023-09-14 15:23:25', '2023-09-14 15:23:25');
INSERT INTO `sys_log` VALUES (1581, 5, 'admin', 1, '菜单管理-获取菜单路由列表', '127.0.0.1', 1, '2023-09-14 15:23:25', '2023-09-14 15:23:25');
INSERT INTO `sys_log` VALUES (1582, 5, 'admin', 1, '登录管理-获取登录用户信息', '127.0.0.1', 1, '2023-09-14 15:23:41', '2023-09-14 15:23:41');
INSERT INTO `sys_log` VALUES (1583, 5, 'admin', 1, '菜单管理-获取菜单路由列表', '127.0.0.1', 1, '2023-09-14 15:23:41', '2023-09-14 15:23:41');
INSERT INTO `sys_log` VALUES (1584, 5, 'admin', 1, '登录管理-获取登录用户信息', '127.0.0.1', 1, '2023-09-14 15:23:58', '2023-09-14 15:23:58');
INSERT INTO `sys_log` VALUES (1585, 5, 'admin', 1, '菜单管理-获取菜单路由列表', '127.0.0.1', 1, '2023-09-14 15:23:58', '2023-09-14 15:23:58');
INSERT INTO `sys_log` VALUES (1586, 5, 'admin', 1, '登录管理-获取登录用户信息', '127.0.0.1', 1, '2023-09-14 15:24:05', '2023-09-14 15:24:05');
INSERT INTO `sys_log` VALUES (1587, 5, 'admin', 1, '菜单管理-获取菜单路由列表', '127.0.0.1', 1, '2023-09-14 15:24:05', '2023-09-14 15:24:05');
INSERT INTO `sys_log` VALUES (1588, 5, 'admin', 1, '登录管理-获取登录用户信息', '127.0.0.1', 1, '2023-09-14 15:24:28', '2023-09-14 15:24:28');
INSERT INTO `sys_log` VALUES (1589, 5, 'admin', 1, '菜单管理-获取菜单路由列表', '127.0.0.1', 1, '2023-09-14 15:24:28', '2023-09-14 15:24:28');
INSERT INTO `sys_log` VALUES (1590, 5, 'admin', 1, '登录管理-获取登录用户信息', '127.0.0.1', 1, '2023-09-14 15:26:19', '2023-09-14 15:26:19');
INSERT INTO `sys_log` VALUES (1591, 5, 'admin', 1, '菜单管理-获取菜单路由列表', '127.0.0.1', 1, '2023-09-14 15:26:19', '2023-09-14 15:26:19');
INSERT INTO `sys_log` VALUES (1592, 5, 'admin', 1, '登录管理-获取登录用户信息', '127.0.0.1', 1, '2023-09-14 15:26:20', '2023-09-14 15:26:20');
INSERT INTO `sys_log` VALUES (1593, 5, 'admin', 1, '菜单管理-获取菜单路由列表', '127.0.0.1', 1, '2023-09-14 15:26:20', '2023-09-14 15:26:20');
INSERT INTO `sys_log` VALUES (1594, 5, 'admin', 1, '登录管理-退出登录', '127.0.0.1', 1, '2023-09-14 15:26:22', '2023-09-14 15:26:22');
INSERT INTO `sys_log` VALUES (1595, NULL, NULL, 1, '登录管理-登录接口', '127.0.0.1', 1, '2023-09-14 15:26:23', '2023-09-14 15:26:23');
INSERT INTO `sys_log` VALUES (1596, 5, 'admin', 1, '登录管理-获取登录用户信息', '127.0.0.1', 1, '2023-09-14 15:26:23', '2023-09-14 15:26:23');
INSERT INTO `sys_log` VALUES (1597, 5, 'admin', 1, '菜单管理-获取菜单路由列表', '127.0.0.1', 1, '2023-09-14 15:26:23', '2023-09-14 15:26:23');
INSERT INTO `sys_log` VALUES (1598, 5, 'admin', 1, '登录管理-获取登录用户信息', '127.0.0.1', 1, '2023-09-14 15:26:45', '2023-09-14 15:26:45');
INSERT INTO `sys_log` VALUES (1599, 5, 'admin', 1, '菜单管理-获取菜单路由列表', '127.0.0.1', 1, '2023-09-14 15:26:45', '2023-09-14 15:26:45');
INSERT INTO `sys_log` VALUES (1600, 5, 'admin', 1, '登录管理-获取登录用户信息', '127.0.0.1', 1, '2023-09-14 15:27:07', '2023-09-14 15:27:07');
INSERT INTO `sys_log` VALUES (1601, 5, 'admin', 1, '菜单管理-获取菜单路由列表', '127.0.0.1', 1, '2023-09-14 15:27:07', '2023-09-14 15:27:07');
INSERT INTO `sys_log` VALUES (1602, 5, 'admin', 1, '登录管理-获取登录用户信息', '127.0.0.1', 1, '2023-09-14 15:27:17', '2023-09-14 15:27:17');
INSERT INTO `sys_log` VALUES (1603, 5, 'admin', 1, '菜单管理-获取菜单路由列表', '127.0.0.1', 1, '2023-09-14 15:27:17', '2023-09-14 15:27:17');
INSERT INTO `sys_log` VALUES (1604, 5, 'admin', 1, '登录管理-获取登录用户信息', '127.0.0.1', 1, '2023-09-14 15:27:35', '2023-09-14 15:27:35');
INSERT INTO `sys_log` VALUES (1605, 5, 'admin', 1, '菜单管理-获取菜单路由列表', '127.0.0.1', 1, '2023-09-14 15:27:35', '2023-09-14 15:27:35');
INSERT INTO `sys_log` VALUES (1606, 5, 'admin', 1, '登录管理-退出登录', '127.0.0.1', 1, '2023-09-14 15:27:42', '2023-09-14 15:27:42');
INSERT INTO `sys_log` VALUES (1607, NULL, NULL, 1, '登录管理-登录接口', '127.0.0.1', 1, '2023-09-14 15:27:45', '2023-09-14 15:27:45');
INSERT INTO `sys_log` VALUES (1608, 5, 'admin', 1, '登录管理-获取登录用户信息', '127.0.0.1', 1, '2023-09-14 15:27:46', '2023-09-14 15:27:46');
INSERT INTO `sys_log` VALUES (1609, 5, 'admin', 1, '菜单管理-获取菜单路由列表', '127.0.0.1', 1, '2023-09-14 15:27:46', '2023-09-14 15:27:46');
INSERT INTO `sys_log` VALUES (1610, 5, 'admin', 1, '登录管理-获取登录用户信息', '127.0.0.1', 1, '2023-09-14 15:29:31', '2023-09-14 15:29:31');
INSERT INTO `sys_log` VALUES (1611, 5, 'admin', 1, '菜单管理-获取菜单路由列表', '127.0.0.1', 1, '2023-09-14 15:29:31', '2023-09-14 15:29:31');
INSERT INTO `sys_log` VALUES (1612, 5, 'admin', 1, '登录管理-获取登录用户信息', '127.0.0.1', 1, '2023-09-14 15:30:54', '2023-09-14 15:30:54');
INSERT INTO `sys_log` VALUES (1613, 5, 'admin', 1, '菜单管理-获取菜单路由列表', '127.0.0.1', 1, '2023-09-14 15:30:54', '2023-09-14 15:30:54');
INSERT INTO `sys_log` VALUES (1614, 5, 'admin', 1, '登录管理-获取登录用户信息', '127.0.0.1', 1, '2023-09-14 15:33:41', '2023-09-14 15:33:41');
INSERT INTO `sys_log` VALUES (1615, 5, 'admin', 1, '菜单管理-获取菜单路由列表', '127.0.0.1', 1, '2023-09-14 15:33:41', '2023-09-14 15:33:41');
INSERT INTO `sys_log` VALUES (1616, 5, 'admin', 1, '登录管理-获取登录用户信息', '127.0.0.1', 1, '2023-09-14 15:34:08', '2023-09-14 15:34:08');
INSERT INTO `sys_log` VALUES (1617, 5, 'admin', 1, '菜单管理-获取菜单路由列表', '127.0.0.1', 1, '2023-09-14 15:34:09', '2023-09-14 15:34:09');
INSERT INTO `sys_log` VALUES (1618, 5, 'admin', 1, '登录管理-获取登录用户信息', '127.0.0.1', 1, '2023-09-14 15:34:39', '2023-09-14 15:34:39');
INSERT INTO `sys_log` VALUES (1619, 5, 'admin', 1, '菜单管理-获取菜单路由列表', '127.0.0.1', 1, '2023-09-14 15:34:39', '2023-09-14 15:34:39');
INSERT INTO `sys_log` VALUES (1620, NULL, NULL, 1, '登录管理-登录接口', '127.0.0.1', 1, '2023-09-14 15:34:57', '2023-09-14 15:34:57');
INSERT INTO `sys_log` VALUES (1621, 5, 'admin', 1, '登录管理-获取登录用户信息', '127.0.0.1', 1, '2023-09-14 15:34:57', '2023-09-14 15:34:57');
INSERT INTO `sys_log` VALUES (1622, 5, 'admin', 1, '菜单管理-获取菜单路由列表', '127.0.0.1', 1, '2023-09-14 15:34:57', '2023-09-14 15:34:57');
INSERT INTO `sys_log` VALUES (1623, 5, 'admin', 1, '登录管理-获取登录用户信息', '127.0.0.1', 1, '2023-09-14 15:35:18', '2023-09-14 15:35:18');
INSERT INTO `sys_log` VALUES (1624, 5, 'admin', 1, '菜单管理-获取菜单路由列表', '127.0.0.1', 1, '2023-09-14 15:35:18', '2023-09-14 15:35:18');
INSERT INTO `sys_log` VALUES (1625, 5, 'admin', 1, '登录管理-获取登录用户信息', '127.0.0.1', 1, '2023-09-14 15:36:12', '2023-09-14 15:36:12');
INSERT INTO `sys_log` VALUES (1626, 5, 'admin', 1, '菜单管理-获取菜单路由列表', '127.0.0.1', 1, '2023-09-14 15:36:12', '2023-09-14 15:36:12');
INSERT INTO `sys_log` VALUES (1627, NULL, NULL, 1, '登录管理-登录接口', '127.0.0.1', 1, '2023-09-14 15:43:12', '2023-09-14 15:43:12');
INSERT INTO `sys_log` VALUES (1628, 5, 'admin', 1, '登录管理-获取登录用户信息', '127.0.0.1', 1, '2023-09-14 15:43:14', '2023-09-14 15:43:14');
INSERT INTO `sys_log` VALUES (1629, 5, 'admin', 1, '菜单管理-获取菜单路由列表', '127.0.0.1', 1, '2023-09-14 15:43:14', '2023-09-14 15:43:14');
INSERT INTO `sys_log` VALUES (1630, 5, 'admin', 1, '登录管理-获取登录用户信息', '127.0.0.1', 1, '2023-09-14 15:44:21', '2023-09-14 15:44:21');
INSERT INTO `sys_log` VALUES (1631, 5, 'admin', 1, '登录管理-获取登录用户信息', '127.0.0.1', 1, '2023-09-14 15:44:26', '2023-09-14 15:44:26');
INSERT INTO `sys_log` VALUES (1632, 5, 'admin', 1, '登录管理-获取登录用户信息', '127.0.0.1', 1, '2023-09-14 15:45:01', '2023-09-14 15:45:01');
INSERT INTO `sys_log` VALUES (1633, 5, 'admin', 1, '登录管理-获取登录用户信息', '127.0.0.1', 1, '2023-09-14 15:45:28', '2023-09-14 15:45:28');
INSERT INTO `sys_log` VALUES (1634, 5, 'admin', 1, '登录管理-获取登录用户信息', '127.0.0.1', 1, '2023-09-14 15:45:41', '2023-09-14 15:45:41');
INSERT INTO `sys_log` VALUES (1635, 5, 'admin', 1, '登录管理-获取登录用户信息', '127.0.0.1', 1, '2023-09-14 15:46:34', '2023-09-14 15:46:34');
INSERT INTO `sys_log` VALUES (1636, 5, 'admin', 1, '菜单管理-获取菜单路由列表', '127.0.0.1', 1, '2023-09-14 15:46:34', '2023-09-14 15:46:34');
INSERT INTO `sys_log` VALUES (1637, 5, 'admin', 1, '登录管理-获取登录用户信息', '127.0.0.1', 1, '2023-09-14 15:48:02', '2023-09-14 15:48:02');
INSERT INTO `sys_log` VALUES (1638, 5, 'admin', 1, '菜单管理-获取菜单路由列表', '127.0.0.1', 1, '2023-09-14 15:48:03', '2023-09-14 15:48:03');
INSERT INTO `sys_log` VALUES (1639, 5, 'admin', 1, '登录管理-获取登录用户信息', '127.0.0.1', 1, '2023-09-14 15:48:15', '2023-09-14 15:48:15');
INSERT INTO `sys_log` VALUES (1640, 5, 'admin', 1, '菜单管理-获取菜单路由列表', '127.0.0.1', 1, '2023-09-14 15:48:15', '2023-09-14 15:48:15');
INSERT INTO `sys_log` VALUES (1641, 5, 'admin', 1, '登录管理-获取登录用户信息', '127.0.0.1', 1, '2023-09-14 15:48:44', '2023-09-14 15:48:44');
INSERT INTO `sys_log` VALUES (1642, 5, 'admin', 1, '菜单管理-获取菜单路由列表', '127.0.0.1', 1, '2023-09-14 15:48:44', '2023-09-14 15:48:44');
INSERT INTO `sys_log` VALUES (1643, 5, 'admin', 1, '登录管理-获取登录用户信息', '127.0.0.1', 1, '2023-09-14 15:49:00', '2023-09-14 15:49:00');
INSERT INTO `sys_log` VALUES (1644, 5, 'admin', 1, '菜单管理-获取菜单路由列表', '127.0.0.1', 1, '2023-09-14 15:49:00', '2023-09-14 15:49:00');
INSERT INTO `sys_log` VALUES (1645, 5, 'admin', 1, '登录管理-获取登录用户信息', '127.0.0.1', 1, '2023-09-14 15:49:47', '2023-09-14 15:49:47');
INSERT INTO `sys_log` VALUES (1646, 5, 'admin', 1, '菜单管理-获取菜单路由列表', '127.0.0.1', 1, '2023-09-14 15:49:47', '2023-09-14 15:49:47');
INSERT INTO `sys_log` VALUES (1647, 5, 'admin', 1, '登录管理-获取登录用户信息', '127.0.0.1', 1, '2023-09-14 15:51:57', '2023-09-14 15:51:57');
INSERT INTO `sys_log` VALUES (1648, 5, 'admin', 1, '菜单管理-获取菜单路由列表', '127.0.0.1', 1, '2023-09-14 15:51:57', '2023-09-14 15:51:57');
INSERT INTO `sys_log` VALUES (1649, 5, 'admin', 1, '登录管理-获取登录用户信息', '127.0.0.1', 1, '2023-09-14 15:52:11', '2023-09-14 15:52:11');
INSERT INTO `sys_log` VALUES (1650, 5, 'admin', 1, '菜单管理-获取菜单路由列表', '127.0.0.1', 1, '2023-09-14 15:52:11', '2023-09-14 15:52:11');
INSERT INTO `sys_log` VALUES (1651, NULL, NULL, 1, '登录管理-登录接口', '127.0.0.1', 1, '2023-09-14 15:55:06', '2023-09-14 15:55:06');
INSERT INTO `sys_log` VALUES (1652, 5, 'admin', 1, '登录管理-获取登录用户信息', '127.0.0.1', 1, '2023-09-14 15:55:06', '2023-09-14 15:55:06');
INSERT INTO `sys_log` VALUES (1653, 5, 'admin', 1, '菜单管理-获取菜单路由列表', '127.0.0.1', 1, '2023-09-14 15:55:06', '2023-09-14 15:55:06');
INSERT INTO `sys_log` VALUES (1654, NULL, NULL, 1, '登录管理-登录接口', '192.168.1.111', 1, '2023-09-14 15:55:42', '2023-09-14 15:55:42');
INSERT INTO `sys_log` VALUES (1655, 5, 'admin', 1, '菜单管理-获取菜单路由列表', '192.168.1.111', 1, '2023-09-14 15:55:44', '2023-09-14 15:55:44');
INSERT INTO `sys_log` VALUES (1656, NULL, NULL, 1, '登录管理-登录接口', '127.0.0.1', 1, '2023-09-14 15:56:33', '2023-09-14 15:56:33');
INSERT INTO `sys_log` VALUES (1657, 5, 'admin', 1, '登录管理-获取登录用户信息', '127.0.0.1', 1, '2023-09-14 15:56:33', '2023-09-14 15:56:33');
INSERT INTO `sys_log` VALUES (1658, 5, 'admin', 1, '菜单管理-获取菜单路由列表', '127.0.0.1', 1, '2023-09-14 15:56:33', '2023-09-14 15:56:33');
INSERT INTO `sys_log` VALUES (1659, 5, 'admin', 1, '角色管理-查询全部角色', '127.0.0.1', 1, '2023-09-14 15:56:38', '2023-09-14 15:56:38');
INSERT INTO `sys_log` VALUES (1660, 5, 'admin', 1, '用户管理-用户分页列表', '127.0.0.1', 1, '2023-09-14 15:56:38', '2023-09-14 15:56:38');
INSERT INTO `sys_log` VALUES (1661, 5, 'admin', 1, '登录管理-获取登录用户信息', '127.0.0.1', 1, '2023-09-14 15:57:14', '2023-09-14 15:57:14');
INSERT INTO `sys_log` VALUES (1662, 5, 'admin', 1, '菜单管理-获取菜单路由列表', '127.0.0.1', 1, '2023-09-14 15:57:14', '2023-09-14 15:57:14');
INSERT INTO `sys_log` VALUES (1663, 5, 'admin', 1, '登录管理-获取登录用户信息', '127.0.0.1', 1, '2023-09-14 15:57:27', '2023-09-14 15:57:27');
INSERT INTO `sys_log` VALUES (1664, 5, 'admin', 1, '菜单管理-获取菜单路由列表', '127.0.0.1', 1, '2023-09-14 15:57:27', '2023-09-14 15:57:27');
INSERT INTO `sys_log` VALUES (1665, 5, 'admin', 1, '登录管理-获取登录用户信息', '127.0.0.1', 1, '2023-09-14 15:57:48', '2023-09-14 15:57:48');
INSERT INTO `sys_log` VALUES (1666, 5, 'admin', 1, '菜单管理-获取菜单路由列表', '127.0.0.1', 1, '2023-09-14 15:57:48', '2023-09-14 15:57:48');
INSERT INTO `sys_log` VALUES (1667, 5, 'admin', 1, '用户管理-用户分页列表', '127.0.0.1', 1, '2023-09-14 15:57:54', '2023-09-14 15:57:54');
INSERT INTO `sys_log` VALUES (1668, 5, 'admin', 1, '角色管理-查询全部角色', '127.0.0.1', 1, '2023-09-14 15:57:54', '2023-09-14 15:57:54');
INSERT INTO `sys_log` VALUES (1669, 5, 'admin', 1, '日志管理-日志分页列表', '127.0.0.1', 1, '2023-09-14 15:58:08', '2023-09-14 15:58:08');
INSERT INTO `sys_log` VALUES (1670, 5, 'admin', 1, '角色管理-角色分页列表', '127.0.0.1', 1, '2023-09-14 15:58:09', '2023-09-14 15:58:09');
INSERT INTO `sys_log` VALUES (1671, 5, 'admin', 1, '菜单管理-查询全部菜单', '127.0.0.1', 1, '2023-09-14 15:58:09', '2023-09-14 15:58:09');
INSERT INTO `sys_log` VALUES (1672, 5, 'admin', 1, '登录管理-获取登录用户信息', '127.0.0.1', 1, '2023-09-14 15:58:54', '2023-09-14 15:58:54');
INSERT INTO `sys_log` VALUES (1673, 5, 'admin', 1, '菜单管理-获取菜单路由列表', '127.0.0.1', 1, '2023-09-14 15:58:54', '2023-09-14 15:58:54');
INSERT INTO `sys_log` VALUES (1674, 5, 'admin', 1, '登录管理-获取登录用户信息', '127.0.0.1', 1, '2023-09-14 15:59:18', '2023-09-14 15:59:18');
INSERT INTO `sys_log` VALUES (1675, 5, 'admin', 1, '菜单管理-获取菜单路由列表', '127.0.0.1', 1, '2023-09-14 15:59:18', '2023-09-14 15:59:18');
INSERT INTO `sys_log` VALUES (1676, 5, 'admin', 1, '登录管理-获取登录用户信息', '127.0.0.1', 1, '2023-09-14 15:59:45', '2023-09-14 15:59:45');
INSERT INTO `sys_log` VALUES (1677, 5, 'admin', 1, '菜单管理-获取菜单路由列表', '127.0.0.1', 1, '2023-09-14 15:59:45', '2023-09-14 15:59:45');
INSERT INTO `sys_log` VALUES (1678, 5, 'admin', 1, '登录管理-获取登录用户信息', '127.0.0.1', 1, '2023-09-14 16:00:09', '2023-09-14 16:00:09');
INSERT INTO `sys_log` VALUES (1679, 5, 'admin', 1, '菜单管理-获取菜单路由列表', '127.0.0.1', 1, '2023-09-14 16:00:09', '2023-09-14 16:00:09');
INSERT INTO `sys_log` VALUES (1680, 5, 'admin', 1, '登录管理-获取登录用户信息', '127.0.0.1', 1, '2023-09-14 16:00:45', '2023-09-14 16:00:45');
INSERT INTO `sys_log` VALUES (1681, 5, 'admin', 1, '菜单管理-获取菜单路由列表', '127.0.0.1', 1, '2023-09-14 16:00:45', '2023-09-14 16:00:45');
INSERT INTO `sys_log` VALUES (1682, 5, 'admin', 1, '菜单管理-获取分页菜单树', '127.0.0.1', 1, '2023-09-14 16:00:50', '2023-09-14 16:00:50');
INSERT INTO `sys_log` VALUES (1683, 5, 'admin', 1, '菜单管理-获取菜单树', '127.0.0.1', 1, '2023-09-14 16:01:12', '2023-09-14 16:01:12');
INSERT INTO `sys_log` VALUES (1684, 5, 'admin', 1, '菜单管理-修改菜单', '127.0.0.1', 1, '2023-09-14 16:01:19', '2023-09-14 16:01:19');
INSERT INTO `sys_log` VALUES (1685, 5, 'admin', 1, '菜单管理-获取分页菜单树', '127.0.0.1', 1, '2023-09-14 16:01:19', '2023-09-14 16:01:19');
INSERT INTO `sys_log` VALUES (1686, 5, 'admin', 1, '登录管理-获取登录用户信息', '127.0.0.1', 1, '2023-09-14 16:01:20', '2023-09-14 16:01:20');
INSERT INTO `sys_log` VALUES (1687, 5, 'admin', 1, '菜单管理-获取菜单路由列表', '127.0.0.1', 1, '2023-09-14 16:01:20', '2023-09-14 16:01:20');
INSERT INTO `sys_log` VALUES (1688, 5, 'admin', 1, '菜单管理-获取分页菜单树', '127.0.0.1', 1, '2023-09-14 16:01:26', '2023-09-14 16:01:26');
INSERT INTO `sys_log` VALUES (1689, 5, 'admin', 1, '登录管理-获取登录用户信息', '127.0.0.1', 1, '2023-09-14 16:01:27', '2023-09-14 16:01:27');
INSERT INTO `sys_log` VALUES (1690, 5, 'admin', 1, '菜单管理-获取菜单路由列表', '127.0.0.1', 1, '2023-09-14 16:01:27', '2023-09-14 16:01:27');
INSERT INTO `sys_log` VALUES (1691, 5, 'admin', 1, '菜单管理-获取分页菜单树', '127.0.0.1', 1, '2023-09-14 16:01:33', '2023-09-14 16:01:33');
INSERT INTO `sys_log` VALUES (1692, 5, 'admin', 1, '菜单管理-获取菜单树', '127.0.0.1', 1, '2023-09-14 16:01:38', '2023-09-14 16:01:38');
INSERT INTO `sys_log` VALUES (1693, 5, 'admin', 1, '菜单管理-修改菜单', '127.0.0.1', 1, '2023-09-14 16:01:46', '2023-09-14 16:01:46');
INSERT INTO `sys_log` VALUES (1694, 5, 'admin', 1, '菜单管理-获取分页菜单树', '127.0.0.1', 1, '2023-09-14 16:01:47', '2023-09-14 16:01:47');
INSERT INTO `sys_log` VALUES (1695, 5, 'admin', 1, '用户管理-用户分页列表', '127.0.0.1', 1, '2023-09-14 16:01:49', '2023-09-14 16:01:49');
INSERT INTO `sys_log` VALUES (1696, 5, 'admin', 1, '角色管理-查询全部角色', '127.0.0.1', 1, '2023-09-14 16:01:49', '2023-09-14 16:01:49');
INSERT INTO `sys_log` VALUES (1697, 5, 'admin', 1, '登录管理-获取登录用户信息', '127.0.0.1', 1, '2023-09-14 16:01:51', '2023-09-14 16:01:51');
INSERT INTO `sys_log` VALUES (1698, 5, 'admin', 1, '菜单管理-获取菜单路由列表', '127.0.0.1', 1, '2023-09-14 16:01:51', '2023-09-14 16:01:51');
INSERT INTO `sys_log` VALUES (1699, 5, 'admin', 1, '菜单管理-获取分页菜单树', '127.0.0.1', 1, '2023-09-14 16:01:52', '2023-09-14 16:01:52');
INSERT INTO `sys_log` VALUES (1700, 5, 'admin', 1, '菜单管理-获取菜单树', '127.0.0.1', 1, '2023-09-14 16:01:59', '2023-09-14 16:01:59');
INSERT INTO `sys_log` VALUES (1701, 5, 'admin', 1, '菜单管理-修改菜单', '127.0.0.1', 1, '2023-09-14 16:02:03', '2023-09-14 16:02:03');
INSERT INTO `sys_log` VALUES (1702, 5, 'admin', 1, '菜单管理-获取分页菜单树', '127.0.0.1', 1, '2023-09-14 16:02:03', '2023-09-14 16:02:03');
INSERT INTO `sys_log` VALUES (1703, 5, 'admin', 1, '登录管理-获取登录用户信息', '127.0.0.1', 1, '2023-09-14 16:02:10', '2023-09-14 16:02:10');
INSERT INTO `sys_log` VALUES (1704, 5, 'admin', 1, '菜单管理-获取菜单路由列表', '127.0.0.1', 1, '2023-09-14 16:02:10', '2023-09-14 16:02:10');
INSERT INTO `sys_log` VALUES (1705, 5, 'admin', 1, '菜单管理-获取分页菜单树', '127.0.0.1', 1, '2023-09-14 16:02:17', '2023-09-14 16:02:17');
INSERT INTO `sys_log` VALUES (1706, 5, 'admin', 1, '登录管理-获取登录用户信息', '127.0.0.1', 1, '2023-09-14 16:02:44', '2023-09-14 16:02:44');
INSERT INTO `sys_log` VALUES (1707, 5, 'admin', 1, '菜单管理-获取菜单路由列表', '127.0.0.1', 1, '2023-09-14 16:02:44', '2023-09-14 16:02:44');
INSERT INTO `sys_log` VALUES (1708, 5, 'admin', 1, '登录管理-获取登录用户信息', '127.0.0.1', 1, '2023-09-14 16:02:47', '2023-09-14 16:02:47');
INSERT INTO `sys_log` VALUES (1709, 5, 'admin', 1, '菜单管理-获取菜单路由列表', '127.0.0.1', 1, '2023-09-14 16:02:47', '2023-09-14 16:02:47');
INSERT INTO `sys_log` VALUES (1710, 5, 'admin', 1, '登录管理-获取登录用户信息', '127.0.0.1', 1, '2023-09-14 16:02:49', '2023-09-14 16:02:49');
INSERT INTO `sys_log` VALUES (1711, 5, 'admin', 1, '菜单管理-获取菜单路由列表', '127.0.0.1', 1, '2023-09-14 16:02:49', '2023-09-14 16:02:49');
INSERT INTO `sys_log` VALUES (1712, 5, 'admin', 1, '登录管理-获取登录用户信息', '127.0.0.1', 1, '2023-09-14 16:02:53', '2023-09-14 16:02:53');
INSERT INTO `sys_log` VALUES (1713, 5, 'admin', 1, '菜单管理-获取菜单路由列表', '127.0.0.1', 1, '2023-09-14 16:02:53', '2023-09-14 16:02:53');
INSERT INTO `sys_log` VALUES (1714, 5, 'admin', 1, '登录管理-获取登录用户信息', '127.0.0.1', 1, '2023-09-14 16:02:59', '2023-09-14 16:02:59');
INSERT INTO `sys_log` VALUES (1715, 5, 'admin', 1, '菜单管理-获取菜单路由列表', '127.0.0.1', 1, '2023-09-14 16:02:59', '2023-09-14 16:02:59');
INSERT INTO `sys_log` VALUES (1716, 5, 'admin', 1, '菜单管理-获取分页菜单树', '127.0.0.1', 1, '2023-09-14 16:03:37', '2023-09-14 16:03:37');
INSERT INTO `sys_log` VALUES (1717, 5, 'admin', 1, '菜单管理-获取菜单树', '127.0.0.1', 1, '2023-09-14 16:03:40', '2023-09-14 16:03:40');
INSERT INTO `sys_log` VALUES (1718, 5, 'admin', 1, '菜单管理-修改菜单', '127.0.0.1', 1, '2023-09-14 16:03:44', '2023-09-14 16:03:44');
INSERT INTO `sys_log` VALUES (1719, 5, 'admin', 1, '菜单管理-获取分页菜单树', '127.0.0.1', 1, '2023-09-14 16:03:44', '2023-09-14 16:03:44');
INSERT INTO `sys_log` VALUES (1720, 5, 'admin', 1, '登录管理-获取登录用户信息', '127.0.0.1', 1, '2023-09-14 16:03:45', '2023-09-14 16:03:45');
INSERT INTO `sys_log` VALUES (1721, 5, 'admin', 1, '菜单管理-获取菜单路由列表', '127.0.0.1', 1, '2023-09-14 16:03:45', '2023-09-14 16:03:45');
INSERT INTO `sys_log` VALUES (1722, 5, 'admin', 1, '菜单管理-获取分页菜单树', '127.0.0.1', 1, '2023-09-14 16:04:01', '2023-09-14 16:04:01');
INSERT INTO `sys_log` VALUES (1723, 5, 'admin', 1, '菜单管理-获取菜单树', '127.0.0.1', 1, '2023-09-14 16:04:02', '2023-09-14 16:04:02');
INSERT INTO `sys_log` VALUES (1724, 5, 'admin', 1, '菜单管理-修改菜单', '127.0.0.1', 1, '2023-09-14 16:04:07', '2023-09-14 16:04:07');
INSERT INTO `sys_log` VALUES (1725, 5, 'admin', 1, '菜单管理-获取分页菜单树', '127.0.0.1', 1, '2023-09-14 16:04:07', '2023-09-14 16:04:07');
INSERT INTO `sys_log` VALUES (1726, 5, 'admin', 1, '登录管理-获取登录用户信息', '127.0.0.1', 1, '2023-09-14 16:04:08', '2023-09-14 16:04:08');
INSERT INTO `sys_log` VALUES (1727, 5, 'admin', 1, '菜单管理-获取菜单路由列表', '127.0.0.1', 1, '2023-09-14 16:04:08', '2023-09-14 16:04:08');
INSERT INTO `sys_log` VALUES (1728, 5, 'admin', 1, '菜单管理-查询全部菜单', '127.0.0.1', 1, '2023-09-14 16:04:09', '2023-09-14 16:04:09');
INSERT INTO `sys_log` VALUES (1729, 5, 'admin', 1, '角色管理-角色分页列表', '127.0.0.1', 1, '2023-09-14 16:04:09', '2023-09-14 16:04:09');
INSERT INTO `sys_log` VALUES (1730, 5, 'admin', 1, '菜单管理-获取分页菜单树', '127.0.0.1', 1, '2023-09-14 16:04:14', '2023-09-14 16:04:14');
INSERT INTO `sys_log` VALUES (1731, 5, 'admin', 1, '菜单管理-获取菜单树', '127.0.0.1', 1, '2023-09-14 16:04:17', '2023-09-14 16:04:17');
INSERT INTO `sys_log` VALUES (1732, 5, 'admin', 1, '菜单管理-修改菜单', '127.0.0.1', 1, '2023-09-14 16:04:20', '2023-09-14 16:04:20');
INSERT INTO `sys_log` VALUES (1733, 5, 'admin', 1, '菜单管理-获取分页菜单树', '127.0.0.1', 1, '2023-09-14 16:04:20', '2023-09-14 16:04:20');
INSERT INTO `sys_log` VALUES (1734, 5, 'admin', 1, '登录管理-获取登录用户信息', '127.0.0.1', 1, '2023-09-14 16:04:21', '2023-09-14 16:04:21');
INSERT INTO `sys_log` VALUES (1735, 5, 'admin', 1, '菜单管理-获取菜单路由列表', '127.0.0.1', 1, '2023-09-14 16:04:21', '2023-09-14 16:04:21');
INSERT INTO `sys_log` VALUES (1736, 5, 'admin', 1, '菜单管理-查询全部菜单', '127.0.0.1', 1, '2023-09-14 16:04:22', '2023-09-14 16:04:22');
INSERT INTO `sys_log` VALUES (1737, 5, 'admin', 1, '角色管理-角色分页列表', '127.0.0.1', 1, '2023-09-14 16:04:22', '2023-09-14 16:04:22');
INSERT INTO `sys_log` VALUES (1738, 5, 'admin', 1, '菜单管理-获取分页菜单树', '127.0.0.1', 1, '2023-09-14 16:04:27', '2023-09-14 16:04:27');
INSERT INTO `sys_log` VALUES (1739, 5, 'admin', 1, '菜单管理-获取菜单树', '127.0.0.1', 1, '2023-09-14 16:04:29', '2023-09-14 16:04:29');
INSERT INTO `sys_log` VALUES (1740, 5, 'admin', 1, '菜单管理-修改菜单', '127.0.0.1', 1, '2023-09-14 16:04:33', '2023-09-14 16:04:33');
INSERT INTO `sys_log` VALUES (1741, 5, 'admin', 1, '菜单管理-获取分页菜单树', '127.0.0.1', 1, '2023-09-14 16:04:33', '2023-09-14 16:04:33');
INSERT INTO `sys_log` VALUES (1742, 5, 'admin', 1, '登录管理-获取登录用户信息', '127.0.0.1', 1, '2023-09-14 16:04:34', '2023-09-14 16:04:34');
INSERT INTO `sys_log` VALUES (1743, 5, 'admin', 1, '菜单管理-获取菜单路由列表', '127.0.0.1', 1, '2023-09-14 16:04:34', '2023-09-14 16:04:34');
INSERT INTO `sys_log` VALUES (1744, 5, 'admin', 1, '角色管理-角色分页列表', '127.0.0.1', 1, '2023-09-14 16:04:36', '2023-09-14 16:04:36');
INSERT INTO `sys_log` VALUES (1745, 5, 'admin', 1, '菜单管理-查询全部菜单', '127.0.0.1', 1, '2023-09-14 16:04:36', '2023-09-14 16:04:36');
INSERT INTO `sys_log` VALUES (1746, 5, 'admin', 1, '菜单管理-获取分页菜单树', '127.0.0.1', 1, '2023-09-14 16:04:40', '2023-09-14 16:04:40');
INSERT INTO `sys_log` VALUES (1747, 5, 'admin', 1, '菜单管理-获取菜单树', '127.0.0.1', 1, '2023-09-14 16:04:42', '2023-09-14 16:04:42');
INSERT INTO `sys_log` VALUES (1748, 5, 'admin', 1, '菜单管理-修改菜单', '127.0.0.1', 1, '2023-09-14 16:04:50', '2023-09-14 16:04:50');
INSERT INTO `sys_log` VALUES (1749, 5, 'admin', 1, '菜单管理-获取分页菜单树', '127.0.0.1', 1, '2023-09-14 16:04:51', '2023-09-14 16:04:51');
INSERT INTO `sys_log` VALUES (1750, 5, 'admin', 1, '登录管理-获取登录用户信息', '127.0.0.1', 1, '2023-09-14 16:04:51', '2023-09-14 16:04:51');
INSERT INTO `sys_log` VALUES (1751, 5, 'admin', 1, '菜单管理-获取菜单路由列表', '127.0.0.1', 1, '2023-09-14 16:04:51', '2023-09-14 16:04:51');
INSERT INTO `sys_log` VALUES (1752, 5, 'admin', 1, '角色管理-角色分页列表', '127.0.0.1', 1, '2023-09-14 16:04:53', '2023-09-14 16:04:53');
INSERT INTO `sys_log` VALUES (1753, 5, 'admin', 1, '菜单管理-查询全部菜单', '127.0.0.1', 1, '2023-09-14 16:04:53', '2023-09-14 16:04:53');
INSERT INTO `sys_log` VALUES (1754, 5, 'admin', 1, '菜单管理-获取分页菜单树', '127.0.0.1', 1, '2023-09-14 16:05:00', '2023-09-14 16:05:00');
INSERT INTO `sys_log` VALUES (1755, 5, 'admin', 1, '菜单管理-获取菜单树', '127.0.0.1', 1, '2023-09-14 16:05:03', '2023-09-14 16:05:03');
INSERT INTO `sys_log` VALUES (1756, 5, 'admin', 1, '菜单管理-修改菜单', '127.0.0.1', 1, '2023-09-14 16:05:06', '2023-09-14 16:05:06');
INSERT INTO `sys_log` VALUES (1757, 5, 'admin', 1, '菜单管理-获取分页菜单树', '127.0.0.1', 1, '2023-09-14 16:05:07', '2023-09-14 16:05:07');
INSERT INTO `sys_log` VALUES (1758, 5, 'admin', 1, '登录管理-获取登录用户信息', '127.0.0.1', 1, '2023-09-14 16:05:07', '2023-09-14 16:05:07');
INSERT INTO `sys_log` VALUES (1759, 5, 'admin', 1, '菜单管理-获取菜单路由列表', '127.0.0.1', 1, '2023-09-14 16:05:07', '2023-09-14 16:05:07');
INSERT INTO `sys_log` VALUES (1760, 5, 'admin', 1, '菜单管理-查询全部菜单', '127.0.0.1', 1, '2023-09-14 16:05:08', '2023-09-14 16:05:08');
INSERT INTO `sys_log` VALUES (1761, 5, 'admin', 1, '角色管理-角色分页列表', '127.0.0.1', 1, '2023-09-14 16:05:08', '2023-09-14 16:05:08');
INSERT INTO `sys_log` VALUES (1762, 5, 'admin', 1, '菜单管理-获取分页菜单树', '127.0.0.1', 1, '2023-09-14 16:05:11', '2023-09-14 16:05:11');
INSERT INTO `sys_log` VALUES (1763, 5, 'admin', 1, '菜单管理-获取菜单树', '127.0.0.1', 1, '2023-09-14 16:05:12', '2023-09-14 16:05:12');
INSERT INTO `sys_log` VALUES (1764, 5, 'admin', 1, '菜单管理-修改菜单', '127.0.0.1', 1, '2023-09-14 16:05:25', '2023-09-14 16:05:25');
INSERT INTO `sys_log` VALUES (1765, 5, 'admin', 1, '菜单管理-获取分页菜单树', '127.0.0.1', 1, '2023-09-14 16:05:25', '2023-09-14 16:05:25');
INSERT INTO `sys_log` VALUES (1766, 5, 'admin', 1, '登录管理-获取登录用户信息', '127.0.0.1', 1, '2023-09-14 16:05:25', '2023-09-14 16:05:25');
INSERT INTO `sys_log` VALUES (1767, 5, 'admin', 1, '菜单管理-获取菜单路由列表', '127.0.0.1', 1, '2023-09-14 16:05:25', '2023-09-14 16:05:25');
INSERT INTO `sys_log` VALUES (1768, 5, 'admin', 1, '菜单管理-查询全部菜单', '127.0.0.1', 1, '2023-09-14 16:05:26', '2023-09-14 16:05:26');
INSERT INTO `sys_log` VALUES (1769, 5, 'admin', 1, '角色管理-角色分页列表', '127.0.0.1', 1, '2023-09-14 16:05:26', '2023-09-14 16:05:26');
INSERT INTO `sys_log` VALUES (1770, 5, 'admin', 1, '菜单管理-获取分页菜单树', '127.0.0.1', 1, '2023-09-14 16:05:33', '2023-09-14 16:05:33');
INSERT INTO `sys_log` VALUES (1771, 5, 'admin', 1, '登录管理-获取登录用户信息', '127.0.0.1', 1, '2023-09-14 16:06:52', '2023-09-14 16:06:52');
INSERT INTO `sys_log` VALUES (1772, 5, 'admin', 1, '菜单管理-获取菜单路由列表', '127.0.0.1', 1, '2023-09-14 16:06:52', '2023-09-14 16:06:52');
INSERT INTO `sys_log` VALUES (1773, 5, 'admin', 1, '登录管理-获取登录用户信息', '127.0.0.1', 1, '2023-09-14 16:07:35', '2023-09-14 16:07:35');
INSERT INTO `sys_log` VALUES (1774, 5, 'admin', 1, '菜单管理-获取菜单路由列表', '127.0.0.1', 1, '2023-09-14 16:07:35', '2023-09-14 16:07:35');
INSERT INTO `sys_log` VALUES (1775, 5, 'admin', 1, '登录管理-获取登录用户信息', '127.0.0.1', 1, '2023-09-14 16:07:37', '2023-09-14 16:07:37');
INSERT INTO `sys_log` VALUES (1776, 5, 'admin', 1, '菜单管理-获取菜单路由列表', '127.0.0.1', 1, '2023-09-14 16:07:37', '2023-09-14 16:07:37');
INSERT INTO `sys_log` VALUES (1777, 5, 'admin', 1, '菜单管理-获取分页菜单树', '127.0.0.1', 1, '2023-09-14 16:08:18', '2023-09-14 16:08:18');
INSERT INTO `sys_log` VALUES (1778, 5, 'admin', 1, '登录管理-获取登录用户信息', '127.0.0.1', 1, '2023-09-14 16:10:10', '2023-09-14 16:10:10');
INSERT INTO `sys_log` VALUES (1779, 5, 'admin', 1, '菜单管理-获取菜单路由列表', '127.0.0.1', 1, '2023-09-14 16:10:10', '2023-09-14 16:10:10');
INSERT INTO `sys_log` VALUES (1780, 5, 'admin', 1, '登录管理-获取登录用户信息', '127.0.0.1', 1, '2023-09-14 16:10:14', '2023-09-14 16:10:14');
INSERT INTO `sys_log` VALUES (1781, 5, 'admin', 1, '菜单管理-获取菜单路由列表', '127.0.0.1', 1, '2023-09-14 16:10:14', '2023-09-14 16:10:14');
INSERT INTO `sys_log` VALUES (1782, 5, 'admin', 1, '角色管理-查询全部角色', '127.0.0.1', 1, '2023-09-14 16:10:34', '2023-09-14 16:10:34');
INSERT INTO `sys_log` VALUES (1783, 5, 'admin', 1, '用户管理-用户分页列表', '127.0.0.1', 1, '2023-09-14 16:10:34', '2023-09-14 16:10:34');
INSERT INTO `sys_log` VALUES (1784, 5, 'admin', 1, '日志管理-日志分页列表', '127.0.0.1', 1, '2023-09-14 16:10:36', '2023-09-14 16:10:36');
INSERT INTO `sys_log` VALUES (1785, 5, 'admin', 1, '角色管理-角色分页列表', '127.0.0.1', 1, '2023-09-14 16:10:39', '2023-09-14 16:10:39');
INSERT INTO `sys_log` VALUES (1786, 5, 'admin', 1, '菜单管理-查询全部菜单', '127.0.0.1', 1, '2023-09-14 16:10:39', '2023-09-14 16:10:39');
INSERT INTO `sys_log` VALUES (1787, 5, 'admin', 1, '菜单管理-获取分页菜单树', '127.0.0.1', 1, '2023-09-14 16:10:40', '2023-09-14 16:10:40');
INSERT INTO `sys_log` VALUES (1788, 5, 'admin', 1, '登录管理-获取登录用户信息', '127.0.0.1', 1, '2023-09-14 16:12:07', '2023-09-14 16:12:07');
INSERT INTO `sys_log` VALUES (1789, 5, 'admin', 1, '菜单管理-获取菜单路由列表', '127.0.0.1', 1, '2023-09-14 16:12:07', '2023-09-14 16:12:07');
INSERT INTO `sys_log` VALUES (1790, 5, 'admin', 1, '登录管理-获取登录用户信息', '127.0.0.1', 1, '2023-09-14 16:12:14', '2023-09-14 16:12:14');
INSERT INTO `sys_log` VALUES (1791, 5, 'admin', 1, '菜单管理-获取菜单路由列表', '127.0.0.1', 1, '2023-09-14 16:12:14', '2023-09-14 16:12:14');
INSERT INTO `sys_log` VALUES (1792, 5, 'admin', 1, '登录管理-获取登录用户信息', '127.0.0.1', 1, '2023-09-14 16:12:19', '2023-09-14 16:12:19');
INSERT INTO `sys_log` VALUES (1793, 5, 'admin', 1, '菜单管理-获取菜单路由列表', '127.0.0.1', 1, '2023-09-14 16:12:19', '2023-09-14 16:12:19');
INSERT INTO `sys_log` VALUES (1794, 5, 'admin', 1, '登录管理-获取登录用户信息', '127.0.0.1', 1, '2023-09-14 16:12:29', '2023-09-14 16:12:29');
INSERT INTO `sys_log` VALUES (1795, 5, 'admin', 1, '菜单管理-获取菜单路由列表', '127.0.0.1', 1, '2023-09-14 16:12:29', '2023-09-14 16:12:29');
INSERT INTO `sys_log` VALUES (1796, 5, 'admin', 1, '用户管理-用户分页列表', '127.0.0.1', 1, '2023-09-14 16:12:39', '2023-09-14 16:12:39');
INSERT INTO `sys_log` VALUES (1797, 5, 'admin', 1, '角色管理-查询全部角色', '127.0.0.1', 1, '2023-09-14 16:12:40', '2023-09-14 16:12:40');
INSERT INTO `sys_log` VALUES (1798, 5, 'admin', 1, '登录管理-获取登录用户信息', '127.0.0.1', 1, '2023-09-14 16:12:43', '2023-09-14 16:12:43');
INSERT INTO `sys_log` VALUES (1799, 5, 'admin', 1, '菜单管理-获取菜单路由列表', '127.0.0.1', 1, '2023-09-14 16:12:43', '2023-09-14 16:12:43');
INSERT INTO `sys_log` VALUES (1800, 5, 'admin', 1, '用户管理-用户分页列表', '127.0.0.1', 1, '2023-09-14 16:12:57', '2023-09-14 16:12:57');
INSERT INTO `sys_log` VALUES (1801, 5, 'admin', 1, '角色管理-查询全部角色', '127.0.0.1', 1, '2023-09-14 16:12:57', '2023-09-14 16:12:57');
INSERT INTO `sys_log` VALUES (1802, 5, 'admin', 1, '登录管理-获取登录用户信息', '127.0.0.1', 1, '2023-09-14 16:13:03', '2023-09-14 16:13:03');
INSERT INTO `sys_log` VALUES (1803, 5, 'admin', 1, '菜单管理-获取菜单路由列表', '127.0.0.1', 1, '2023-09-14 16:13:03', '2023-09-14 16:13:03');

-- ----------------------------
-- Table structure for sys_menu
-- ----------------------------
DROP TABLE IF EXISTS `sys_menu`;
CREATE TABLE `sys_menu`  (
  `id` int(11) NOT NULL AUTO_INCREMENT COMMENT '主键',
  `name` varchar(32) CHARACTER SET utf8mb4 COLLATE utf8mb4_general_ci NULL DEFAULT NULL COMMENT '菜单名称',
  `code` varchar(32) CHARACTER SET utf8mb4 COLLATE utf8mb4_general_ci NULL DEFAULT NULL COMMENT '菜单编码',
  `icon` varchar(255) CHARACTER SET utf8mb4 COLLATE utf8mb4_general_ci NULL DEFAULT NULL COMMENT '菜单图标',
  `parent_id` int(11) NULL DEFAULT NULL COMMENT '上级菜单',
  `url` varchar(20) CHARACTER SET utf8mb4 COLLATE utf8mb4_general_ci NULL DEFAULT NULL COMMENT '菜单地址',
  `type` int(10) NULL DEFAULT NULL COMMENT '菜单类型（0：一级菜单1：二级菜单2：按钮）',
  `sort` int(11) NULL DEFAULT NULL COMMENT '排序',
  `status` int(10) NULL DEFAULT NULL COMMENT '菜单状态（1：启用0:禁用）',
  `is_deleted` int(10) NOT NULL DEFAULT 1 COMMENT '删除状态（1：正常0：已删除）',
  `created_time` datetime(0) NULL DEFAULT CURRENT_TIMESTAMP(0) COMMENT '创建时间',
  `updated_time` datetime(0) NULL DEFAULT CURRENT_TIMESTAMP(0) ON UPDATE CURRENT_TIMESTAMP(0) COMMENT '修改时间',
  PRIMARY KEY (`id`) USING BTREE
) ENGINE = InnoDB AUTO_INCREMENT = 28 CHARACTER SET = utf8mb4 COLLATE = utf8mb4_general_ci COMMENT = '菜单表' ROW_FORMAT = Dynamic;

-- ----------------------------
-- Records of sys_menu
-- ----------------------------
INSERT INTO `sys_menu` VALUES (6, '商品管理', 'product', 'el-icon-message-solid', NULL, '/product', 1, 1, 1, 1, '2023-09-13 10:36:02', '2023-09-14 14:34:54');
INSERT INTO `sys_menu` VALUES (12, '权限管理', 'permission', 'el-icon-collection', NULL, '/permission', 1, 3, 1, 1, '2023-09-13 14:33:20', '2023-09-14 14:33:33');
INSERT INTO `sys_menu` VALUES (14, '用户管理', 'user', 'el-icon-user-solid', 12, '/permission/user', 2, 4, 1, 1, '2023-09-13 14:34:08', '2023-09-14 15:56:27');
INSERT INTO `sys_menu` VALUES (15, '日志管理', 'log', 'el-icon-s-help', 12, '/permission/log', 2, 5, 1, 1, '2023-09-13 14:34:26', '2023-09-14 15:56:45');
INSERT INTO `sys_menu` VALUES (16, '角色管理', 'role', 'el-icon-files', 12, '/permission/role', 2, 6, 1, 1, '2023-09-13 14:34:48', '2023-09-14 15:56:47');
INSERT INTO `sys_menu` VALUES (17, '用户列表', 'sysuser.pageList', '', 14, 'sysuser.pageList', 3, 7, 1, 1, '2023-09-13 14:37:23', '2023-09-14 15:04:57');
INSERT INTO `sys_menu` VALUES (23, '订单管理', 'order', 'el-icon-coin', NULL, '/order', 1, 1, 1, 1, '2023-09-14 14:35:28', '2023-09-14 14:35:28');
INSERT INTO `sys_menu` VALUES (24, '订单列表', '/orderList', 'fa fa-battery-0', 23, '/order/order', 2, 2, 1, 1, '2023-09-14 14:37:05', '2023-09-14 15:57:01');
INSERT INTO `sys_menu` VALUES (25, '商品列表', '/productList', 'fa fa-soccer-ball-o', 6, '/product/product', 2, 3, 1, 1, '2023-09-14 14:37:48', '2023-09-14 15:57:45');
INSERT INTO `sys_menu` VALUES (26, '新增用户', 'sysuser.add', NULL, 14, 'sysuser.add', 3, 10, 1, 1, '2023-09-14 14:38:20', '2023-09-14 15:59:37');
INSERT INTO `sys_menu` VALUES (27, '菜单管理', 'menu', 'el-icon-s-operation', 12, '/permission/menu', 2, 11, 1, 1, '2023-09-14 15:58:51', '2023-09-14 16:00:42');

-- ----------------------------
-- Table structure for sys_menu_role
-- ----------------------------
DROP TABLE IF EXISTS `sys_menu_role`;
CREATE TABLE `sys_menu_role`  (
  `id` int(11) NOT NULL AUTO_INCREMENT COMMENT '主键',
  `menu_id` int(11) NULL DEFAULT NULL COMMENT '菜单ID',
  `role_id` int(11) NULL DEFAULT NULL COMMENT '角色ID',
  `is_deleted` int(10) NOT NULL DEFAULT 1 COMMENT '删除状态（1：正常0：已删除）',
  `created_time` datetime(0) NULL DEFAULT CURRENT_TIMESTAMP(0) COMMENT '创建时间',
  `updated_time` datetime(0) NULL DEFAULT CURRENT_TIMESTAMP(0) ON UPDATE CURRENT_TIMESTAMP(0) COMMENT '修改时间',
  PRIMARY KEY (`id`) USING BTREE
) ENGINE = InnoDB AUTO_INCREMENT = 19 CHARACTER SET = utf8mb4 COLLATE = utf8mb4_general_ci COMMENT = '角色菜单表' ROW_FORMAT = Dynamic;

-- ----------------------------
-- Records of sys_menu_role
-- ----------------------------
INSERT INTO `sys_menu_role` VALUES (1, 1, 1, 1, '2023-09-11 11:13:28', '2023-09-11 11:13:28');
INSERT INTO `sys_menu_role` VALUES (2, 3, 10, 0, '2023-09-12 17:28:15', '2023-09-12 17:28:22');
INSERT INTO `sys_menu_role` VALUES (3, 3, 10, 0, '2023-09-12 17:28:22', '2023-09-12 17:28:25');
INSERT INTO `sys_menu_role` VALUES (4, 2, 10, 0, '2023-09-12 17:28:22', '2023-09-12 17:28:25');
INSERT INTO `sys_menu_role` VALUES (5, 1, 10, 0, '2023-09-12 17:28:22', '2023-09-12 17:28:25');
INSERT INTO `sys_menu_role` VALUES (6, 3, 10, 1, '2023-09-12 17:28:25', '2023-09-12 17:28:25');
INSERT INTO `sys_menu_role` VALUES (7, 1, 10, 1, '2023-09-12 17:28:25', '2023-09-12 17:28:25');
INSERT INTO `sys_menu_role` VALUES (8, 6, 6, 1, '2023-09-14 14:57:02', '2023-09-14 14:57:02');
INSERT INTO `sys_menu_role` VALUES (9, 12, 6, 1, '2023-09-14 14:57:02', '2023-09-14 14:57:02');
INSERT INTO `sys_menu_role` VALUES (10, 14, 6, 1, '2023-09-14 14:57:02', '2023-09-14 14:57:02');
INSERT INTO `sys_menu_role` VALUES (11, 15, 6, 1, '2023-09-14 14:57:02', '2023-09-14 14:57:02');
INSERT INTO `sys_menu_role` VALUES (12, 16, 6, 1, '2023-09-14 14:57:02', '2023-09-14 14:57:02');
INSERT INTO `sys_menu_role` VALUES (13, 17, 6, 1, '2023-09-14 14:57:02', '2023-09-14 14:57:02');
INSERT INTO `sys_menu_role` VALUES (14, 23, 6, 1, '2023-09-14 14:57:02', '2023-09-14 14:57:02');
INSERT INTO `sys_menu_role` VALUES (15, 24, 6, 1, '2023-09-14 14:57:02', '2023-09-14 14:57:02');
INSERT INTO `sys_menu_role` VALUES (16, 25, 6, 1, '2023-09-14 14:57:02', '2023-09-14 14:57:02');
INSERT INTO `sys_menu_role` VALUES (17, 26, 6, 1, '2023-09-14 14:57:02', '2023-09-14 14:57:02');
INSERT INTO `sys_menu_role` VALUES (18, 27, 6, 1, '2023-09-14 15:59:10', '2023-09-14 15:59:10');

-- ----------------------------
-- Table structure for sys_role
-- ----------------------------
DROP TABLE IF EXISTS `sys_role`;
CREATE TABLE `sys_role`  (
  `id` int(11) NOT NULL AUTO_INCREMENT COMMENT '主键',
  `name` varchar(20) CHARACTER SET utf8mb4 COLLATE utf8mb4_general_ci NULL DEFAULT NULL COMMENT '角色名称',
  `code` varchar(20) CHARACTER SET utf8mb4 COLLATE utf8mb4_general_ci NULL DEFAULT NULL COMMENT '角色编码',
  `description` varchar(64) CHARACTER SET utf8mb4 COLLATE utf8mb4_general_ci NULL DEFAULT NULL COMMENT '角色描述',
  `status` int(10) NULL DEFAULT NULL COMMENT '启用状态（1：启用0:禁用）',
  `is_deleted` int(10) NOT NULL DEFAULT 1 COMMENT '删除状态（1：正常0：已删除）',
  `created_time` datetime(0) NULL DEFAULT CURRENT_TIMESTAMP(0) COMMENT '创建时间',
  `updated_time` datetime(0) NULL DEFAULT CURRENT_TIMESTAMP(0) ON UPDATE CURRENT_TIMESTAMP(0) COMMENT '修改时间',
  PRIMARY KEY (`id`) USING BTREE
) ENGINE = InnoDB AUTO_INCREMENT = 11 CHARACTER SET = utf8mb4 COLLATE = utf8mb4_general_ci COMMENT = '系统角色表' ROW_FORMAT = Dynamic;

-- ----------------------------
-- Records of sys_role
-- ----------------------------
INSERT INTO `sys_role` VALUES (1, '普通管理员', 'admin', NULL, 1, 1, '2023-09-11 11:12:34', '2023-09-11 11:12:34');
INSERT INTO `sys_role` VALUES (3, '业务员1', 'yewuyuan', NULL, 1, 0, '2023-09-11 17:25:53', '2023-09-11 17:25:53');
INSERT INTO `sys_role` VALUES (4, '业务员', 'yewuyuan', NULL, 1, 1, '2023-09-11 17:27:20', '2023-09-11 17:27:20');
INSERT INTO `sys_role` VALUES (5, '用户管理员', 'useradmin', NULL, 1, 1, '2023-09-12 16:43:43', '2023-09-12 16:43:43');
INSERT INTO `sys_role` VALUES (6, '超级管理员', 'super_admin', NULL, 1, 1, '2023-09-12 16:43:52', '2023-09-12 16:43:52');
INSERT INTO `sys_role` VALUES (7, '日志管理员', 'log_admin', NULL, 1, 1, '2023-09-12 16:44:00', '2023-09-12 16:44:00');
INSERT INTO `sys_role` VALUES (8, '角色管理员', 'role_admin', NULL, 1, 1, '2023-09-12 16:44:10', '2023-09-12 16:44:10');
INSERT INTO `sys_role` VALUES (9, '商品管理员', 'product_admin', NULL, 1, 1, '2023-09-12 16:44:36', '2023-09-12 16:44:36');
INSERT INTO `sys_role` VALUES (10, '订单管理员', 'order_admin', NULL, 1, 1, '2023-09-12 16:44:51', '2023-09-12 16:44:51');

-- ----------------------------
-- Table structure for sys_user
-- ----------------------------
DROP TABLE IF EXISTS `sys_user`;
CREATE TABLE `sys_user`  (
  `id` int(11) NOT NULL AUTO_INCREMENT COMMENT '主键',
  `nick_name` varchar(32) CHARACTER SET utf8mb4 COLLATE utf8mb4_general_ci NULL DEFAULT NULL COMMENT '昵称',
  `user_name` varchar(32) CHARACTER SET utf8mb4 COLLATE utf8mb4_general_ci NULL DEFAULT NULL COMMENT '用户名',
  `phone` varchar(32) CHARACTER SET utf8mb4 COLLATE utf8mb4_general_ci NULL DEFAULT NULL COMMENT '手机号',
  `email` varchar(32) CHARACTER SET utf8mb4 COLLATE utf8mb4_general_ci NULL DEFAULT NULL COMMENT '邮箱',
  `avatar` text CHARACTER SET utf8mb4 COLLATE utf8mb4_general_ci NULL COMMENT '头像',
  `birthday` datetime(0) NULL DEFAULT NULL COMMENT '生日',
  `sex` int(10) NULL DEFAULT NULL COMMENT '性别（1：男2：女3：未知）',
  `status` int(10) NULL DEFAULT NULL COMMENT '用户状态（1：启用0:禁用）',
  `description` varchar(255) CHARACTER SET utf8mb4 COLLATE utf8mb4_general_ci NULL DEFAULT NULL COMMENT '个人描述',
  `address` varchar(255) CHARACTER SET utf8mb4 COLLATE utf8mb4_general_ci NULL DEFAULT NULL COMMENT '住址',
  `pwd` varchar(64) CHARACTER SET utf8mb4 COLLATE utf8mb4_general_ci NULL DEFAULT NULL COMMENT '密码',
  `is_deleted` int(10) NOT NULL DEFAULT 1 COMMENT '删除状态（1：正常0：已删除）',
  `created_time` datetime(0) NULL DEFAULT CURRENT_TIMESTAMP(0) COMMENT '创建时间',
  `updated_time` datetime(0) NULL DEFAULT CURRENT_TIMESTAMP(0) ON UPDATE CURRENT_TIMESTAMP(0) COMMENT '修改时间',
  PRIMARY KEY (`id`) USING BTREE
) ENGINE = InnoDB AUTO_INCREMENT = 15 CHARACTER SET = utf8mb4 COLLATE = utf8mb4_general_ci COMMENT = '系统用户表' ROW_FORMAT = Dynamic;

-- ----------------------------
-- Records of sys_user
-- ----------------------------
INSERT INTO `sys_user` VALUES (1, 'John Doe', 'johndoe', '1234567890', 'johndoe@example.com', 'http://example.com/avatar.jpg', NULL, NULL, 1, NULL, NULL, 'e10adc3949ba59abbe56e057f20f883e', 0, '2023-09-07 09:58:22', '2023-09-07 14:14:22');
INSERT INTO `sys_user` VALUES (5, 'admin', 'admin', '1234567890', 'admin@qq.com', 'data:image/jpeg;base64,/9j/4AAQSkZJRgABAQAAAQABAAD/2wCEAAkGBwgHBgkIBwgKCgkLDRYPDQwMDRsUFRAWIB0iIiAdHx8kKDQsJCYxJx8fLT0tMTU3Ojo6Iys/RD84QzQ5OjcBCgoKDQwNGg8PGjclHyU3Nzc3Nzc3Nzc3Nzc3Nzc3Nzc3Nzc3Nzc3Nzc3Nzc3Nzc3Nzc3Nzc3Nzc3Nzc3Nzc3N//AABEIAH8AhAMBIgACEQEDEQH/xAAcAAACAgMBAQAAAAAAAAAAAAAEBQAGAgMHAQj/xABHEAACAQMCBAMECAMFAw0BAAABAgMEBREAIQYSMUETUWEiMnGBBxRCUoKRobEVI8FicqLR8DNTshZDRFRjc5KTlLPC0uEl/8QAFAEBAAAAAAAAAAAAAAAAAAAAAP/EABQRAQAAAAAAAAAAAAAAAAAAAAD/2gAMAwEAAhEDEQA/AOj3ucRWysRWHiGmkYDO4HKd/wA8aItr5s1qMh9p6OLr3PLnSqt5J6/iKob3IadKfDbAcqvIcfHnXP8AdGndljin4etchBJjpou/TCgH+ugy0PXxCakdT2HMPlv+vT56bmkj7Fvz0FS0yRQyQZJNOcAHunVf02+KnQBpIZqeGrgPOQob2f8AnFPXH7j5eeiUYOoZTlWGQR3GqtwBUpSRPaKyRyqPM1G56yIkrI6/gYY9By+erQ8kdO2Y0AjdujncMfIevl/+6DxGJJVsBh5dx56z15IOf3icjoR2OvFY55XwG9Oh+Ggzx5nGvQwHujPq3+WsdTQZM7NszEjy7flrHU1NAG2X8aS3SRiZSRJE+eUt/aHVT3z3HmMHQdp4hpa6qa31CtQ3SP36KoOHIz7yHo6nHUfpom7WwXCINDVTUVXGP5VVTkcyehBGGU91II+BwdUm43OWO7Uth46tEdVTzOBRXSFOUc/2fVW6DKkb420HRGUMOVhka0ycwHIx9o7xue56gH1/ffSGoq75b5Vajilu9LkAxSwNDUL6hyAjD4gHbvqyMiyJyNnDev8ArfQDCoRCefIDHmX4Hf8AfOppfV2+rrp2emqliRCU9pM8xzknY+ZI+WpoMbHGldeeIYpd6eOtUOn+8Ywx5B9Mcu3xzovgyd4OHjSOOeSjq56V+Y/dckZ/CVPz0Pwmv/8AT4nbuboAf/Tw4/fRdHH9Uv11pwoWOtjjrUOfekUeHJ+QWI/i0DNKuUpjIBG3TQlVI6TxVBY8p/lyfA+6fk2Pkx1sPsuPJtvn21JEWRGjcAowKsD3B0CmGi+tS19IhENRSVYqqOTGSniJkkjupbxVI8vI4Ot9XTw3y11FDVq8TH2JAjYeGQYIZT5g4ZT8DrUpeg4jtc0zcyVkb0MrYzzOMyRMfI4Eg+L48tObhQSMwqaUgVCjGDssi/db+h7H0JBCs2K618FG0XEADPTSNDNVouApHQyD7IZcMH93fflO2rCQsig7Mp3BB/UaAjmDzG4Ukb+Kg8GrpioDkDflI+8uSR1BBOMhgdbGtQC/WLFVCm8Qcwj5PEp5M9+Tbl/CV9c6AoErtIduzf56z0ra51NGSl4t0sKjrUU2Z4j+Q5h81A366KWcVVE72menlfB8NieZA3kcbjQb25lJZfaHde/y1krBhlTkary8UmljY3y11dCYyFkkiU1EK7ZJLIMqB5so23GRpvQ1tHc4lqbXVwVEbD34XDKfjjQFEBhgjIPbQVxtkFwo5KOpQS079Y3JBU+at1B/1toxWzswIby89ZaBHBcZrZJHRXeViuAI6+VQFkx2cjYN3z0Oi7rUijh8WaVFJ6bsAANyxwegG5/LqRo2oMIgc1JjEIGXMpHKB651zTj652Wj4fq2stwnkaaJqZY6fMsC5zkB22j6ZwrfZ6HGge8J8YwV1ip6qqoKuJpSzKY4/FEg5jlsjON+bY7jHljU1W/oZu0dPwnNT1CKTFWyBQ/2RyqcfmTqaDovDHIt94jpxjm+sxVB9Q8KKP8A2zo67KKeSnrtsU0mJD/2T+y+/kNnP9zQlqjSHjCucH2qq3wlh/3buB/x/pp3JTc6SpKRJFICChXYg5yPXroAWAZSOx7+Worcw3GCNiNKrLNJDU1dpqm5p6Vg0bMcmSJujfHOc+umhyHzjZuugFu9G9dQSRQvyVClZad/uyqQyn4ZAB9CRpvaK9LnbaetjUp4qZaM9Y2GzKfUEEH1GhO+q5Q35KS8VVDZ0+vrWyFoWQ/yYajcSKX9eXm2zvz5xkaCxXulpvESqWVqev8AcieJeZpf7DJ9sftuQRudKvErqJ83KNqWllb+ZHA2dz1IfsfNRgk7qWOcsqaH+GPFJWyNW3Go5vEmC4woGSqL0VAeUYz6kk76p3Fv0oW63yy0NM8dXNjDJE4KDPZmGSxx9lR+LpoOhU1PTJAn1UKIm9pShzzZ757589Jr7/yZoz413rKOil2xKagQSfmpDdtcBuPEnEd2UU9vuM1uoDmQU8ErRrhv7pLcvx20kW1wRyiSorE8bO4A5y5PXIPNv8vloO1XDjbhWKaNIOImrHcmML9VLl1JwV5gFGN/tZ650Pwjwza7vYLbVpBUUFZFF4LVFJN4Ur+GxTL8hwfc77+o1RuFOCrLxBwldrvUV8lLPbZn5pQoaNowocErgHJ3Hy6affRhwfXV1uFwrLtXU1reU8tup5niEuO7gYAU5zgDcY0F8q+Ha6piMQ4gq/BIwFK+0u+crIpVwdvvb77HXPb3Y+IqOsBo+K7u1J/FY7dmSpkynOq+3724DMV39NdijjjhjWKJFjjQBVVRgAeWNJeKaOE2J+UJEIqqCqLYGxWdHZvyB0FWk4Eqlp2ju/F15uLDBSnExRS52XJyT1b00r+kW1xVVy4b4bgU/Uk8WeZUGMJGu526Z9v9NWm1cRUd8meWgkPgU1XyJ4isn1pwPd5yOUHfIGck7nGsq6Chra+r4ht0j1E5opaRoScmDLMzYXs+TykHcfoQ5P8ASNJXcMcWVcNC/JBW4rAoGwLbH9VOprtd2s1Fc5oZqhCzrCqZ8Mt5ny9dTQbJDI9+s1wpJvDE0c1MVkXKnmAcZGRuPCYfM6fyV1RBn6xb5yBvz05Eox8Nm/w65z/Ep7bxRdrE6FkDJdbcQcHmL5aPr0Z+ZR29rHca6jHOktMtREwaN0Dq+diCMg6Cl8U3SkVobtRLVrX0XvQSUkyePCT7ce64z3X1HbOdNluNLJbo7jDKr0jqsniZ2CHufLHU/A6X1XHlphcob9bOcZDR00UlVg/3kI/bSe2360SGee2VMVxtlUWavip4mUUzMPak5CSQjfaHYkt3bQXLYjGxBG48xrRVUiVFMIUxEUIaJlGPDYdCNVSw3v8Agd3PCt4kbw1wbVWucrPC3uxlvvL7oP2sDuRm59OugXXlZb/w3NBHTCSvRhG1M7kReIfZzIPtxjm58HY4HXWXC/BFl4dSOSCmWauVAr1kq5kYgY2P2Rt0GsbitTSTx3O3Dnmi9manJAFTH93J6ODup+XfaxUtTFV00dRA3NHIvMpIIPwIO4PmD00HDq6KS+3mqtVxpoKW22Gc01LR0uVBIJw5PqvL/rql4dsc/wDFZhWQuKWmLJyzJhZG6AjfBGN+gG411K78J144guVyofAlir3SRlaTkZGCBfLBzjz1oXhS61jpDOkENNIeWaRan+Yi9+UBSM9tyNAr4A4aS4WA0ciH+GXCrauqFJPtQK2IYh6MULn027jV7ogo+t8gAU1kmABgADC4/wAOmdqoqehooqekAWBFVY1XYKoACgfIDSe0MWoy7MCZZppQR3VpWK/oRoCaj/YuM4LDlHz2/rpVxoni8IXqMfaoZh0z9k6av7U0a9lyx/YfuT8tB8QRGoslZApwZozHkdubb+ugV2D+PR1c1vrbLb6XhyKnC01EEDSTLt+HOASVPdgN+uqR9LFkq7TcrZeOHZZ0Nc4Xx4XIJCrzLz7+3hQxDHsCDnAJ7OGlgqY4ZZVkR1YglcNtjrjbG/kO2q3xkkN1pYRDlloYZK12U4AVoJI0Uj+1zE/h0BU8AZl8OMFcbcw5j1z31NGgDC/3V/4RqaCm/SQZLXT0nEtJDFLJQ80FRHKpZJKeUcrBgNyAeU/nrmdoj4j4xqKW3/xPmp1PhxQycwWKMZw3Lk5zyuMtzH2e+uycS8N0vE1IKatq6yOAj/ZwTciMfNgB7XwJ1y/gaQ8OcYijnHhrbpirqQSVif2Xb8Jfm5uy79M4DZxf9GUNhttRcqi7OIYYYyq+Hk1E/M/OAO23Lg+pzjGqzwrXmz3u03V4pfqhqFI8f/nEzysQMnOAWOwGP113/wCkSwvxHwfcLfBn6z4fiQYOMuu4Hz3X565rS2+iuMFojjQ5JSOmA2IJAG4HXHU+XLntoLvxRwsvgrVUdElxpYeZhQMoOEYe2ieaHY8vVWClc45dGWuGojoo6m01D3O3NnlhmYfWIcbFQ52bBGMNgjHvHVqHKqhV6AYGg1t0UVc1ZSloHlOZ1THJNtjLD73T2hv55xoF0NZBUNyAlZD1gmQo4/C2Dj16HQ88z2NjVI3NSyMBLCzAe0dgVJ2z2wcZ6ZJxqw1EENRH4dRFHKn3ZFDD8jpLcbDQVUMlPNSK1NIMPEjFVYY6EA43Py20HsdYs8SVAJdMc24wfZ3I36e0cY9NZRSvnlB9pjgnp1OM/mXOgEta0dRz0jyIgwrwg5RyACSAd16AbYHmOmD0pWUYkJYYweXcn2cfuSfnoCJ6wU9DPUjnWOGnMgXuSQSAPXYAD1GgLego6KGKQgCnp0jYgdWA3/1668u0JmamhlAPiVCypCN/9nhuZvPBCjyGe5xjTbrjR3SoqIKKbxo6Jwsrj3XkOT174/LPw0DJVwzNnJY/ljt+/wCeg7rMI6fDbDniGfUyKv8AXRcO6sfN2/c6ScXTLFQLzxSSr9YpsxxY52AlDHGSO0Z76CxXJoW5psiRV/lGJPemfO0eegGevw32B1orKM0tgrhMweoqEZp5QMczsMbegGAPQDW220ckrQV1fGI5kQiGlU+xTA9vVsbc3bcDGTkq600tXbp6eB0SWRMKzjKg+o0COrqpKcxKq9YkJ29Mf01NEzWasqCGmlpQQMAKsnT/AMQ1NBV+A+JnudNNbbphLtb2MVQuff5SV8QehI3HY79CNLfpKsVTS1MPFtlhDVlFhqqM5Pixr1yO+2Vb+yfTSwWZrpxetxpamSz3qaJZGXZlScDc4+3HKm4I+4wO4wLXZ+LYHqZ7ZeVjtt1pWCTQykiF8+68ch25W7A79tBYeGa+Cs4fpLhbZw1BLGHhV1JaNe6ZzuRuvyHXuDQcP2233KouFJCwqJZGBd5S3JzHcKCcKObB2Gg6KlThwSNQxO1mqKkTtDHhvqrnZioB3jPUge6dxkE8tjokywc4bMasCNwc9/8ACNARSRNG8rs2TI22OiqNlA/f4k+mjF1hGutmgmsGTOtnw15oBzAObmwAdalEgn9qNhGqvzkDIbccuMdds7aN1NBVWsdfe62We7yGloGIVaOFz4ksY6LIw91SckqvXoWxtqW+KCnut9aBUVI54oxGgACBKeMgYHT3umrVqo2WRKv+I1UTq8dVcpCrqQQyoFTqOu0eNA1TEaxxt72P1xudA1UcUtzo2qEZ0p5jOAO5VOUZztsZc/EDR2OaQn7ox8zuf6aWqktTfhTRkoyUEsuSMqS0q4UjuCFII8joLNTVEVQjNC/NynDDoVPkR21t0hjpaqivtI0KO1HPG6uSc+FgcwVj3390nplh3Gn2g91NYPNHGcO6qfInU0FRFpo7tbrXUzLyVcEUclPVR7PEcA7HuMgZU7HuNLuMLBDxDYLigiiaveiKLKq8pdkfmVfhzKdv7R074dBWwW1SclKaNT8QoB/UHW6jHLW1MJHQq4z3DEn/AIubQU/gHh+33n6NqM09DT01zEOVmC8paRTlGbHVTgZ8xnV94felmtMD0VOtPFurQKAPCcEh1OO4YEHVY+j+b6rwzaJ8EIsPgT5GMAE4b4Anr91gdOLrbbtRVct04blikeQh6m21JxHUkADmVwCUfAAzuDgZHfQWLU0ht/FVDO6U9yjmtFaxwKavAj5m8kf3X/CTp9oKrf7VWNfGuRkmqaFqZYhSrzMIXDElwg2OQQCQMjlHyKslFVwVSOvjx05B5kdzyny9k9D8MasGpoJqawmmjgheaaRI4kHM7uQFUeZJ6apR4wn4huK0XCi81IjfzrjIvsOR0SMdTnu3YdMnfQWG+/XaxRbbczQ+OCtRWDrAh68g7yHoOy9T2Brn0f0sdDwda4YwQkcBI8yWYsf3GrRT062m11MhCKQJJ35BsNs4367ADPfGdLbRTGktlDSHrBAgc4+0AP6/00Htzr0tVvaqnHMA8aYz1Z3VB+rDW+1L4nENwlwSIqaGHPrl2I/Ir+elfEcP15aejAVlBaplVt9kHsfPxGjPyOnHDQWWKtrk6VdW7D1CYiB+B8PPz0DjU147rGjPIwVVGSzHAA0mqbu1VmCzpLUMR7VTEmUQH7rH2Wb54HfyIV3iC2VvEl1nqKG4vSU9MfqyhQCJCp9ptx94sv4dTTuKyXARqsdxSjjUBVgigEgUerNux9cD+pmgH4dJFBLE3WGrnjx6CRsfoRrfJJ4V4pvbVRPC6Y7sykFf0L6EszKt0vkC52q0l+HNCn/1OtPEdtqblWW4UEojrKXxaqmLHCmVQoCt/ZYMyn0bPbQNbNakFsiSKd4lC+E4UDOUymQT0OAPyGnqAIoUdBpPw/UNJJUxtG0eSsvKSDyE+yybeTITnoebTnQDyrS10c1LMsNQnuyxOA4+BB0i/wCSEdDL43Dlxq7U3/V0bxaZvTwm2H4Sum9Ja4qW4TVkcsxMoP8AKJHInMeZsbZ3OTuTjJxjOjtAkWuvlHha62RVa/72hkx/gb/PQk3FVVKTBa+G7xPVcpPLUwfV4lPbMjbH8PNqz6mg+c79W8Y8acZtw7dMU6xO6SU8IPgxIDvIPvHBGCfPtnXcuG7HTWaiihp4ViWNOVEA2Uf5nvoO02+Gl44v8wiXnq6elqPE2zn20Zfh/LQ/PVl0C3iJwtnnjP8A0gpT/wDmME/+WtSrj4k5J1lex4lRb4ewlaZh5hVIH+Jl0mvt1S12uWraTw2lJWNypPIACS2B1wqu2O+Md9BoNQ9ZUXSKFSKmWop6SmOesSnmZwPIMJx6+Hq5U8MdPBHBAoWKNQqKB0A1yOwRVnG9+8Wnqaq2UVtREjME3LJGmcqD2dyQSSwKjfr308a8XXCmuLWi0Xe5y+FKIpJWMSNJJkKFUqi4HNgZ7nuB1Ds2M68+OuZUX0f3W5pHU8VcQXFKlTzRw0dTzeCfV3By390DHr11ZKOK78OUKxpUveaGBNxUELVBRkk+Jnlf4EL8e2gtOpoe31tPcaGCspHLwTIHRipGQfQ6mg//2Q==', '2023-09-14 11:16:50', 3, 1, '神秘人', '北京市朝阳区', 'e10adc3949ba59abbe56e057f20f883e', 1, '2023-09-08 17:54:00', '2023-09-08 17:54:03');
INSERT INTO `sys_user` VALUES (9, '王欣', 'wangxin', '1234567890', 'wangxin@qq.com', 'data:image/jpeg;base64,UklGRtRZAABXRUJQVlA4IMhZAADwaAGdASr0AfQBPpFCnEolo6KkpbJr2LASCWVu2PhngjFsjmIrhRqQUu2P7VlFqSfn/9fGKATqX9c8r30/+J/3P+B8i/N38D/fP3c+Qn8k/3PJL1X/2/9V6k/zD8D/xf8D7uf6zv9/aP6D/n+oR7r9YJ8J6N/B9AjvR/xv8j7En1f/o/znql9gv+p7gX9M/rf+5/wX5F/QP/h8U/8T/sP3G+Ab+ef3r9j/eX/xP25/3nsf/Zv9b/8/9p7QHps///3n/u17WX7TGrNSlWOfhkFe884J0w9Z0d9Eq+Sg4OaeYBvQmuhasTsKdqgkfHeop06uyq0jStnf656TNCQ3YnN+w7wH/e4ZIxBDsUrzy2Zh+tbNkAbyTjt/z5lI20uaKYv1e8k7rI/tnw8yH0bILSqiGV0cvn1vRVMN41uwl1zvB4TnUCRg1f/hkN/1JjnllP5LuRuzsO/uKHEgnNUkTsJHOjB3jIWtZnJV/fuBbp7URvBYqb5KdQUnf3kht+9It3ZAEDaGDcAGv+LeKXIUbCQvv/iYRdAZkE/6wZ85jhD1zk89jrL37qy2uoriLWQuZPbYB78YXdlgyYiVrg6Tp04yWaI61cWtulMc/7QIZPkAz10uPJXF3PP8nNi/aq8aFevPFe+VCLhL2RN2hEksCk+07Bdv26rmaSViOQfvsarXqu8eU8CRD3gGyOYU7OtGtF0JXFCuIdOiFxSubteSfFXjV0VAfc5MrhBBdJIgZ0dMf4qIrdHzUu+OkoaD/COpx91+yP4Cfh3MTZYpwQa6VIrEEYvzsmY515i1X0yFnezPEDBKmWUOESlqbO57x+MbX+p6Bmvm/RKsH8kzioiNhoB09xlDZvnF64gXwpk/nadknCSNCcAaFlqb3V/TB2885AI57i2ShGj9mOJw0jpB/QFTa0LIS2D91eXbtOKJKm3a2iZDxzQ1/8RBzO4VME/Tp9qadQl2NylarLxvA8XKRTEfA1pc1bpEA4soG7xco9RNAZ+2XAIUbgWvzrl0VxjaJ3lURKIxZ3Y8YkRutjDNX5haW/16Pke1sRVnwHfnHcsfW8nfreteE24zkdLW5QxBEvwoswstYFyQhaiP2P/bOVEChunC2UzeHtyOpDpDC/hnmwL/zOkcRw7zwAFDLv9ZJeH1vTwmKSlTakPp2VebNHxmfH/tXIAS8TmthtdSOam2YdoxmkEW0oI3F1rX9KzMftQG7BJoJu/3NsvZqRCMLZguSc9RKBYUEYOE71smnmbigGgHHJySFEU+VoXkpIt14AZsPe/5UDN2wZD+NlEen2OBryjlVeNOodHaWiY8xZc0DE7roOsG6rN2pQEfhBv5q0FfrhEphCpNwA6LtgUd+yJM0LdOMA9wLhP9LOnKJMo3Qb4mfRJxQK/sAEMp8b3TMdTsyM8Su3D5tMAG4XIDLPlinLpbOTF3Crd5YUsY8lP86uXetI8FuISUUkKDziB14U6dgH6q1OpAuTt9EdgrOE/x1aOfQS7UpfHuoPc+/a2Hi5HTciH7mTsJ/RZ2cG7kjR1CeuWCbGcv0msq7fcCGlme5M16gzLrk/lhTTEzYyVhgoR0cUIA4glskpVBGhB0mCMTBF8fM1hNSFvLvcIqRTn57Q1eShKyF3BUeRHsjNpOfsddP4v1u75onpOQN0ojs/NkO44UX1QRhEyUqmdvrzQKvPY3YM0c/Cryd82WFBfv7gBUW5Jlfd2ZsamqMgayYTlVhh00ZUEmHuIXT/zB7mbYL6e5GwmpOvKJU1dB4pRMqft5h1sfI4RK81e3nqa1TglmKrh5daYXDCnI6sOSqsZ3L4ORAILTBMP5B7qnUmkFzUhAWc0rt/9eiL8lj7GwZu5KCwuCUL5qXkICt9ZtmlPaCjOGEOI3/vF0USJUt2X/K+myfdMDYf9upx7BKDwD00i1hNg1kkq9cbHBiFRAvNpG6uEaK9RmI+qpPMsX0/2RR17Qy+XjNtpa0zrIYwq1yTbI9oM+2W2fAeLP5N8q4iuCYBg8cJpZ1gBdHl9AwSZ+vSBw9S2AWkJwvzWGhDdjZ8yY0Oxp7K7IdnddK3B0U4hDZU1mwMlPecs8xABcZmFtwj8qboP71Rrh/bZTXUvV9eTgjhl3SfWyu3k47hW7CW0yHRYmZtr3uy2Ro6pIiU3lZn3CGTQpo51N2lPESG1mmBBl2dlyr1q1uvFdsAH7sbOjjNbEsYOxcJYhwm9sv9QVwbTXTVbU0BdbjPkFUU5lo8KyuCyITShFSamrR3loChC1SF1fNkza/7krAWekNOyxuM3hbuYqrH6xEoFqd5xS5zkSzidbDH1nxcmtg0jFw+LwVX5fPJBZkHymF/S3v2VFuzbpJ7eu6RSTeD33hlG6hQ6YHkbNml+ofL1qrcbwfh50iF2cuoghy7spIXZr0UXUPw9wtI7sdkfqTpCNKD+P8RI/MhOosSey9BM03K2FApEfzc1VRrkjVRq6USj4VJ9ESmUsYvLGd5A7H+Ne7yZHHAyAR4BtipYDyXIoC+Hk7qnkydWBnUCDktClBhkNdaf2QcgH72KFg9PbifA8QpAdAQin5GYEAASfUhPeE6p/Vqz5Zb47zHGknF5oAZq0emXCEwI7iK5eMtu0dnSFiS5qVrswLbb9Sv++97KiCh0xbw5BzNsSV8z9rqdl37kAA48CGPL9MO6fjCRMnip11VXaaESFlqCFBc7pc09lkWtGKK6WUM1NhnFtKkISttx2ezp0nykf7cfW6AxD6LDZv9etERfVlKngUrcpJj+JnH9N/3gL8JpNq7Gh4iGV4G7tszg5IL0wO7owvxfK6nL8xeazj3pX1kQidtoiHrN9+nSekx6DrOvsA4bWTPQZyf9gJpdOY39qtz9P47D/iTZXzC2OlkgZ+0ywTxkPxibgVgdQmLXQCoV2jX6f2vT+vKvFL9hteeszoIkotMowKW5EWiKvk1EeCUlaMTb262zaS4M/d5J83ZhXM17XBOBS9yuQR7Z5PUNlRveLM6/cB0TyvYlWx/HWoV/AistuusWV0Dwd27cKw+qUrq4jp/vhu4HWHMOthfivEgP++MnF4MtmSNeqb5l7gN/+dbv9LKcf7RFovEf2BQ5sWvWFq6YR4UV96IATthtya6xuDTC4d5iXzulYH6RLHoGv93hGknyqZG8kC3F16K3ZSuHoYUP3d3A8+CEgrQNF+w3wGx583xK8e13lG8wvbpn0OQ9JzyVmiiDovY6U+oiWHI8/CtH/4EbT0ZSBHQK1AJKc5lMdW2+/SF8I59mWRhXMulAeSb3x/YXxTE3mRuAuGLgZ6q0c2NksrA9yGCWaqu+l0XuQ5096LduH0vU8mN80KdfekgOCVG3kgiPH4tv6ntkHROIFaW6B5ROyvSkWL7ii+jsNbvAfvgcCWQj7VK8qmRL9iw6hXF9Htaey1+yqCkGV3EsDVZOMAfuhFR34aubHnTCh+BunO31mqUMzUgfyKGJg3qpLt3LqyGCv724UPgLl/3pRrat2ucMP6hPfQ64kOwKbu8BN86p9EuZC5JqkNa2Fa2fid0r6al5qRigUC2RJKM1it3niz3ppEojlcrlOVTRWL575jsj5h6PJh3JdttXMpMY9YUVYN43R1ch0+QIGscdCkFzLoCKAbw15q4qHAf8ed5Z+zRHbxVkIwxsc6hIBMsXPhal4JOWo9FM/NnNAvQ9lXCmMdz4FtpYyZovA0dapFjcc8IjGGj5YA5VaY/7VC3mNoA3y1dQHEqOj4RjwUGvQkYqzGeFoJ3icOcL24xnnvWwaHIOGiSXvZ0reJaOE4BTKs8lFof1M3iPd7avfyQM3oKjgAtuZsmeUIzc4GpUHqq8h5i8+hIIWVv2CspKciOV5NR0s66QAAP73+4ZPMmUDLG9VobY5H5fJRrMKwv8zRPgf/wnxNeq5AwAeXaCWIcbcuWTyeGkdaWHCiU4OCDbpPODTCADFyU1aVLu2JXNganY5vqhQUF2n3rHJnT+4KfLslCcazQfZvDVy64O/PfqJUrqKQbbG7bIzmo6Z9vvwoJMSX+f5Xz5Vlej6eArB4Hgm2uS0toXE39TsEizF7Aige2cWdiTU+gKWlYBRl3sy1AP0bQqsI2Flw3azwi21R3ZYJsgD8e6k71NBasqSQ/6Os76tIFxpMqSFD3AzYJmjc4BjlJuRcwTVH9dpHRV48gfuIqHVFGmeAX8k7kPCKA+CbUGEs7YENCtHCD6uBTAda+eJIgUcGjvttsZ3vkkM/4dwuc9mgmTl3qmTGl90EHTadzZW0lzz/vKhzeJB76EXYmO+8n3bk6NqO8y3vxto57gH3DsEOm2IZ1xs3hsIMXDxhr/zhCS3k3Nzs15LeahHktYVkRlkaNdCToKPNqHTv5qMz6QNfDP8DhGPMzj3jBh1I8aYFOPxfohY6lJRp6OhS6gQgGuUG28JItKJHcgbgSBricLo9zSKCattCanKLc39UArQE0d9VG+5eFxCjqcYACcxjtxGTlqA7CmxW/w2JcMSLyySiBMONN2k5ewDLLfmMUIYuRunwvrVU/djhgxtj+0nhSxISNymKKObmkzh0jG7B3YJI8m27S9IXovAKIarqY40GJLh4gGkEv2eaDftpTQPsv6d7yrapQ1/dqvpqnOX77zK2ITFadFRA0uleQYHPUubtQdgtdul2Q4nBrWx3gmVvLPyjc3/MvM/ZprpGM3D8PluFZV68N+TCAWbnjR9vHzOLvHQjxCe3Nzi7BTLov1Dby4ExUE9tGumOsmeKycFDbahYy5XayObE0ChmJMo2FPoKm91zDME4WcN1VtywvydZqWCrqLH77gM948WCUVNOr4idW1n4Z7khcazAi7WeqXRLP2uDPKRASKejMxBO6Yxji3pDtzPyEeFoOoY4brtSXyUAaZ9zt+UOss2Q2aIVus4NW5G+Ryz83Asz/0NjDJE11TPVC6dfQArkJb8gay5qZu1k8WQDXbNfsG+r2/Qa1usacGFlaHMdedmhtQ0EUIq33UcX943p8fjThcDPtsb1E+jxTPmdzzGSKxbd1+hf2MxUUWmJMpSJK/FVh0LuXyagaSMPCnvPBnJw/ukFNFKahrIFCXkN89bET47zczt05XbGPnsS327HN7tk9gmdbLnPM3a9iZWJ0h8Tul43dGFbT9WQ9/48GkvljHUU3SmX0prN1i+skfhtf0/Rzzd2D5erorOMKQdSqBPVTMfkrO5tSa/bS/85CHG1dwgXuuje6JsOFCuCFLbhuJhTztJpTo3ejKSqGR/DjuA8rXPtS3IQIVGOrWDE2uJ2ZoKtS+4fX5QMYFFOa3/bmp4zkVSOjJYoXwyLvxFzo8uqO3aEPN/ZaeSzEVq92hdcQnfnu4NC9M88OWcm0GvLNwadcLK1BjBULrORClPchrR6YqtzHoTaJXs6E8pOWrtsPTDL7SMs6fN05wE6qplvWvqp8kJLRMCIUsT/x+Bj/lh2o4vzK4UEZ/qWtI6F/l2QOv7hpA1HLfqFO9mmW28PjdseV58HKBcxErzX4gtdSVa5ZWUxf4PRPGUfHLXXvvPiJRPi5Nyrcjcpl60i7+xOW6FsilJNYooPKtSEtpjDVccf5m8LdEh3l2MBKSX4DrRzXKzsBC/0wDGDihGwHZbg6Y2cv2XirsgdyfXqcLZ8AVhbddY2YFKKYAHkoimJCtb0UYTJwNwDh0Vny5T00YXsZ+l2Dacnj0sgqB4A8VQz3S9WEOJ+NqoW/74CXVQvm3erjlemfxW00NTLTk0vtw1MQW7vN1C8b4IrGuz2HjChX/CxRiToY0PwaUSgITTl5SFC4Dtn88Wg3jt93vBiv4LX3wVaVxqjB/lkfN+4jqz2bGqHdnduEpiuS0xVWprOlexXI8nYeCWnXVJQmREprCD3QOsSof1OfKGdW8xVf9HbrRBTvL82ShZFsE5RCp0AEL2Hv9u31FgrtBUGv5P2bnFDzkMt5QlbrGhd7NblUMJLNiOY812uX/Dpcb6YaRNngOexjcQaAXArXPleiil4fhC8QacHD5M2thgRDv/cpb0dg+MF8CyvUeXS9ue5A5nKD3zjkpqO7P+r/E8gOtAO+8sv+bs6BcQiRIHEIEW1z1xK7+ya+KsXiM0pLtqUj5dMo9TwYtyWXHTcpxoM9uSuiMFgsCcw+e9OdB5MfpNLoHj3SR32gANgcR3U3XE9AIdM0b7yhv1yLXwKCGT+Iny5Id2kkqtK0Ohref+JAXJ734EnDLdwYEVazYmYlQe26/TPgU2oY72QQTdqji4CSrdcdYRYFNHYAUHLU149EWoT/XUllg1s2Zaoxnaj2JuZUcL9O7xPHHyOxNhyhJ62HxT/NMxpun2G7/3ZePWVyefR/5BFe7j6tLekfHZRcKOdBbAPqhxo3Sk/jxW7pe82PXXJrDGVJS1RGXgbRRyXkwoI/ViDRRBxSJLO2afyg5n8tthGnU/xZpJFnX/f9QpQhae32FBaaUoE3demmM5uxCZTrNsSzQeP3ytNBbEMNUq1SYJl+PQETuRXc4UU8zJQPX018z91k3ARKtjXrTo89Rc/QZc7FxeXv8r3PPyL6kdNQJSmS1XagvGLRiqjINw939MXBV0NWYVXOmB765j2f5giMQmhpBVCgO27yZspyzOV6aIJQK4jsOfe35wL0FosthZdk/hnzLkW60ErZX9Q+8r4ntcDAeS+rzwFSewzV5v6wMV4LK+i4HOjlHo4ShyaGDNPqN8xcBfbLgaUd0erYsQf2DdZ3G+1fw3X6IEbwK75umJcTUSLd4b4z8Wknx5yIL46+4bAbk4Sk800OwrYgsP7R1kO3dG6jM//qU4VyygrzhEdupeRoDy0NAAC2fQeKp4ll5HLULRCRY+WPShKfEpTlM04jQvx2YEvQrW7Zo6CXjYmAu3B5CTJhXrvFKeKhqCOP9mCR7SZToj4eN54tqraOqCvJH10qE0yyJPVsDKD2Q4QZu0Oz6vtlAgImEQJ65XqsKGnKxfK5NfNSJOYk8nq3/c7pmt7aKxG+sfh42NHswX/DSoxTCGTeBMjJCrhAK1qFp48sSg8FCUbwYXtRP+8OSDnlvR9nTQkKkW7zhxjxY+moyL4ai/SosTVeqza/mIblX/dYm5/YVBCYgoqp7wtoQSgvfb/OfwlrPNBcUDdP6Z5EI/Wu4V1a9OI5Dzuesu06usn16VpmzBteQCqAqYbaSKzj9207xJUbJpYAB7So/3CfhnHAe30yZa33Li+cF7nnzdJSUOQidjtpH/Ni0b3tqpjfuwzrzR7uBdvaT89x5ixCKhzKTBDsvk36EY4zAyCZ1h6iVygA8NU1y2uPzh+c0eYRkldxoBSn8trNOrEW+P/A2f5SISVt8olK7s0TkLr9F3lsUEcofWtbw9OQxJ2ToDg/UfauCPHeVMeB9Js3KYWDwyvKKriGTf6K/0EcUcZVfJYPvc5tyCp7wh6+hdiM19Bp9x2PGeLjrMGiTunlvEO1qBbJfh7LgtO23ryXqf5WUmJsfiUiAcPBv0HYFbPmQfg+Z2wz3TpdZDzHHi6jmliuTXDC23MarrFYzBZoS4dMpOUqNodOJSEFzvQh2XDrKEO8iMZ1Ht8HlPEqef6KGq7pD9jD1rWzdbxzAz6d1R+xAgrQAEwUsR7KJlSq3eHtkTegqbwtGqqF6BLU9fhQAIaQ6C6ysvA5JpN0hGKykh3WzXkB2a5wIkdLiPxfW/HJFaC4s+2oKuEuG0E4HcC/5K5I4obPTKZxt/knqQAc2B24y7KHtQVwbLPZSL8cEdhmTcLIqgYiDGQtwN0wzW2IVU3qRCf7Vj/iqrc9voiGCedPBzHo2kmw3C7ZIiVJsICyBlWO4OD+GcIWJd2HuYveRB6C+1CkI9SJ/cCR5VdhL2FJzWcZUpBjXS4qw0mAOFoSimvrX8eu2c2IcNyxEWXvUh3HiC0CNWyMlk0hRTa4pNuBO84ud9HWu+Q9EyD66KRMrRx+DepxCD7pNcS/Df4l1XkoneHSmTKhvF0RXriIZpNFo58Qd/ZwlBLFyK4g0MmgRE9ZxTcCaapFluaSm5YXdC5HyXF2jgokig8R0dToBUY2CQDjTKdrGdoBJUpQPD/d8h46v3NyY66z0k42x0gPYk7S9Ny3J+DIPe3mISwfL3/IFSxxtfAJxhIJ0+xKnSKYUGSXiqqORN3E2obdnu1R0EQ5OHi0ST0D0P///hYKehq7Gf3br/K2TdbTGIgv1Fmj3V3j2JCOAK6RKq9RBJY6//5Oi/LVVDdHIRNzC0hNHYZNDE4r10cbot+rVFknwPc7Fw5m8cagr33FFj7jgxV1pbg1BHA27RDuDOt0L0d5oz9KnKAktAPCpBtEsgMLXT3DNklcZYryFmLEfLzbHwY24EWXOJorrfWy9RP/Tk0eWF9hT9PzqcUiY8167GTymrajwnue6kRlkal9ISecBzSqAHx2y5DzZU4NrIOEwKyox22wFP5tZ4uPB8sihyzqOU/Cw3v+bAR9jhpCQ58nkpz1gMC/zSFDAtajBmENU0gbAEckZJ99dNaPuNiMS8Ehcxghu0+JxnZtEQn0orBJA+vBw/TffnH/kUsB/3CyDpM14pkfhVcUwnIy1EuyiDv1obVgYW6aol39sMRhzfYwTHVlPgjuoeIN/osKKpvp8Fibq+pxZJpAkYLgiDUcFoNwek5ZxCEmiRbMbhSoj/x49JqYCYNRmivwF9dz5+8gCsm3SqxucoC+aaXN60/ZvXj/4WV774dm1jlF084a9YmRHEq+BKZfKiEvRlXK5qrM3tBZ2XP2FvVFpg/R3HN0aGbMfpqUFFND/jT0vxX378VORaM70/ka95zpC3y/DGXHh0i5vVGvllh1XE8U2YD8Cj9ucfcixiNdZuLaqKO+en3IjdiXVOV7dJe0nGAiARG5K0kq3+TBygwm3yoqdvD9CA2Zl/58sg3jisCntYz2ljLbGt4Fillqd6LtY5ypSAHiCinII/P+vqsaEXuCebK9f5WxNEF8D/awN4LFWDKrfDdNhufXShHMLMNP3XoNNCfVH96WuoypdkDO5jjKbjzMznk2YVrCF3BnBS47N+Bege0QduTKIuCRt92n3Bh9lZRL18/QhXlXZcrv/Rvia0/L53/4e/XBGY08aaLVaiU3vC8bUkIGwPT47WODTSoPO6X6lcEhdFQeLFghy7EktyHQmapoLtsHwR08TbDyGvnsRvtT7hCJdLC08lfsMrXNA5WkKJ0rUIDLiU1t8uvcoC5UL+1efOH1LLjpQZY6lUibLdFFyQxV4MU3YEI1lINdWgXnJ4RfDfhI54RAXpWaATekMAsYaXWqdpPsa3p9jnoeKJtDH3Vg6IykK67PafiP/vZAkwuyr68FBhK4WFm5x0/wW20sGnK++uA0vvMi6m4mZePeuHyzDFs+3ZyV0Q9yj+lgLC3iFIIjpJTum21h7xpiHUA1q0P7soIBLWmOcPDrDBcIYa0sF9MaNKW0QVm8jFcs9feSg3adPbPl1ll3YAn/HvlRMl+5B623kjCpL9AOUmP3fGziHfQ5MrncjR/uLxkfqtBvheXFN7F/EuWJBDDb3kxAtjFpbtK6atHwBa0x0sAqH72lg9oFM6xEqDYzO/o72V1rrea8ggeuzTIh/2cW3f3DEjWVuGDs/6HsxWJ+YINctu6cN7RvTJndoJsYz9b0KEfQEAySNW81rQk0HyJywGE6pcXgLKXaGRTXhFihjWlT0/cocItnm8kY80w5fHllP9eik0F8+9KmXfITfpl4CjmC5gR+pAaDX0B+eSfsnhGz/DPTCegqkbm32KTZ6A5uuIrr2QFJKxWJ3UAkoH6NdWoqIqldyyAQHvwqWrW8cPl4Sw5Gwt89uksx123GgF2d0pbQpIktjT3l6Z/agkaekXNhlsuRGdcWlTcXGMF3ESbG5fHKXJiSpcplzPBbysqJuGbb47PpozfOF3mKyXCyLQ8buPxrS7iuhKF3b0VyhHBAe2uilx7R0GubvinENI0U6AEwStvhhaGHtb/9pHsdT5LErc1VsynWwOO+1SUQNoZ65vvE1qxQTM6cKMnT4BSnHZzeyt4dosdgH1G+umEApr32qQuo+FxAU7qQ0DxwjIS/CbDokwrEef6Vk/KcvYO2GSMEko7bkS8bt5J+UStabsIcOq/JeacBmCWSPfsu+WhwbIf/lWGPuN+E1wcaYxCJMhVD5BoNZ6qMxuBoTijUrLK8XRCcgjYyIiLapLPMV0JYldWJ9iJg+iDrf4MgC6m3l/38v7zen0TUCTatBOo+IGJ0/y68Q5cLxA0ngB56z16l9qmmKPT941/DlMlZVOMgInUMvYFRszTLtGeNNusAIpb8CObu9co3bAYKj6un/6UEQSiq5jNJDZJTcwhawf2UdyK38HQw1uEA+8vis3Fr6e82PjgKKlvGz+Vr3IkRjtWyGbWikNrFht4wx4gsZ6b3ycOIyBrFt7ICjKcCqMv/j7rLfH32M0dHR0H9Tvsbmh6q2UJp11+oJ8WRl9z1JkVnjOQfhI8Ti/tRXC+kRepE95cIaswWu+MObpPDhXfZz0MDnA3lQkszNUuOwj60ERQuZ0UNUuVMXvvaokJcjsNzVHXSVAAzwkiyxp9d+WwfkEomsFyIho4Cm4BRoAzJtrZUjoSppiRoPmahfy1uUzJx9DPYOgcV6ihS7KuOMj3912tvy8B+8qlLaEZCz3p/VtKtAb6XkYjaioAumAxcCtCn0iCfigOeOUTFtWIen16aImAn7TAgTgMBDtESxujhoEzYqO8NTMGjTGbzASMg1Uz9UtRZ5ee8hNgu5hwZWxUxqLUQWD5VLDg6etvI8FL+Y1GGCwMhYOLXsQ8I8/CEmzPPY2RsAzet28FJVbuND65T5xTYZZz2dWCi0m3d56aw5fZzLo4iYVpI6E8d7HETiazeJP+sp2MwME48cQe6jVDJ1s0cSLOiNpM19Sz7RJrqWgnCkpuGJd02numNIqb2Uze6/O9ginv3thQQq5vZF4Tmf1wMq/Se46kEi9MAtvKDRmUgC220fTHy/XGrzgGL2ZQAv43PCOqEwVXU2yX8QBPlYgSophKw0wYISR1XK6gVAukag8sKlRa5FgaoKUiAhwsH9n0n8CRVw3grhX/CI5YmjR/WwQbReE+5OYJlxMO0TxJqiXFgb6zibP8W0RWVCUpjNPXrYWSM7J4+SapjqazBZYsAaBeFpkp4GP49qjsQFIBzJCreZY9ho1hCfNi+qeD9UNzh/Wdx4lFeaV6EK7aQbPcifHuYcTyN9kLTPjGTcqUobXDui3ewgyFtKJJLii9VktZtQA49DHhP2RsTw3Ooulsb233hJ7E/WtmjsU6yR9f0YbVJPJR7fhemhOj9b/VeHmjFXCdT2oYxyY4RRVfLNrjNAbjMr9K+ifFahtm9Sc8rTM4rsZqDG1HDRCShASDGxb6zmG2NrnYYUA7rJ+r7eUhSUC6Rv4P+7AmNjzmbqNUY+y3D8jJvuj0O1JPxL4OGsErWpVpEQW1O3CPhiD0+YnrWosKQAG3PybnkI6HDnG58kB8w8//seXHnN9dTI7hiDzLVVx51duI+KUit68u0UvllbRiIHGfNcDgMu3cbPEw9d6Sa+3oYLySlbdjJL82xhF43IjE57dh86jSDZuUXOcBn1LyTmDNlKhVTmcwr2EShDIKNT4tEDqvqP3fU9lkfoWDr1RApvDOyaHSaE53jPt2zco26lb6nWfa9xXXXf1EdpCJXdoSB0PFgNDayaecEvssOJIHOukFGeUhp9Vv3YZMYwJG76mD7HzFtK1sK/zhRKxgCAmUOfppH0mfU6P6mDQtTvnpQE6iL+s11Df7jN4MQlpCC2M9HJOmyySoiKVujwheztiqdfkrAJyzUL0TdmZhp8JZtZdMmT0W5kk+Nlyt7KoAgcMqixs9g7hrUKmCI9p7H4Y2nKuJ52NWRg5+USe3hcpC+9sW1A2BCXXBYIA6BVHt94GCGSE0AxJS0LiJh2ALzep7GvBhQNXMvr7NLnw8LH+twgjpjRXk0yEAKURZscFe873p0ptv+yrpU+VyycQcX6tWk7X1A6v+C9slBMPQqm7MQZB74lTWAx/qPm1pqyvQkOl6icDYTnv6Xg63fonrEubgywNJFD4iwKNVpYsf+HRGvkuZN6OIsJFR6UfoLPukxB0ts9W0VJVlD3uEwzybMc/tVqIH5GKV4rOddA6k29aRHGhZyHYr7NvC6RfrSXxx5qW2dHkIxAkh53Z37v3S0rqofqBsWe9OHYRYlD19qSXJ3zvNHMRjXs+wF9SdxZO4rKH6Ai0EyWjZD41D7u08EABHE7cmC5C8QsfmwYikmOP3XThC4XrKkVCD8lzkZKIJhrGnZlwpzvRRvoZi02zU6Ucifo1v41+nWTkYB7wdf0SuW8MP1BXO3fH4GLQPnRsVJWuGgktZYHHYk8to5rGuOekDvOaYVGqtA2uBxmaCLXLTAyPqEJh+k9yTzWwucAzLV1qWSulPv8nEDlePOjOX/ONcOA8w47D4lEgLaHEWVOCxy4wzMgLOuJDtlzdzo9vKsu9xA1BqmUyIaXG026KD6F6UC3wRWIOR+xiRN2fjjODHd1GpS/G+wRDWUzb+F6DZQrr1joVgiocqYfagz1QBubtw7XS72KIBVEBYTgZqHSaQNJJtjbTJ6+LzELuO3wpsT7cZbIvXCmlCDVf2WcR6M96W1D4/3hMvMJY42zUYiczMws2e7J/0+nOeAaACtHSZjAnEgImwSDyMDr9JiM6sXnBG0i3UAn/HlrArXjCdLf591PmQ36EcyVlhwg5OBy/gST4GXYuJoONlgKM8MP3YOb3qf1gtBc0PEJxR/vcnUmLyBhfyZOwrx8G7OUuPR6TYNVjCJJfX/RLz6bGFs3fS28Dqi2eyL1TXBu11x+Lgw3iKpFcGy7SYGwcPdBpY2z25Hlz00OgsT1gIH7fbrFQSBy1EVTY+zCxsOPOi++HXyC9qSIlaCphR1rwNcOnVwOGXetoqkOu5T22L0fwIiBT8R3OoTne4pOFIusucdBOFvHRcpaUcF+t2+dlZuTORy3ozlIiZxMadamFNxjuFwkIhEn0gSoxO7YnqiDrgwA2Oc/PQClSe1H+rRgW56wv9WwRlhfMdoo5uHirOFc8NS62TqeUtwTNAcXjeUtnEk6gh0s0jOgZSxOVMiA8GMowv7tQuIu8nM7Ww/wag+PlSlfQorDNZR7Ph4mCsybYP2qXd0urM9js008dWssZgey/sqjTBFPvDtypSCd4hTk0n5y0NLrNKI37yRLgI8h3mRaIBgvFf5XNXUlQZIieZckZLS6n+u+9802u/kGxR+4oeeC4iWHonIBmo+O3R5kTJr/fQCOfVYTF1gMEoGHnJ8+PFuZSeePltLnlI5zbJQds8zu4eYNkSEoI0gJEHKE8xUnf3hjgBHciAH+V/B7jo0rb+KSjyrsur8ytQMUdsVWJjMNUHPc3r90dTjKCvfevg1sLi/hoSXhoGi6hAsEiWpMzXb1mWaKJ5Jhb5IR16vEmAG6eTeHPaA5GzPpl1GzbC85KG2hwEps4HFg0LU9zaRHSaaUPcxwZoDxJMjlSyLGFYt+MMzawnFU2xy3HZEzcw5juy2Oqm6/7WXtW8IsW/WyIYplZpi33inPwD/Ab1mbhPO9J82eRS60YGDsFeWwNKexg49Smh1j3Ems1oSqJ2hvDPgFse3L0dODnXcVed/5n8U8d8WFkitveFVLMjFeopj4zmtRHiIuJSv9/ssd4xrohEZe4sJYGnITO9OIZobJm2HYOAic6zfSAjpjuL8carUl7Fo7M+snyj9P/GIo40WxHbLkeHW0MRxQ8MDu8DB7vMYzie0Ax8iKvlzcx5/oyXvUClBmSkUf3L+z3OTeXaK2MONc5m3NE6ToVBqtQ7TrOHsaoa7akIZbnTvJsbjaLX0WPqmNyi1VGbCFM5ndY7QeStC73AfNEKgJQ3pCPHe4213zmzr7Ky/FuwLdiPq4uMZeINjgOHYwmAF3RwPaxWkmsbcSeMUnbMY2ZDgdDZ/rcxNhzaPdXtIbHfwKkB5TvFvkqH1yyOJrumz+Bp55u62YIuQab5ShJWbSZIuFdSGjFKqVU9/uSP8FSp1u5RSSwZhPBxP3kPI/puxQY4net4Tq7pe2tZsawl0vmS72ErpJeOvRffDwqgP5cAadEhXnG+rXLewvOVZjdAqXGhCJ8zTVByMDnY7amIfznAX/viP3ncpBW7bFcN/X5fnwuORZxPonAciXN/0MUqCvuQA5YWvQbxDcqCFOcLoUMvlNhycIc+jlokPvpG5C/LuHXoSY/vxsh724TqTfpU/YI0iPJbc/kkY5sJveOPYmHcBr3P0hsW/qEZxsU0mcEgSEZANq9eUDzH/JHLy9MRCNFqwY4UKd1u4LHV2hzLZ65ZYHA6q3c/YkGg/TmtoaiY8LPvCUWRdNwaQv8kFUN9pcYGbFtYLGm63gXlI6YQwOo7j7ImyQ2pA4ive6LOZjqv0k7VEieQPltOPkHannWFx/c0rNvrDxOmT6WvW2W6ekvlOyRLVw613iHBp78q2B/LQlfdHMj2f1PurmJrxizVMfHYCDfs8S8SjLd7GUdTSQEkgyZaEsbbn0/V+zGi5VEyHkO/WV9dvoXC2kWP2BTQ9lneilywjhkrfQ+qWmZHobt/UsIo7U5ubvOgtKAZB8UNzQjKXs+BVn/b80X20RkcqotCtHdoHDwGbOQsyQx3TIeWJ2Xjzsi6jkUWwzZzyn6uttyAMvi++4BjXWzr0BUifLE5mSQh4rQlsYvC1VF4teV10XTX1Az6tiO+8fLsKGVtViADBA56kguJ4afUJfxfpumOIm27ZFCi1kpnK0gRpuz/K8pavEZKVI1MZHf5CAP2mNpITAAkX4L+xCl2dy8Ls+h96UH683bwzCX7fg6NAYPgmVziQpJcHsndpggwpjJCuiCRuwJzK4OrOtqgZ+dL/01AyNRq7/x/P+cNWrMSDqubRxQuqqO7Lx/HmNhQ2rkcHlZTW8sESnGB6fVWyv7nMZdHPt/OvTRHWIy1JBRsjQAG23mWYdttvKQXCD9TCQOReeon+MmR+Q63zwNR0axuAuUpOD4WVSYLDCpfQJPUeXLLFu/dhRhm7eLBKG/2DWE4C6/dyTCiOsrmQ6p5wG50LCNPw2A+j1N0PUUTQFdLYMDZ+PVUX1BlcRyPxZnK1o3xX9oT6xZi+sfhXE0e8QqD6529g2c8jDFDSNu2r2hVwWHAV8Rcv0bS2sDqmD2m+qU7lgE5JF2i+A7P2jOmgdW0Q8EohF63z51ydz9pnOdF03n0jMC1vHTzXKoDw2fn+GWGIuI+Ltr3yUCwD57LWKlYMeEErHhAlGVYy6M1wgQ1xP0vqravk4S8FG94ZuqiVMELM++2rJ7w+Psf+ZXRNrhKmbYFiQbSv/3LCRgrrgZVERQtwX6PNO7VCAJ7PQYu9SM+BUCiTqMEBSVMImkREzP6GFobcIUvMcKoEOICfs+AdbsTJ8Zn4+w+440+K/CJftaqddDme9WeUF6WHXESfVFYK45L2QjJKWI3nAyL7JjcqHxd7uWL9+77NQJHSVP0w149Cjmms/S/OQVT1G9K6s9OOttIUCScUirybJ7mD3kAndV6oL5RT1VwaaESiQ9E/lz3RfI5vCfHN9NIYdeLY3/vs2oM0++lsSzZ9eWB3aRHM09e/Ar7G+5WoTPVnbWxwfpw2yfymPOUt+vlpIH9Xi0wdmIcuUuo3cpvtqh8CvTLl0PxL78XNlvvw+bO79y8MuZbNPlmKpE5X/I/+Y733vm43nrFxEDlrEqV4YpmB6R8NZpszBOSwqyRnYQiBV4/u03ILcFzfs9K7Wx3tNsTyERP10920ZX7h1vIPqa/r9z/KMfnZg7Bvb5xfZj2qNG4Apc3HEbXvvUxcEyKcwadzuHAVjfx7CMiEL2lYr8+nlwKgQbcUT9mOSvsGAaLGRxos8Kj7zy+KxVOPx/VnAZmT9zv8v/lxj05JlVXe9cjjYi6HPCCrSg8lMXp7hZh9vfGiuZCJ9EGbitdBctPtFJXUo2LPfAm9vb6jRo6o8P7c7zWVbzITrKpps902XAj54h3McLDHDBGmnCH0tjW5EgL/PHgi/JHD/BD0KRA59EVRwu3HQPNoIYNys7bepgRtQuXNxU88jN8OejbyDZ+bDAugJZlxXVM7iDbjd6ukZ2lqjHAwvUaxFpCnuJwAcwfcj4bYYXRaP8qIuJ6UrP0F02Lh50vQgbNOaD2lKGYzuho3ndu4lMs1bY1PigtfefWdO0xkZCnkrfkxulmovQgCbl/Oe1QSm3JASCaum30ikWvf22mn0PFwqeGM/QO/0/sl25J/DUOJ/kzNvWhNK9GzUO9rOSSBMaL8oySwlyUVOEuiTcyaf8CEzU65RTWPN80IBAG+y07niHRlcYPYCa6qSU5MINPOrsHv+KRQNYOKYd/B0N9Q3raRV/2J3tcHB0H/ZtdUYjizkGj+pW957QKgjTFO2orpeFNEADOWERfFg9W7I9hW08Bnu8ebJNWN3Ui/BBRI8c+W/Bo/7F42AYTvcFXD3iTXSTzuVfZ2p0c4axWp0DIW6bAsU0yR2cLYZdb/8qPVFk73duipUHXlwYf8v65AO2OPg8QdB0sO1e0nM2Lekprq9JFJQ2GKkmXQv0n8RzDLK98eueR0ereM8Z5MYXs0R2xUvrW5tnlywdsTUwvPiXpPY2cWrXu3MhT5wBEhTzR+yMcgQAcTjIqqGEem8hGWWR+7ER315vPCg0V5DAGGIUwsKvYtLToC5+sgps1IJH2wnQ6dm7+tcV67xZp0Agx/mmuMacZZqiqlQLeR5tL1pa4bos+nBOPhFv4dzhrW7U3s6g0zRiNCHaz3Nxsjkukrm1BOZSTF/SoXGIx9VdXC9pT+PsbIUGY5O2nzhh0j692CITjh0MXAn6WHonNtcGLbu4z+Unum15TOO8/Oat3vosb36aSysYJIcT5f9oMKQyeco03ac8SIPiBQta6BvKC9pwWGI3C0daMeJJEHmh2dy8ojk+Qe0i0lTkBc5Y+UmsESMR5aNGYY1VIGkVZaXQmf0p9bNCbchKZgIHLi9hIPbzWRg/f6AhyuxE5cPwlwvuUmzfIhvWj8qVy7n2L0MzCDzQAF07mjc/phyeoxJFyn+aTaD1YbWw7DA1OWCFQyKeCNbZESQcKoIM4jRuJsg6Qy3PcIotN2t6ow43ciMvOFnqhgblx4kexo0r3VBPfmzik95jqoxEDTYw5F4WgLBN4KrI+eLNnBFuqrYFwXdK+JYuBE8oLX0K+EIUQ/3aaaYYWQYp4wktRTIeyMFqlXjNEHF9rrEXVelkGZ+gJ85J7RYIH9E2ZMIjGSIR19dyHwumtfhhxS/3HwEr+sVhaPWA5qor8pbxjPZYJ2XLQKUCUteq68k/ncCGdfA+vFemNR6xsXQFGpcMelKF9E2T4/fnZ9Tbp5K8e6wxYEWdh8ZgCq3mTzkIn7qicxMR+XuBndLOkIxVhzujoysSR6T89zkZalcF1obvEGdP+6wc+W/+k83D+/E/bWUQLTz/apMYZDH/aT5v9epwSAnrL9CC//Br7xil2GBRR3qvRZG+x5qErWM/Ga3UOttkvUDn30on7KYdXZzh+GhX7qqfcLOE79xjPZAsZ36UzvP+eKh56W41HrzOTKsS/PyO5StRLYNp/w3ieUxHGRi3uYpxCZoqlMjNWvaDtMWyTYmRZ0Dxbomrmg6/Kq3NWhedgqq0bz+gANPnvOYKs8wIzmmSjHFZXkx7wNsc1FbbMhKudg1p8RDQ9fwuRx0i8ck6lebFjMK8se6EVWsvZ5aU96ibworvX58KGZjGVLNU1BV/9pR33ki5NqjDPHh5bQaL1oczMaABmXxILJjbXBUG2P8pCgzlv1tzgKzuep5tb/32M4J1Q30x9S9UpqGkjnQYbdmFKV8xiyfkv1iNlCcWsTYZM5Pi6kmUWFPHmXUe9jOqr+/y79pb13GXMuhQLs05Ysm+jcPMYixWv0EX9V/gO9oO8jbeU3VB6ARa3dMSDMA4EYImd0gj4oF6odWMqaEYow10Uz8mwd8Sy9QWldbQRmClzOktcr2Qn8h84A12DnqneLIHGMgA8ZyJuYvaIlxWxQfC344hwXjlMx54+RW3xWq7W2DeRcIE5iO8XafsO/GkdC7tscckwbctKZJgBzEkEIM2TxasQS29N5i99uX+77IxXFalSMg7aCWkeuf5z8HaYMyMochbPXZZOUV76lX8dTIOd5lQAfeK44a4tB/vkW/WLpTu/0PzZ/nIurwSV4GHRIj6ecJ+ROTz5PGmkhbtji+ybD/dllhGg/sxXY67NlYwPjT64F1s/4B8uIO+0U5yHW9KmkOCYr7L2kwXNdIErBLoUWRWY5i/Yf6jSCi4FO8b0ZCaDY/bNlNLfDOLfK6+jpJvMfnHUM2KFOiwk6iEgP/rJZRKk30fPyAu3MrHjTaM/krDPQcHpk98vjCKxP8GxyCe61WPKhIsA5MmNMXaVtPaEzkBboCkdCQHFnZZOG7baovHU6K+iBjb+3hO7x2oAMNE+b09/2JJNvBpHnYe2mQXAwukzWXrRzlmsBnwAz4gmW92oLBu52pu9fCfhXOstwYvU8zgCyDpf1AWnvUxV31R0Lhr5rALAmsnNBUvm5cLEIeNRAKLu/s8KVMw3OAAogq66CjRGQJRzRYIWzy8IzwYekpwr6SsGPdHTBH1IYpJ4YxD8jnlqCZYI4jf+ZA7h3kR0B+VwLKal3Hx6P06pxYg5J6wnrBPY5HXO9SJK2SnT3QErcbH8rmXWKXmDYQsLj9VGQD+yjk3zWdxk1SIl4bMrgbE6P8fqkMo4wWJABLxE2SjDBDipyqEh+PMFMbKSjcOy6iXwl1nj+8DH2nCzSvCgYsMPvACBEmaWh3BG57XwaQMncPbjgUoXkxnV+T9DVwROJE8m8NSwj8urSOznW4d8spDwhuaJNOQH54XS6P4mOZiqF+914MDowoWzaWu9icEDSx+u3MLWOd8zbt0mxpzYKElzrDB1onUqUz8ESVO3/RHKSKyHLbU7PLM7gM3xnC/P4FR0leGCU52guGIu8ww6lvJcIN0LO1tnRWD1mNbR3gCKW3t/be7Lk5ChlSzYNwlnuTTNAtFgafGE2V+ihu9zZByJW7ntYUOE2tMj/AmuEmagoIk4XTp1I0HHvuPOa66YWWmM/FhoLf082ioebWs4JUZtsy5lGreas2CcnxJ+qoxdehoJFi+gCaNLZ9jF7xz8sz5Y/1a2m35hGMyu8cuchS8CDrjf/YRdcX8AWRee6sxhPvow0AuUjvrITDNMEci3BSLjPZAVCms6XR0sjNCG8ZOD5bso0A2EMotbBjHfh9Me28VZfdBFffPGrxQ2o++Wg4wEzUair3sPh/pBqgsHqR6RrymMmNwnFvcEZHHtiGBHLRoiZ4NXqghX14udUfacAlSEyiXqHIqNCmgHfuMNd22VNqF0OGMCq4CUPFtJ1cndBeov8nnXDX0QGfGvQsVOc6OjWclXDUeSEzsntGt0NRUnB1lKnLWmWfqDqJQF/iSubmnGYgVBNMKnDpTV38klYO3v++XjqfpGYsrYaQeBq1r9KcLSnvQ56prAWFnaVyWpBv+ub1I9W1P/EQW1GQ8vstmRgdD2L3hk+dNvm5SvcrgZN5Dx+P45+DLFx9ucTWRLcBrHx8VdhDeIeLMswbI5xEMVTO7PwYfFelJB8D7+aNpaue3WLwllCLckjA+v4h61GoSoUz4SomeAvNChwY/q4ZRg80q0TE54uGgVuIQfCrPXHoV6KXe1TY7xeQOO7Yy4RvS6BJARkwY/dYWpGDbzx0GaD2LqAGk53cmENBm1Xv6nC+Q1nEGy6cUxoB6CsPnOWHopdcmfrizpI8xvEIrtpl/kqYTqrbbJ+/Ed4z0YmlDTIu3bEiHelBh0fUr+OUjBl3z4FQasiE4GH1bJ0STI+UYxQin9pOuWez4t9KJTmwfoHMijR5IztXj3z+bhfMsVv9I+WbC+M1u4ahoI/IEz4vFNxEhuNvjzvUXdG92uMhIRt7Pdfhz7TiznAEFCB+zEiBsyllurP8GN1fOCnLbzBp75Zvu8FtY5HWEJ7J85ywePHly66y7Yk38UvBbDSA8odWtOww/EeF5aHIWJApfLzMluwyfYrGOipVDdOimEoP7FkogvzWeqhunABHJ0VkPT+1xwunKo8+5M52JpNWVQadYn6lD7wq+4/1owXbjd1HXPDMzMuEbnftRp8PhoIzfTQ2RhbOYwHQbrXEnC0YEkDvqh2x3U/C9Tc3HkqNben6FZDZuOqH0jKvoQaN027IFclnl2CQXFO2IZH+23A+QIjjmn+peYruRx/+lR2/QB9IEpAJAC0D+CDke+BGR6EO/de5iZetaefBalh2v6/JqPEv4+VuEwIw33SItUB6EqxhwO11xCovXeXkjzXPLMkaxYLd9gObGlYXbqdpLdePrkpESmM0qsTCorSA0eEChHeUSYSXzebgunCbMcL8hoe27kTNIvZRq0BYNt01vNoRD3aAqfq9i0XZ6SpZwyeKg33FLbpOoXKUuC7zYJKBPRtZfFUPo4ZBSpADT013RDhyUC6CkesQJovjMhGIETDKRf24B1lbpoWUb4dMEm8LYeqKKfHIJ8gN8d8b4EhTIXpHtFNlBDUoJwRD+9vYuG3v50KIJ/m0aiI/8+NtIZ1fCi1XZPzLnS1U6nqh7DNbyZdXivwGBKYyX+cxuX4I66IYL+5Fr4TFSrhluKZVAKi5Diph5MelPZIwVm8Weol00AseA2VIAgRLHPqSf2OS9r1StW6Gfxg5ZZa9IFB7JJtvxk+LV5/u/Ssn4J51yogoW730/EULYwTx9CtYW6HpsUMv2TcLVdq4f3+tXh2zBSLlEcY/9aVGkSTd+Y1S+ASLA08S2edvERHOTSlbdIOpzr8BKiBPYNENc+e0zWEIoVCZoyHJf6Vmwc9QO8VSaZ29cvFQTxRl6CXFPzRJgP4UjqM2gjwPGEIPj4dQk2GFq7Oq49ttrlbMnnNXu5oiC5I5EZKxfIF1E2AqN0zgoWhhxcdhtF78Z6Ws+DxoWBdcekup53Ifc3YklhNzt7VojT/8XE5t9sMPcSBn/aN6igbJ1GikBtUPqyvPlV6WpXqD1dgQbB1ZJB7b9aBdVPUQiGfDPZlGlW/Dwz6XmGuhhN5ke14oKWJUxcMXjaX8O/xAqPkvKFcPEPyh4IghVGPOaiPK2mg6cwiEZ+E85jMlgYD0jUV3KXyIq8HOiZgvvolLSzDZ5sUspDeaLj96+HCkqUHpH4G9olcBWUHRrRBOOUFaA4ZaitHhKf0Gj0WusB2GTi7fmOwUOfWFAsS27//wEdcp5tEk6oOAqwD1I1UggPIxt8hl7TArSs2Szcu0dMcSWd+kl66mHSwR8ZStn2mNLHeugKl8S1kA/+ZwyHTCZN4t+uwoPzLYdrYCFwREt5OXU68M2J8adHpyH899HCGKx4Os5gyemJST32senqAL24kbuI62h+EAKsIylXzJEoVfuStu0oh1Z452y4h4rUQ0PXLL/b1Wp/bcUkkCjQ/loaHRZFEiCMPsbQNIJQ+chRuZR0ZS4caoIIDK7bO8gqbz+B3Uwn53tC871IA2rmEH0lAY1O104yQgCIyRBxrbPGcg2v4Fd2RdHKrIAUS1tKH0/pfiIfN9nPd/t0vgge89oMnoqnKe5SA7wWUuc5WS1gmpepmPH7XUQy/Tqqi86xpT62c+0QqIqet920peLZCFCAw3nEVYt4S61clCTOezdA1rgSeD8q+0wVzwnOGIykNfJVDHO8umEk6O75zW8n0TIhPbfPy+8N0yOY6W5jofCPyF0KDBjrHtjiAu4zUtBZh7qtKiM8dini9n6JIcD55lN7uFQpX5xKGpPGi46HhP+JUfWbeYG+kzT7/V3/SGuGnU8gf2FznlUnunjEbspEt2skCz5UxpAkx6DJ+bdOf//nHC1MNsCbrV5U+YAdVdQBrzA1QfLHYj4fbR7dLKaetWshT/rMc1lz7lmpTe+/tN5Z39UCQafAUMkqH35y/f0SLuarg3q8zolQQ/HFKgcZWAb0AmQGVVz+UoYzvYD3F5LnpPkSAmMyk7OdGngvrW+6cvh4fN3kWeLPY/SdTDklDZ2YnHUWR5ybdfcwlQ5NFQx9FkwWxz58H+9MWE9rKfYMII/EUK64ZdXXV5wsq/88qKrque1Xdky83viSqeXhG2A96kqO3oZa0rccYrp6qkbjpTrYlqFUuonfrtOt3d8//gDbbfjikJfcl3G7xTOngGeHAYnCOGVJcX7uWAOIqrAdfcv3PlNDG74C46z+FHIGU4sywnKC7wHo39Z73bDjSN8sTtKphyTCLZYZqozKF3rfPSz5Vi98DvMVux7eDGnb4AFAJpn0S6uP5eVC5zyUx3uTbVKuaIs5KfLNtYIFoyNSodzebQ36qDJCXh1YlPE9MjVwk4kQ2Ids071b1kY8FkUri7IcMkVwbf1og3PWWKKfFQO+phQUoBOKRtNqlKjoeq45rVY7PB70kyGhcOomVBH7opyWIWn42cVGE15tDyQjQ8tWJdfkKkVXl0sR4HEw4AbXdSFafHZY4e8/OvNjKR+96/7SDj3gPMuAu9i4e3SmBXuiwdp5QX4NA8edmdOqeAelE6kLJfi6mawkCVMBB7dNcVZHm+IPFNRbE0mDoWkdf8XIVJSvv87eXhTki3Fht567fFGcMf1TRgtjuVwIB3fY6nxQh+sML5VoYIw+nFw2/TaoHbolRItIa68T6YFW3jsONaRJWjnRl2Qju46shcl/SJ0rJIEFvQ+yOxUYX8W3TomBgEgpJ0lqZVaJ2Ewt10rcKaPTJzwMsx5P+iZHkneHdZIQYpBqI9PQT1h9sXEJgBxhyjHtbKJ8q9/XT1yodT97tQl5pWp2gAcWtlYSJwkPYcgUBBvvfjt39JuygocjirFKoeYD6oukn2008tttAAW2aWN8MgSYS2z8FmrHndawu6+abl05TqYi2ZSpPTs8vk2u0cxiNk/YUK4NW7mxY7rD42o6u+hP8CKoHq32BvRy521C5LOuFZWeBROC+8qS2NEyKRyOJFVoAeF4joQHD029dWWLqV4+aw7mmL6TFYcYwQpmRhSa8WTK65UIYDlyGdLioFmk3sEHLTDSIWgdQBFFxDX+2yvkAIQek7haSiYNb7q/HegU5PZ1LVrR9Ema253AxjJRUWIh0I1D9iwKkn38zJV8koKjS+CqireVeLm8sr5oMnulxg+IQ6O3k2Z/IPXsC+U9cTDxX+cIjwJmwJ1cJIexypfrtwwczNn4CXV/+TSOwkyvK7DkMl1IAAk0YYsNambc9Wc1qs6v8Z9ZyiW+sN2UIYFzElYBhhI1WrN95CdNGblap443Gf2Wq6AZUo/n8fLPumSMLj4GcWL9Gd8SZ6scwd9C1ISBjSxO1L4soKuAIhPWpFj+Jaa4zX570KyYAIkCuHcnmKM6UaOCIWLBzU7KA63+YGj2jqBtu2S53rB2vQwseiSxuhnsf5G0/RA2dV6QMkMNXc7+hgTjy2Htjy23+2Tp398Myk/AAzCbxOiXmg9IfD/N/ZSRHn6mF2JzsF0rHmMxbtmclFULzDIIfrLC8Lhz1BcFAGLZC82wZ5kEO9F81hdoz3soyKLXExKKAXGAQavlWgSp1HbjTzrXdv7hOVcO+/zhXuiCe0VCLnm/zJemqP1AhSYlDqjXwmulJQ2b7FEXCfyajmK3vh+9He7PoKLQqNNxUsbc1wo9CJj8vCk43A2d89eByPyBefFdkdkh4FdUNSdylGvS73UaVPPMaoLSabRhLWvpMDYnAynOgQAmX0RNKHHu0na/zYl+udOSN9ZquKDnXfEN1CQF2P5LBRS5jvDl29ZaAuAGmhKqCmQJITmzj8ZTsCyNKjSX0mEB1gwAAtywD4KUt0cXlfvlSghIdyYe4ZTUGsgWm6hkDMSxLXfXExUeDo1kH17RjoJz/NM/teqqK+vtLN/2bwxK1PH+ctx+KYn4N19SwVNWOdqVwuzCTw7CdEvq0VWRKyz9ZAy3loE2aDzxg0aW0NjM/ISYEhuKLBOmp/EVHCq17W/UGUD9rpRnRCrAidJVqZwEKsDI/PGeq6YmIMlTuK77McnhJpBt9ljGWi7jnKbb5IERM4Pdqzf48HYkC/2BnqFUhTrTdex5Z/rf1FEQl3q+9hrLZQTL6aPgSZoLO5U2Rw30JHj50qVxMMAMuz01s8xWKM3i99wHiMtgMT4y0zGh4hzP+o+3u06+bZ1C3Vnh2Hy4T1zqgBkErBDgR1OvzCKkD8ULmRVN/AlaQFANwaQgRNmqkqubsweGQIN9WPxYTgmRELRxe+284+k8oYCzEm/Y/oet5OpzDb68wlCNEAv9lhVFXV5qY/NNM7P1eyGTJmHZLaBDbRXWfgxlV6GP/MVton7ehTNPh+lp354kTwSZwKW5uR7q//oIfZGZwddBf9vZIggwf+EKSgPaVGARsIL7UmXJ/TUuEb1gE3cyFEx7UAd18oV8o3EEF/mDWFKUw+b+MRemvHawpUrwJB/dMa/tBws0g8yqr6crMm7JzmJYe+BhS/YaPpRHouHIOVS3kkKetJJzADntQcFTo0cQaX/9n0CpwfjF4UxZACBkdIXBYK16p8bgeTMI/ffONdpkTg/ahLECuY5ZoiEywnqI3dJ7Dw/hxVv3quMg4IQB3JsVvQ5jvYw6JjVS1vKFm/DBBAIDtg4FCQupyH55HRAKJT5U0CVYZg5F+1Xa5IJMmdUz+6kBY0o865bqIjgdn28hnqziZPNcJyFU52GO2m04x8j7lm9ZqroQH5Qqq8c3Pzi+ZyNyCYyGQclmJfex1hhqGDDVHat6Bm/suHJlTB+7ipiFVdDAPzsPMZq8lNGGfj2za/iRw6N51VCwNG+y0yvy95qGXCpK3AKmRxrvbtYnmMHqKwDziiUROE+ai49Wp3QaX14dKjD3HbzYPpRgzRcje2IDb4OuazYG3OzvaP0MiHIwmZEqwYZXp7FaSpPxo/Jw4sX2mn08Wqi8DZ2rX9PJUbSbqPw6OgDqAScvUDzlOjVm6XFQDt1giDW5vcahWD+27pk19+OcIjI+MoKUDVzfSVtFF5XAKVUbsgDcI/vEhXNntucYddlDXR62mxrvd+MTc5+d1TElpBzonTUX8VP+w2v7zJtj8DvBbiQUUYIZfBHtKTtGeZebSQSou9NMeJh+pzQfct/k8Uc8I7YOk+Zdxvnc/1GjahNdBTbnS8DYVrB5KlRzMCkrJvDI3/SLy1Q9G6MSGjd7JMQZF664RfEjeKKDZxHix/fnLZTAoGhoRa10sErznOYTM++hOynfB9IjCZlmkvXgYJr4aHliDJ3097El59dZm/kfASLqCoszNnfwYHGbLySsRgx/ZLzdJMmChNzVwq2HLg1YnKuifaERd4197eHurlvs1jTDFIRSwF0Y1hQuN2vEcUeg9uz0e+6J9WjBEYYaopRtf+8T3tLhDzbEG4c0L0j5zE9u/ZMlYxV79Tyswd8KMPvOfL+mFCMnIkOlhyNy/V76JTJHZ7l82OxbzYwgwSc55emzMDBEMYNtdokTjfp3NLqKRv4ffUHYar9dkj4zPSHYhz3oHvUHThBu/THnkoIsEM+xoFsR3UOJUX6QW6boE9N0euvJKwBsS2gbjkts3VUaMzzaxWafSQ2XhfXbcC2M12Q/98qgALxWGuwX5KIZVs7uSfRloLdB7Bp2ePQz/uj14dXG9H6G8spjCqjAn70Ye85uBAuDafRtlR5h8WOlNYEB90qX/4J1VC8s++JJdwvw9nztNOiOWXl99orf5MSz/Et6bdJklmSqo1AsZrbxcO0Uxb01FNlJY/l4XJ55g7yG8EQg/sJPPDJ1wIgGh38jgt6Y70jVpYFOsj/kxFz/EUvVSlzF+mnsILIN3S+ESjrS2y/H+Hb41vWNN8WENJM+H3jcpKOTNhB9vOToWR9OFQ/CVqphjldiQl/RUK4j1huEfj7Xhg9nqSN7CSZrnAIU3bmqX/nWMzqVdQm6Bn2+XFu/dYOrylR/E27DIaCC2IG/NrEcwMl9iuxdhtNHeg8+YxsrlY2S0XzJrZW2cJeH874R1iwV5kwC5OSqp2wemfdqGdTs7h4e8+x6CEJ3qgSEvwwo+e2o3T9+xcpGU1zrFSc4edk7uf7VJgCaVa4bcanQW/pk25Dd3FprWVF0+fvBtqPtySVepr/R071Vjn7op/awAv6RtfQYXQZF9KgLbANiXorJJzqGAC6bKEMdvpJRzTgOEOtHI0D3gJ0vWwnp9u4vUPurNGscgXSKMitB787S0SCGgYru8kLklvifdjYWxr00548M2pJQkABC+xTn/UI2zU8dInNWXzWMxY31TK0IBFGGrJWAB5mV1exmQXIVlO1fcaswmVwKEidwqB5DZN1sPdOj+JE+yckOySLhRU/uMQWWqlLAR+hLzmRzehFRazbPj//I5uD3xDbBmN9MHjdO8QVOTXFHCz4oaN3wAjSggn55TPVnbniex29LWFz4N3cd5JJ16V+ASlZScbiFu5BaG7cYgnvA4V4T+UfdhQbwjRoO/sqxrxldKnNyyOcbhdzPxAag3t5tKBc8r6xWHDPftEj6Um3jqVoc6jT6xgIgo2hEgkq3yeuoEicozNiyl53MWZ0tHoz62TFEZrCl4rRjFkojJlT23qOARRp/pWhEyUUmD8aUijDMAinCb32FPbbxzSYbZ9w5zbrFTOVFsi0gVPilgZs7sWm1j5F686gBE1yHYJSAl6hYaZJVuwOk+9b/VsAJ4POvKfCjnZDzaocs7psHYrR5lPJJTNXxvvj7y53l3cC7iOyvXwAIf/EROw5/pQyAqnS6y2mS70rGHql5pphd/4Jkw4OR6M/LnYrtyEXvLspKO1Wlvr5z4/BS037bgXMSAyqxVzBzjXU88LNS31PE26o6A49LI1ztwuOJrLYcYhuvgq8/8h4iX6MQx/uuWO7McKiea7Qn9PsZigeQxPfQG//7N+ArzwdJTQABE4baj5V0+JRYM8YlqJ70/AijmEYQw0rUxWKCDGTirCePHWYopCvfRyqwAHDMqt6sprXNYK2NTL2ci3DJtUcZGwUkQMXrGYuuOCaYcYt3jy1qO67BgRKzQoOPyxP2TNYY7tb48ICZul5qOQkXUWYj3IPXgC32RMVTQYA2AxAEFvf1fcUqXckylqaZhHAewMhYcI4J+Ui4ShgifHjVTv34wUWaR1KROUaF/Ky9NKYMLsUXFsPVVS2fhY+xX98E668PHaNUY3bmczsGk5zskxh6x05cCYBQcyXOsye0ar1oo/s5p+GuFwQsO7vRvXRPGn64czucuyVJLt8iKaHTLGyBfWeaMuyObA8h4VuIeJGEGvrteAepudIn64uKW6/6UoczPBOwWLO5siFNMNkkTcCc1/ZDYj+reiQmnZFmBcObpT0gfHedhL8sqGpDZtpr2226PSL5VdmqyAHZN6r15Y0HIpOaA0HVGW5Spd9+Srrp/aaQ8CtcBc4av4HC3utbcXt64oxu4i9DFyfratgjoZFT1DodQubuGdyzbZDTrOReFxAj6qAwoF8op3Sv00zu8kZFAwEhSPaSvT7BgNrwzKtW3qyfTYXzMi73tKYDV+3nLmWftzwwXifLBB6uBixVoM1BDLx9ObkLFUUGNjws9pOaruYc1aMA6ff2wg6lVTSJz55x8nr0E4neraXr4y2++DtlV/z3RxQQpXLzEeIomStX0kj3uGJdgSZpj/o5BFCEROTh0QXTLDnZjE4hlosQBaE4/2iYj48C/XrR9hx9dyRZ2tPq/Y7RMQHbv7qr/m/ZmR2/3/eluov3oMT+rpINOG5fweF9ZS7+JzPjfL6Tux7PA7gSu4ggyfOE509/rqEZlUgxMPfnP2WBt/m5JaUHWB+8vGjLI/uo5xLzILv2sTurK+d8ngk3X7vS5z69iizned/lqAC4oZvF7qAL1PEy9FRsSADpf+4jZ0KCWb2EbBB6PWIXJnVGnYSaMzIvt4bVGoyZPgE3JZLbm5SpgTuZ0+T+xhX1TNQOPkUHjNt8IipXCkG8hyrJ/ws3FQUQ2IyI8g0lWLK3EN7cZZII3aHyjR0iPj4O2vY3l0k8+pqkBvmxJH9HuC1yLs1esYA8z2CRETCAUNtoN/pZHOtYk1z9FXrGXN9jG70JmNs46hZioynlRsE5le1Hnj8QuHrSWjT4LM2ojzCIfaINnRxqOaUwXjqAv9ZiPErc2ayeIeB1YRVDONTJaVjPKrQRBXAbFeA9IQlK2zS5FxlTymQ0qMCb6cfAOQcTEW5z7GkDSaWSkffpuInzREVg0ZqqmGG9UBkjJxtaAEP1u0qYWH5wOYSvY3OYIcqt1tzjB491QSE2SggSriLjaiik5lKBe1PE/tsqVvzEcbqsDLAEo3kaCUNzZeHJZzsyYvoPAsWWGm11jHS9nh1WA3MGW6mSu8SNiZL6Al6foiA6tZSIGcjKYLn+Pe6K3C8QfsC++RngFMN+LbHDsr2yC+xRjprg8y4MwMv5gsRGVOSu3SXGYpXjYRdw08tJpm6PKdAmOTz9VCBmgJfalRk7LBYB9DVLlAyKBI3jEkoDlbCN7wbeENBV5TagBM7+LK54G+8qHbppWq12/WRcD9pwGSSbEWeUYOXJJDTOYB9UC+HTJ2UMubmgZUAOMR/lpso29/adnkfsDS9NIV5cDajrgZ5cBDAVxvgsnPObq+EyRyqA59yPkuRRG+Sok8eHauM54V2W0A7kTS6m4zonhV0w3MCbOv/Z11efo9j4LguKm15ll9uyz6XvyLegLcCEG+IE9UawLj8613Ab1B/3KCNIGu7tYaNxDa4M3ZwqI8OnfDoPgdRLUOSBZW65I0wGmWvXfvHhhto0qcX+YRX/VTnRlySIwVVXLg1HX/2Up3lTOHong1E0DHMstrlmHBeD0Ph60AVfZKMD0qQCXTgt8/Ldl+jxMguG+q9y8aNYrtRut2WyF+8VT0N0414nBYWN7WfLmVw3fdM4keP4ajtYBeaYeCHREgV2xh+7hbbcayUbKzrGfyvKFycjEtqFqy7XOMt0LrHivujGpPLXi0LSAlD5M4erPkwGiSDCfjhvFJYi3qukeh2g3XSw+/ailk8Ed5Swd2gYtRJwpDPrTtV2GLLRazLqPclayseFPMzZ9pFDjzA8Iiw/VbWZO2FMa9n9gssTwpLzHt7j5sUSAU8L3sSjRZmPCTzeN19IoEC4yQJCUrJ1qIpzs3KtmjbkBnjwPgnVByoBhhbUNFn/cVrzgdPt5aRSbnOF5fX+Cr72Y46eCIBVVdrDtr67d3GokjCOogq43DX6JCZyZpX8fJNJ00RAoOcc13WRJ3R1zrhQ447AdTl5ANHWzPm9g+V6aeeDVhw/+GYOPJRK2oyQRjstJHmv+aLG8o1OgvvPixcP+1mlsSadsAVLI7cjOBN4g8a+IOSUALHkJIaHmLgdr/mbvn8bN5a+JSGa3tujui1OS1j0Id2iPMGphxUT1hspDNXDneM5R737QpMdBOka+cgow1Uvu/Ce5xlyVcN0jkdviOSmlO7DlAYow/XFqPLssDxohuZw9xJ8wxN/xnBeHhooUrgkBhtWhMjXpGVNtQBhillQa8JmU5AirV3+oElyWxOfAAg8JQnZ71mPhtCD7zos4Qq4IDMR84RtU77Yp7Nkjd3G4vPnB7jnL5a5H5ixp+YQfJ6POjp5gUTD3u1HvINvZ2iRgZleQlgk/QH1mRCsbFxX4GeKEUNLjzhemgdR8RoC01xA2doAu5HVaiNumNiV0sUtyR5/Z7BR5INT9efBR4a4YDeSbC94K+GOQZVT8Jf4oXmpIObUSr8tLZSFr+YOmiA9l2HUI8fUR5tdMGSpqYcJUWTGf33KfABRsPXzRuStocvbAV+T0nepuQ4t4lnvvz9jCoF8zNgUYhGU+VYxBMT8qsl2bFQnzKTXV2LEeA2jKFKZZL5GYucWPbPJzYgS5Zpm4lu1oLaHV1D3ihZT+C4v73ZiPqQm03Vv9KWjbFUd2gqq1w+mmfBPvlDKZdYA7c9ivHdGa5CaWfGkY5IFLgLLkZqmuH8kqNS20GtQGt/IFEBYNDrO0R89brHRhAAdxdnrNxL2vwJhlz8avPGnAUvA080wLCjyb2JRKbNDqGuJ4NcG+QEFkGfZMMyF+64Grxzf8M5YXPNB0EN4OZH8YaiD6n3ppHEGmwwYDKCd2HqdU0R8QsiK0o/FG1TIiqiW9SLsSM9+/+3qETcCiXghcIjlPSqng5QSCIBWrYTg86O3pfjJDCvMzUPuZhedQeprQtvi0HD7IV3+hUfV2hX8PSmf1cfpj0cqicW9TgUKWwBChRzqBvF1RNA6t/dASWhDgiVeRW/Pjs2Wv/PNh/hbHZIoE+jyI9qrWx027wWn/BEhgzHbze7iQJyMcv+r1PVBOB15acS1nQwrmDzQKT0RNI1ug3/ARAYJrA9xAECIHIOzZyorKSTJ/KLcVB9M3DovfIHT03VJm+wA6rsK56JZEWlu/FSM/kPEi2tGBCxBb3L7Wpdr1PUQOYc2kT/s74rp/BfTtBx7HH6mWIbhiVEekhpVNwZiJycd8v0PhVvY+uT/QjJ5MIAA4HWPPI8QvqgdzATCH5Jqg7LBDVq43K4s6kxWzOwCZ/Bd804ScmdevNihquLH5GJDAAA', '2023-09-14 10:57:39', 2, 1, '我爱吃火锅、酸辣粉、米线！', '北京市海淀区三旗百汇东三区', 'e10adc3949ba59abbe56e057f20f883e', 1, '2023-09-11 16:58:34', '2023-09-11 16:58:34');
INSERT INTO `sys_user` VALUES (10, '胡歌', 'huge', '1478529630', 'huge@qq.com', '', NULL, NULL, 1, NULL, NULL, 'e10adc3949ba59abbe56e057f20f883e', 1, '2023-09-12 16:48:33', '2023-09-12 16:48:33');
INSERT INTO `sys_user` VALUES (11, '黄晓明', 'huangxiaoming', '1599517894', '1599517894@qq.com', '', NULL, NULL, 1, NULL, NULL, 'e10adc3949ba59abbe56e057f20f883e', 1, '2023-09-12 16:50:29', '2023-09-12 16:50:29');
INSERT INTO `sys_user` VALUES (12, '1', '1', '1', '1', '', NULL, NULL, 1, NULL, NULL, 'e10adc3949ba59abbe56e057f20f883e', 0, '2023-09-12 17:05:50', '2023-09-12 17:05:50');
INSERT INTO `sys_user` VALUES (13, '范冰冰', 'fanbingbinh', '14778963698', '14778963698@163.com', '', '2023-09-14 10:57:15', 2, 1, NULL, '北京市朝阳区三里屯', 'fcea920f7412b5da7be0cf42b8c93759', 1, '2023-09-12 17:46:03', '2023-09-12 17:46:03');
INSERT INTO `sys_user` VALUES (14, '', '', '', '', '', '1995-03-02 00:00:00', 1, 1, NULL, NULL, 'e10adc3949ba59abbe56e057f20f883e', 0, '2023-09-14 11:20:00', '2023-09-14 11:20:00');

-- ----------------------------
-- Table structure for sys_user_role
-- ----------------------------
DROP TABLE IF EXISTS `sys_user_role`;
CREATE TABLE `sys_user_role`  (
  `id` int(11) NOT NULL AUTO_INCREMENT COMMENT '主键',
  `user_id` int(11) NULL DEFAULT NULL COMMENT '用户ID',
  `role_id` int(11) NULL DEFAULT NULL COMMENT '角色ID',
  `is_deleted` int(10) NOT NULL DEFAULT 1 COMMENT '删除状态（1：正常0：已删除）',
  `created_time` datetime(0) NULL DEFAULT CURRENT_TIMESTAMP(0) COMMENT '创建时间',
  `updated_time` datetime(0) NULL DEFAULT CURRENT_TIMESTAMP(0) ON UPDATE CURRENT_TIMESTAMP(0) COMMENT '修改时间',
  PRIMARY KEY (`id`) USING BTREE
) ENGINE = InnoDB AUTO_INCREMENT = 23 CHARACTER SET = utf8mb4 COLLATE = utf8mb4_general_ci COMMENT = '用户角色表' ROW_FORMAT = Dynamic;

-- ----------------------------
-- Records of sys_user_role
-- ----------------------------
INSERT INTO `sys_user_role` VALUES (1, 5, 1, 0, '2023-09-11 11:12:41', '2023-09-14 14:57:10');
INSERT INTO `sys_user_role` VALUES (11, 9, 1, 0, '2023-09-12 16:43:11', '2023-09-12 16:48:09');
INSERT INTO `sys_user_role` VALUES (12, 9, 4, 0, '2023-09-12 16:43:11', '2023-09-12 16:48:09');
INSERT INTO `sys_user_role` VALUES (13, 9, 1, 1, '2023-09-12 16:48:09', '2023-09-12 16:48:09');
INSERT INTO `sys_user_role` VALUES (14, 9, 4, 1, '2023-09-12 16:48:09', '2023-09-12 16:48:09');
INSERT INTO `sys_user_role` VALUES (15, 9, 5, 1, '2023-09-12 16:48:09', '2023-09-12 16:48:09');
INSERT INTO `sys_user_role` VALUES (16, 9, 6, 1, '2023-09-12 16:48:09', '2023-09-12 16:48:09');
INSERT INTO `sys_user_role` VALUES (17, 9, 7, 1, '2023-09-12 16:48:09', '2023-09-12 16:48:09');
INSERT INTO `sys_user_role` VALUES (18, 9, 8, 1, '2023-09-12 16:48:09', '2023-09-12 16:48:09');
INSERT INTO `sys_user_role` VALUES (19, 9, 9, 1, '2023-09-12 16:48:09', '2023-09-12 16:48:09');
INSERT INTO `sys_user_role` VALUES (20, 9, 10, 1, '2023-09-12 16:48:09', '2023-09-12 16:48:09');
INSERT INTO `sys_user_role` VALUES (21, 11, 10, 1, '2023-09-12 17:51:59', '2023-09-12 17:51:59');
INSERT INTO `sys_user_role` VALUES (22, 5, 6, 1, '2023-09-14 14:57:10', '2023-09-14 14:57:10');

SET FOREIGN_KEY_CHECKS = 1;
