/*
 Navicat Premium Data Transfer

 Source Server         : localhost-mysql
 Source Server Type    : MySQL
 Source Server Version : 50742
 Source Host           : localhost:3306
 Source Schema         : xinxinshop

 Target Server Type    : MySQL
 Target Server Version : 50742
 File Encoding         : 65001

 Date: 12/09/2023 16:54:14
*/

SET NAMES utf8mb4;
SET FOREIGN_KEY_CHECKS = 0;

-- ----------------------------
-- Table structure for sys_log
-- ----------------------------
DROP TABLE IF EXISTS `sys_log`;
CREATE TABLE `sys_log`  (
  `id` int(11) NOT NULL AUTO_INCREMENT COMMENT '主键',
  `user_id` int(11) NULL DEFAULT NULL COMMENT '用户ID',
  `user_name` varchar(20) CHARACTER SET utf8mb4 COLLATE utf8mb4_general_ci NULL DEFAULT NULL COMMENT '用户名',
  `log_type` int(10) NULL DEFAULT NULL COMMENT '日志类型（1：操作日志2：登录日志）',
  `log_content` varchar(225) CHARACTER SET utf8mb4 COLLATE utf8mb4_general_ci NULL DEFAULT NULL COMMENT '日志内容',
  `operation_ip` varchar(20) CHARACTER SET utf8mb4 COLLATE utf8mb4_general_ci NULL DEFAULT NULL COMMENT 'ip',
  `is_deleted` int(10) NOT NULL DEFAULT 1 COMMENT '删除状态（1：正常0：已删除）',
  `created_time` datetime(0) NULL DEFAULT CURRENT_TIMESTAMP(0) COMMENT '创建时间',
  `updated_time` datetime(0) NULL DEFAULT CURRENT_TIMESTAMP(0) ON UPDATE CURRENT_TIMESTAMP(0) COMMENT '修改时间',
  PRIMARY KEY (`id`) USING BTREE
) ENGINE = InnoDB AUTO_INCREMENT = 475 CHARACTER SET = utf8mb4 COLLATE = utf8mb4_general_ci COMMENT = '日志表' ROW_FORMAT = Dynamic;

-- ----------------------------
-- Records of sys_log
-- ----------------------------
INSERT INTO `sys_log` VALUES (33, 1, 'johndoe', 1, '用户分页列表', '192.168.1.111', 1, '2023-09-07 14:37:11', '2023-09-07 14:37:11');
INSERT INTO `sys_log` VALUES (34, 1, 'johndoe', 1, '用户分页列表', '192.168.1.111', 1, '2023-09-07 14:40:58', '2023-09-07 14:40:58');
INSERT INTO `sys_log` VALUES (35, 1, 'johndoe', 1, '用户分页列表', '192.168.1.111', 1, '2023-09-07 14:40:59', '2023-09-07 14:40:59');
INSERT INTO `sys_log` VALUES (36, 1, 'johndoe', 1, '用户分页列表', '192.168.1.111', 1, '2023-09-07 14:41:14', '2023-09-07 14:41:14');
INSERT INTO `sys_log` VALUES (37, 1, 'johndoe', 1, '用户分页列表', '192.168.1.111', 1, '2023-09-07 14:41:14', '2023-09-07 14:41:14');
INSERT INTO `sys_log` VALUES (38, 1, 'johndoe', 1, '用户分页列表', '192.168.1.111', 1, '2023-09-07 14:56:20', '2023-09-07 14:56:20');
INSERT INTO `sys_log` VALUES (39, 1, 'johndoe', 1, '用户分页列表', '192.168.1.111', 1, '2023-09-07 15:15:10', '2023-09-07 15:15:10');
INSERT INTO `sys_log` VALUES (40, 1, 'johndoe', 1, '用户分页列表', '192.168.1.111', 1, '2023-09-07 15:17:36', '2023-09-07 15:17:36');
INSERT INTO `sys_log` VALUES (41, 1, 'johndoe', 1, '用户分页列表', '192.168.1.111', 1, '2023-09-07 15:17:54', '2023-09-07 15:17:54');
INSERT INTO `sys_log` VALUES (42, 1, 'johndoe', 1, '用户分页列表', '192.168.1.111', 1, '2023-09-07 15:18:06', '2023-09-07 15:18:06');
INSERT INTO `sys_log` VALUES (43, 1, 'johndoe', 1, '用户分页列表', '192.168.1.111', 1, '2023-09-07 15:18:57', '2023-09-07 15:18:57');
INSERT INTO `sys_log` VALUES (44, 1, 'johndoe', 1, '用户分页列表', '192.168.1.111', 1, '2023-09-07 15:19:03', '2023-09-07 15:19:03');
INSERT INTO `sys_log` VALUES (45, 1, 'johndoe', 1, '用户分页列表', '192.168.1.111', 1, '2023-09-07 15:19:03', '2023-09-07 15:19:03');
INSERT INTO `sys_log` VALUES (46, 1, 'johndoe', 1, '用户分页列表', '192.168.1.111', 1, '2023-09-07 15:19:04', '2023-09-07 15:19:04');
INSERT INTO `sys_log` VALUES (47, 1, 'johndoe', 1, '用户分页列表', '192.168.1.111', 1, '2023-09-07 15:19:04', '2023-09-07 15:19:04');
INSERT INTO `sys_log` VALUES (48, 1, 'johndoe', 1, '用户分页列表', '192.168.1.111', 1, '2023-09-07 15:19:04', '2023-09-07 15:19:04');
INSERT INTO `sys_log` VALUES (49, 1, 'johndoe', 1, '用户分页列表', '192.168.1.111', 1, '2023-09-07 15:19:04', '2023-09-07 15:19:04');
INSERT INTO `sys_log` VALUES (50, 1, 'johndoe', 1, '用户分页列表', '192.168.1.111', 1, '2023-09-07 15:19:04', '2023-09-07 15:19:04');
INSERT INTO `sys_log` VALUES (51, 1, 'johndoe', 1, '用户分页列表', '192.168.1.111', 1, '2023-09-07 15:29:52', '2023-09-07 15:29:52');
INSERT INTO `sys_log` VALUES (52, 1, 'johndoe', 1, '用户分页列表', '192.168.1.111', 1, '2023-09-07 15:29:53', '2023-09-07 15:29:53');
INSERT INTO `sys_log` VALUES (53, 1, 'johndoe', 1, '用户分页列表', '192.168.1.111', 1, '2023-09-07 15:29:57', '2023-09-07 15:29:57');
INSERT INTO `sys_log` VALUES (54, 1, 'johndoe', 1, '用户分页列表', '192.168.1.111', 1, '2023-09-08 15:25:35', '2023-09-08 15:25:35');
INSERT INTO `sys_log` VALUES (55, 1, 'johndoe', 1, '用户分页列表', '192.168.1.111', 1, '2023-09-08 15:25:43', '2023-09-08 15:25:43');
INSERT INTO `sys_log` VALUES (56, 5, 'admin', 1, '用户分页列表', '127.0.0.1', 1, '2023-09-11 16:05:39', '2023-09-11 16:05:39');
INSERT INTO `sys_log` VALUES (57, 5, 'admin', 1, '用户分页列表', '127.0.0.1', 1, '2023-09-11 16:06:21', '2023-09-11 16:06:21');
INSERT INTO `sys_log` VALUES (58, 5, 'admin', 1, '用户分页列表', '127.0.0.1', 1, '2023-09-11 16:07:45', '2023-09-11 16:07:45');
INSERT INTO `sys_log` VALUES (59, 5, 'admin', 1, '用户分页列表', '127.0.0.1', 1, '2023-09-11 16:08:21', '2023-09-11 16:08:21');
INSERT INTO `sys_log` VALUES (60, 5, 'admin', 1, '用户分页列表', '127.0.0.1', 1, '2023-09-11 16:09:08', '2023-09-11 16:09:08');
INSERT INTO `sys_log` VALUES (61, 5, 'admin', 1, '用户分页列表', '127.0.0.1', 1, '2023-09-11 16:09:27', '2023-09-11 16:09:27');
INSERT INTO `sys_log` VALUES (62, 5, 'admin', 1, '用户分页列表', '127.0.0.1', 1, '2023-09-11 16:09:44', '2023-09-11 16:09:44');
INSERT INTO `sys_log` VALUES (63, 5, 'admin', 1, '用户分页列表', '127.0.0.1', 1, '2023-09-11 16:10:11', '2023-09-11 16:10:11');
INSERT INTO `sys_log` VALUES (64, 5, 'admin', 1, '用户分页列表', '127.0.0.1', 1, '2023-09-11 16:10:14', '2023-09-11 16:10:14');
INSERT INTO `sys_log` VALUES (65, 5, 'admin', 1, '用户分页列表', '127.0.0.1', 1, '2023-09-11 16:12:50', '2023-09-11 16:12:50');
INSERT INTO `sys_log` VALUES (66, 5, 'admin', 1, '用户分页列表', '127.0.0.1', 1, '2023-09-11 16:13:24', '2023-09-11 16:13:24');
INSERT INTO `sys_log` VALUES (67, 5, 'admin', 1, '用户分页列表', '127.0.0.1', 1, '2023-09-11 16:14:50', '2023-09-11 16:14:50');
INSERT INTO `sys_log` VALUES (68, 5, 'admin', 1, '用户分页列表', '127.0.0.1', 1, '2023-09-11 16:15:22', '2023-09-11 16:15:22');
INSERT INTO `sys_log` VALUES (69, 5, 'admin', 1, '用户分页列表', '127.0.0.1', 1, '2023-09-11 16:15:53', '2023-09-11 16:15:53');
INSERT INTO `sys_log` VALUES (70, 5, 'admin', 1, '用户分页列表', '127.0.0.1', 1, '2023-09-11 16:16:04', '2023-09-11 16:16:04');
INSERT INTO `sys_log` VALUES (71, 5, 'admin', 1, '用户分页列表', '127.0.0.1', 1, '2023-09-11 16:16:09', '2023-09-11 16:16:09');
INSERT INTO `sys_log` VALUES (72, 5, 'admin', 1, '用户分页列表', '127.0.0.1', 1, '2023-09-11 16:16:29', '2023-09-11 16:16:29');
INSERT INTO `sys_log` VALUES (73, 5, 'admin', 1, '用户分页列表', '127.0.0.1', 1, '2023-09-11 16:16:41', '2023-09-11 16:16:41');
INSERT INTO `sys_log` VALUES (74, 5, 'admin', 1, '用户分页列表', '127.0.0.1', 1, '2023-09-11 16:17:08', '2023-09-11 16:17:08');
INSERT INTO `sys_log` VALUES (75, 5, 'admin', 1, '用户分页列表', '127.0.0.1', 1, '2023-09-11 16:17:42', '2023-09-11 16:17:42');
INSERT INTO `sys_log` VALUES (76, 5, 'admin', 1, '用户分页列表', '127.0.0.1', 1, '2023-09-11 16:17:50', '2023-09-11 16:17:50');
INSERT INTO `sys_log` VALUES (77, 5, 'admin', 1, '用户分页列表', '127.0.0.1', 1, '2023-09-11 16:18:54', '2023-09-11 16:18:54');
INSERT INTO `sys_log` VALUES (78, 5, 'admin', 1, '用户分页列表', '127.0.0.1', 1, '2023-09-11 16:20:28', '2023-09-11 16:20:28');
INSERT INTO `sys_log` VALUES (79, 5, 'admin', 1, '用户分页列表', '127.0.0.1', 1, '2023-09-11 16:21:36', '2023-09-11 16:21:36');
INSERT INTO `sys_log` VALUES (80, 5, 'admin', 1, '用户分页列表', '127.0.0.1', 1, '2023-09-11 16:21:40', '2023-09-11 16:21:40');
INSERT INTO `sys_log` VALUES (81, 5, 'admin', 1, '用户分页列表', '127.0.0.1', 1, '2023-09-11 16:22:07', '2023-09-11 16:22:07');
INSERT INTO `sys_log` VALUES (82, 5, 'admin', 1, '用户分页列表', '127.0.0.1', 1, '2023-09-11 16:22:16', '2023-09-11 16:22:16');
INSERT INTO `sys_log` VALUES (83, 5, 'admin', 1, '用户分页列表', '127.0.0.1', 1, '2023-09-11 16:23:17', '2023-09-11 16:23:17');
INSERT INTO `sys_log` VALUES (84, 5, 'admin', 1, '用户分页列表', '127.0.0.1', 1, '2023-09-11 16:23:56', '2023-09-11 16:23:56');
INSERT INTO `sys_log` VALUES (85, 5, 'admin', 1, '用户分页列表', '127.0.0.1', 1, '2023-09-11 16:24:08', '2023-09-11 16:24:08');
INSERT INTO `sys_log` VALUES (86, 5, 'admin', 1, '用户分页列表', '127.0.0.1', 1, '2023-09-11 16:25:14', '2023-09-11 16:25:14');
INSERT INTO `sys_log` VALUES (87, 5, 'admin', 1, '用户分页列表', '127.0.0.1', 1, '2023-09-11 16:25:57', '2023-09-11 16:25:57');
INSERT INTO `sys_log` VALUES (88, 5, 'admin', 1, '用户分页列表', '127.0.0.1', 1, '2023-09-11 16:26:02', '2023-09-11 16:26:02');
INSERT INTO `sys_log` VALUES (89, 5, 'admin', 1, '用户分页列表', '127.0.0.1', 1, '2023-09-11 16:26:17', '2023-09-11 16:26:17');
INSERT INTO `sys_log` VALUES (90, 5, 'admin', 1, '用户分页列表', '127.0.0.1', 1, '2023-09-11 16:26:49', '2023-09-11 16:26:49');
INSERT INTO `sys_log` VALUES (91, 5, 'admin', 1, '用户分页列表', '127.0.0.1', 1, '2023-09-11 16:28:21', '2023-09-11 16:28:21');
INSERT INTO `sys_log` VALUES (92, 5, 'admin', 1, '用户分页列表', '127.0.0.1', 1, '2023-09-11 16:28:37', '2023-09-11 16:28:37');
INSERT INTO `sys_log` VALUES (93, 5, 'admin', 1, '用户分页列表', '127.0.0.1', 1, '2023-09-11 16:28:43', '2023-09-11 16:28:43');
INSERT INTO `sys_log` VALUES (94, 5, 'admin', 1, '用户分页列表', '127.0.0.1', 1, '2023-09-11 16:30:27', '2023-09-11 16:30:27');
INSERT INTO `sys_log` VALUES (95, 5, 'admin', 1, '用户分页列表', '127.0.0.1', 1, '2023-09-11 16:31:00', '2023-09-11 16:31:00');
INSERT INTO `sys_log` VALUES (96, 5, 'admin', 1, '用户分页列表', '127.0.0.1', 1, '2023-09-11 16:31:26', '2023-09-11 16:31:26');
INSERT INTO `sys_log` VALUES (97, 5, 'admin', 1, '用户分页列表', '127.0.0.1', 1, '2023-09-11 16:32:07', '2023-09-11 16:32:07');
INSERT INTO `sys_log` VALUES (98, 5, 'admin', 1, '用户分页列表', '127.0.0.1', 1, '2023-09-11 16:32:25', '2023-09-11 16:32:25');
INSERT INTO `sys_log` VALUES (99, 5, 'admin', 1, '用户分页列表', '127.0.0.1', 1, '2023-09-11 16:32:29', '2023-09-11 16:32:29');
INSERT INTO `sys_log` VALUES (100, 5, 'admin', 1, '用户分页列表', '127.0.0.1', 1, '2023-09-11 16:33:03', '2023-09-11 16:33:03');
INSERT INTO `sys_log` VALUES (101, 5, 'admin', 1, '用户分页列表', '127.0.0.1', 1, '2023-09-11 16:34:00', '2023-09-11 16:34:00');
INSERT INTO `sys_log` VALUES (102, 5, 'admin', 1, '用户分页列表', '127.0.0.1', 1, '2023-09-11 16:34:24', '2023-09-11 16:34:24');
INSERT INTO `sys_log` VALUES (103, 5, 'admin', 1, '用户分页列表', '127.0.0.1', 1, '2023-09-11 16:35:07', '2023-09-11 16:35:07');
INSERT INTO `sys_log` VALUES (104, 5, 'admin', 1, '用户分页列表', '127.0.0.1', 1, '2023-09-11 16:40:19', '2023-09-11 16:40:19');
INSERT INTO `sys_log` VALUES (105, 5, 'admin', 1, '用户分页列表', '127.0.0.1', 1, '2023-09-11 16:40:33', '2023-09-11 16:40:33');
INSERT INTO `sys_log` VALUES (106, 5, 'admin', 1, '用户分页列表', '127.0.0.1', 1, '2023-09-11 16:40:38', '2023-09-11 16:40:38');
INSERT INTO `sys_log` VALUES (107, 5, 'admin', 1, '用户分页列表', '127.0.0.1', 1, '2023-09-11 16:40:41', '2023-09-11 16:40:41');
INSERT INTO `sys_log` VALUES (108, 5, 'admin', 1, '用户分页列表', '127.0.0.1', 1, '2023-09-11 16:40:44', '2023-09-11 16:40:44');
INSERT INTO `sys_log` VALUES (109, 5, 'admin', 1, '用户分页列表', '127.0.0.1', 1, '2023-09-11 16:40:46', '2023-09-11 16:40:46');
INSERT INTO `sys_log` VALUES (110, 5, 'admin', 1, '用户分页列表', '127.0.0.1', 1, '2023-09-11 16:40:55', '2023-09-11 16:40:55');
INSERT INTO `sys_log` VALUES (111, 5, 'admin', 1, '用户分页列表', '127.0.0.1', 1, '2023-09-11 16:41:01', '2023-09-11 16:41:01');
INSERT INTO `sys_log` VALUES (112, 5, 'admin', 1, '用户分页列表', '127.0.0.1', 1, '2023-09-11 16:41:47', '2023-09-11 16:41:47');
INSERT INTO `sys_log` VALUES (113, 5, 'admin', 1, '用户分页列表', '127.0.0.1', 1, '2023-09-11 16:41:55', '2023-09-11 16:41:55');
INSERT INTO `sys_log` VALUES (114, 5, 'admin', 1, '用户分页列表', '127.0.0.1', 1, '2023-09-11 16:42:09', '2023-09-11 16:42:09');
INSERT INTO `sys_log` VALUES (115, 5, 'admin', 1, '用户分页列表', '127.0.0.1', 1, '2023-09-11 16:44:42', '2023-09-11 16:44:42');
INSERT INTO `sys_log` VALUES (116, 5, 'admin', 1, '用户分页列表', '127.0.0.1', 1, '2023-09-11 16:44:52', '2023-09-11 16:44:52');
INSERT INTO `sys_log` VALUES (117, 5, 'admin', 1, '用户分页列表', '127.0.0.1', 1, '2023-09-11 16:45:02', '2023-09-11 16:45:02');
INSERT INTO `sys_log` VALUES (118, 5, 'admin', 1, '用户分页列表', '127.0.0.1', 1, '2023-09-11 16:45:52', '2023-09-11 16:45:52');
INSERT INTO `sys_log` VALUES (119, 5, 'admin', 1, '用户分页列表', '127.0.0.1', 1, '2023-09-11 16:46:56', '2023-09-11 16:46:56');
INSERT INTO `sys_log` VALUES (120, 5, 'admin', 1, '用户分页列表', '127.0.0.1', 1, '2023-09-11 16:48:56', '2023-09-11 16:48:56');
INSERT INTO `sys_log` VALUES (121, 5, 'admin', 1, '用户分页列表', '127.0.0.1', 1, '2023-09-11 16:48:59', '2023-09-11 16:48:59');
INSERT INTO `sys_log` VALUES (122, 5, 'admin', 1, '用户分页列表', '127.0.0.1', 1, '2023-09-11 16:49:46', '2023-09-11 16:49:46');
INSERT INTO `sys_log` VALUES (123, 5, 'admin', 1, '用户分页列表', '127.0.0.1', 1, '2023-09-11 16:50:47', '2023-09-11 16:50:47');
INSERT INTO `sys_log` VALUES (124, 5, 'admin', 1, '用户分页列表', '127.0.0.1', 1, '2023-09-11 16:51:18', '2023-09-11 16:51:18');
INSERT INTO `sys_log` VALUES (125, 5, 'admin', 1, '用户分页列表', '127.0.0.1', 1, '2023-09-11 16:51:28', '2023-09-11 16:51:28');
INSERT INTO `sys_log` VALUES (126, 5, 'admin', 1, '用户分页列表', '127.0.0.1', 1, '2023-09-11 16:51:32', '2023-09-11 16:51:32');
INSERT INTO `sys_log` VALUES (127, 5, 'admin', 1, '用户分页列表', '127.0.0.1', 1, '2023-09-11 16:51:52', '2023-09-11 16:51:52');
INSERT INTO `sys_log` VALUES (128, 5, 'admin', 1, '用户分页列表', '127.0.0.1', 1, '2023-09-11 16:52:06', '2023-09-11 16:52:06');
INSERT INTO `sys_log` VALUES (129, 5, 'admin', 1, '用户分页列表', '127.0.0.1', 1, '2023-09-11 16:52:06', '2023-09-11 16:52:06');
INSERT INTO `sys_log` VALUES (130, 5, 'admin', 1, '用户分页列表', '127.0.0.1', 1, '2023-09-11 16:53:03', '2023-09-11 16:53:03');
INSERT INTO `sys_log` VALUES (131, 5, 'admin', 1, '用户分页列表', '127.0.0.1', 1, '2023-09-11 16:53:27', '2023-09-11 16:53:27');
INSERT INTO `sys_log` VALUES (132, 5, 'admin', 1, '用户分页列表', '127.0.0.1', 1, '2023-09-11 16:53:33', '2023-09-11 16:53:33');
INSERT INTO `sys_log` VALUES (133, 5, 'admin', 1, '用户分页列表', '127.0.0.1', 1, '2023-09-11 16:53:54', '2023-09-11 16:53:54');
INSERT INTO `sys_log` VALUES (134, 5, 'admin', 1, '用户分页列表', '127.0.0.1', 1, '2023-09-11 16:54:07', '2023-09-11 16:54:07');
INSERT INTO `sys_log` VALUES (135, 5, 'admin', 1, '新增用户', '127.0.0.1', 1, '2023-09-11 16:54:07', '2023-09-11 16:54:07');
INSERT INTO `sys_log` VALUES (136, 5, 'admin', 1, '用户分页列表', '127.0.0.1', 1, '2023-09-11 16:54:46', '2023-09-11 16:54:46');
INSERT INTO `sys_log` VALUES (137, 5, 'admin', 1, '用户分页列表', '127.0.0.1', 1, '2023-09-11 16:55:09', '2023-09-11 16:55:09');
INSERT INTO `sys_log` VALUES (138, 5, 'admin', 1, '用户分页列表', '127.0.0.1', 1, '2023-09-11 16:55:53', '2023-09-11 16:55:53');
INSERT INTO `sys_log` VALUES (139, 5, 'admin', 1, '新增用户', '127.0.0.1', 1, '2023-09-11 16:55:56', '2023-09-11 16:55:56');
INSERT INTO `sys_log` VALUES (140, 5, 'admin', 1, '用户分页列表', '127.0.0.1', 1, '2023-09-11 16:55:56', '2023-09-11 16:55:56');
INSERT INTO `sys_log` VALUES (141, 5, 'admin', 1, '新增用户', '127.0.0.1', 1, '2023-09-11 16:56:00', '2023-09-11 16:56:00');
INSERT INTO `sys_log` VALUES (142, 5, 'admin', 1, '用户分页列表', '127.0.0.1', 1, '2023-09-11 16:56:00', '2023-09-11 16:56:00');
INSERT INTO `sys_log` VALUES (143, 5, 'admin', 1, '用户分页列表', '127.0.0.1', 1, '2023-09-11 16:56:08', '2023-09-11 16:56:08');
INSERT INTO `sys_log` VALUES (144, 5, 'admin', 1, '用户分页列表', '127.0.0.1', 1, '2023-09-11 16:56:48', '2023-09-11 16:56:48');
INSERT INTO `sys_log` VALUES (145, 5, 'admin', 1, '用户分页列表', '127.0.0.1', 1, '2023-09-11 16:56:55', '2023-09-11 16:56:55');
INSERT INTO `sys_log` VALUES (146, 5, 'admin', 1, '用户分页列表', '127.0.0.1', 1, '2023-09-11 16:56:59', '2023-09-11 16:56:59');
INSERT INTO `sys_log` VALUES (147, 5, 'admin', 1, '修改用户', '127.0.0.1', 1, '2023-09-11 16:57:11', '2023-09-11 16:57:11');
INSERT INTO `sys_log` VALUES (148, 5, 'admin', 1, '用户分页列表', '127.0.0.1', 1, '2023-09-11 16:57:11', '2023-09-11 16:57:11');
INSERT INTO `sys_log` VALUES (149, 5, 'admin', 1, '用户分页列表', '127.0.0.1', 1, '2023-09-11 16:58:18', '2023-09-11 16:58:18');
INSERT INTO `sys_log` VALUES (150, 5, 'admin', 1, '新增用户', '127.0.0.1', 1, '2023-09-11 16:58:34', '2023-09-11 16:58:34');
INSERT INTO `sys_log` VALUES (151, 5, 'admin', 1, '用户分页列表', '127.0.0.1', 1, '2023-09-11 16:58:34', '2023-09-11 16:58:34');
INSERT INTO `sys_log` VALUES (152, 5, 'admin', 1, '用户分页列表', '127.0.0.1', 1, '2023-09-11 16:58:43', '2023-09-11 16:58:43');
INSERT INTO `sys_log` VALUES (153, 5, 'admin', 1, '用户分页列表', '127.0.0.1', 1, '2023-09-11 17:00:55', '2023-09-11 17:00:55');
INSERT INTO `sys_log` VALUES (154, 5, 'admin', 1, '用户分页列表', '127.0.0.1', 1, '2023-09-11 17:01:44', '2023-09-11 17:01:44');
INSERT INTO `sys_log` VALUES (155, 5, 'admin', 1, '用户分页列表', '127.0.0.1', 1, '2023-09-11 17:03:14', '2023-09-11 17:03:14');
INSERT INTO `sys_log` VALUES (156, 5, 'admin', 1, '用户分页列表', '127.0.0.1', 1, '2023-09-11 17:03:55', '2023-09-11 17:03:55');
INSERT INTO `sys_log` VALUES (157, 5, 'admin', 1, '用户分页列表', '127.0.0.1', 1, '2023-09-11 17:06:19', '2023-09-11 17:06:19');
INSERT INTO `sys_log` VALUES (158, 5, 'admin', 1, '用户分页列表', '127.0.0.1', 1, '2023-09-11 17:06:39', '2023-09-11 17:06:39');
INSERT INTO `sys_log` VALUES (159, 5, 'admin', 1, '用户分页列表', '127.0.0.1', 1, '2023-09-11 17:06:53', '2023-09-11 17:06:53');
INSERT INTO `sys_log` VALUES (160, 5, 'admin', 1, '用户分页列表', '127.0.0.1', 1, '2023-09-11 17:07:01', '2023-09-11 17:07:01');
INSERT INTO `sys_log` VALUES (161, 5, 'admin', 1, '用户分页列表', '127.0.0.1', 1, '2023-09-11 17:08:01', '2023-09-11 17:08:01');
INSERT INTO `sys_log` VALUES (162, 5, 'admin', 1, '用户分页列表', '127.0.0.1', 1, '2023-09-11 17:08:32', '2023-09-11 17:08:32');
INSERT INTO `sys_log` VALUES (163, 5, 'admin', 1, '用户分页列表', '127.0.0.1', 1, '2023-09-11 17:08:42', '2023-09-11 17:08:42');
INSERT INTO `sys_log` VALUES (164, 5, 'admin', 1, '用户分页列表', '127.0.0.1', 1, '2023-09-11 17:09:16', '2023-09-11 17:09:16');
INSERT INTO `sys_log` VALUES (165, 5, 'admin', 1, '用户分页列表', '127.0.0.1', 1, '2023-09-11 17:09:54', '2023-09-11 17:09:54');
INSERT INTO `sys_log` VALUES (166, 5, 'admin', 1, '用户分页列表', '127.0.0.1', 1, '2023-09-11 17:10:20', '2023-09-11 17:10:20');
INSERT INTO `sys_log` VALUES (167, 5, 'admin', 1, '用户分页列表', '127.0.0.1', 1, '2023-09-11 17:10:24', '2023-09-11 17:10:24');
INSERT INTO `sys_log` VALUES (168, 5, 'admin', 1, '用户分页列表', '127.0.0.1', 1, '2023-09-11 17:11:19', '2023-09-11 17:11:19');
INSERT INTO `sys_log` VALUES (169, 5, 'admin', 1, '删除单个用户', '127.0.0.1', 1, '2023-09-11 17:11:22', '2023-09-11 17:11:22');
INSERT INTO `sys_log` VALUES (170, 5, 'admin', 1, '用户分页列表', '127.0.0.1', 1, '2023-09-11 17:11:22', '2023-09-11 17:11:22');
INSERT INTO `sys_log` VALUES (171, 5, 'admin', 1, '用户分页列表', '127.0.0.1', 1, '2023-09-11 17:12:24', '2023-09-11 17:12:24');
INSERT INTO `sys_log` VALUES (172, 5, 'admin', 1, '用户分页列表', '127.0.0.1', 1, '2023-09-11 17:12:33', '2023-09-11 17:12:33');
INSERT INTO `sys_log` VALUES (173, 5, 'admin', 1, '用户分页列表', '127.0.0.1', 1, '2023-09-11 17:12:34', '2023-09-11 17:12:34');
INSERT INTO `sys_log` VALUES (174, 5, 'admin', 1, '用户分页列表', '127.0.0.1', 1, '2023-09-11 17:12:54', '2023-09-11 17:12:54');
INSERT INTO `sys_log` VALUES (175, 5, 'admin', 1, '用户分页列表', '127.0.0.1', 1, '2023-09-11 17:13:30', '2023-09-11 17:13:30');
INSERT INTO `sys_log` VALUES (176, 5, 'admin', 1, '用户分页列表', '127.0.0.1', 1, '2023-09-11 17:13:37', '2023-09-11 17:13:37');
INSERT INTO `sys_log` VALUES (177, 5, 'admin', 1, '用户分页列表', '127.0.0.1', 1, '2023-09-11 17:14:31', '2023-09-11 17:14:31');
INSERT INTO `sys_log` VALUES (178, 5, 'admin', 1, '用户分页列表', '127.0.0.1', 1, '2023-09-11 17:14:40', '2023-09-11 17:14:40');
INSERT INTO `sys_log` VALUES (179, 5, 'admin', 1, '用户分页列表', '127.0.0.1', 1, '2023-09-11 17:15:22', '2023-09-11 17:15:22');
INSERT INTO `sys_log` VALUES (180, 5, 'admin', 1, '用户分页列表', '127.0.0.1', 1, '2023-09-11 17:15:32', '2023-09-11 17:15:32');
INSERT INTO `sys_log` VALUES (181, 5, 'admin', 1, '用户分页列表', '127.0.0.1', 1, '2023-09-11 17:16:48', '2023-09-11 17:16:48');
INSERT INTO `sys_log` VALUES (182, 5, 'admin', 1, '用户分页列表', '127.0.0.1', 1, '2023-09-11 17:17:03', '2023-09-11 17:17:03');
INSERT INTO `sys_log` VALUES (183, 5, 'admin', 1, '用户分页列表', '127.0.0.1', 1, '2023-09-11 17:17:12', '2023-09-11 17:17:12');
INSERT INTO `sys_log` VALUES (184, 5, 'admin', 1, '用户分页列表', '127.0.0.1', 1, '2023-09-11 17:17:18', '2023-09-11 17:17:18');
INSERT INTO `sys_log` VALUES (185, 5, 'admin', 1, '用户分页列表', '127.0.0.1', 1, '2023-09-11 17:17:28', '2023-09-11 17:17:28');
INSERT INTO `sys_log` VALUES (186, 5, 'admin', 1, '用户分页列表', '127.0.0.1', 1, '2023-09-11 17:17:48', '2023-09-11 17:17:48');
INSERT INTO `sys_log` VALUES (187, 5, 'admin', 1, '用户分页列表', '127.0.0.1', 1, '2023-09-11 17:19:08', '2023-09-11 17:19:08');
INSERT INTO `sys_log` VALUES (188, 5, 'admin', 1, '用户分页列表', '127.0.0.1', 1, '2023-09-11 17:19:55', '2023-09-11 17:19:55');
INSERT INTO `sys_log` VALUES (189, 5, 'admin', 1, '用户分页列表', '127.0.0.1', 1, '2023-09-11 17:20:41', '2023-09-11 17:20:41');
INSERT INTO `sys_log` VALUES (190, 5, 'admin', 1, '用户分页列表', '127.0.0.1', 1, '2023-09-11 17:42:44', '2023-09-11 17:42:44');
INSERT INTO `sys_log` VALUES (191, 5, 'admin', 1, '用户分页列表', '127.0.0.1', 1, '2023-09-11 17:43:16', '2023-09-11 17:43:16');
INSERT INTO `sys_log` VALUES (192, 5, 'admin', 1, '用户分页列表', '127.0.0.1', 1, '2023-09-11 17:43:38', '2023-09-11 17:43:38');
INSERT INTO `sys_log` VALUES (193, 5, 'admin', 1, '用户分页列表', '127.0.0.1', 1, '2023-09-11 17:43:50', '2023-09-11 17:43:50');
INSERT INTO `sys_log` VALUES (194, 5, 'admin', 1, '用户分页列表', '127.0.0.1', 1, '2023-09-11 17:44:13', '2023-09-11 17:44:13');
INSERT INTO `sys_log` VALUES (195, 5, 'admin', 1, '用户分页列表', '127.0.0.1', 1, '2023-09-11 17:45:08', '2023-09-11 17:45:08');
INSERT INTO `sys_log` VALUES (196, 5, 'admin', 1, '用户分页列表', '127.0.0.1', 1, '2023-09-11 17:45:57', '2023-09-11 17:45:57');
INSERT INTO `sys_log` VALUES (197, 5, 'admin', 1, '用户分页列表', '127.0.0.1', 1, '2023-09-11 17:45:57', '2023-09-11 17:45:57');
INSERT INTO `sys_log` VALUES (198, 5, 'admin', 1, '用户分页列表', '127.0.0.1', 1, '2023-09-11 17:46:56', '2023-09-11 17:46:56');
INSERT INTO `sys_log` VALUES (199, 5, 'admin', 1, '用户分页列表', '127.0.0.1', 1, '2023-09-11 17:47:07', '2023-09-11 17:47:07');
INSERT INTO `sys_log` VALUES (200, 5, 'admin', 1, '用户分页列表', '127.0.0.1', 1, '2023-09-11 17:47:22', '2023-09-11 17:47:22');
INSERT INTO `sys_log` VALUES (201, 5, 'admin', 1, '用户分页列表', '127.0.0.1', 1, '2023-09-11 17:47:22', '2023-09-11 17:47:22');
INSERT INTO `sys_log` VALUES (202, 5, 'admin', 1, '用户分页列表', '127.0.0.1', 1, '2023-09-11 17:47:23', '2023-09-11 17:47:23');
INSERT INTO `sys_log` VALUES (203, 5, 'admin', 1, '用户分页列表', '127.0.0.1', 1, '2023-09-11 17:48:10', '2023-09-11 17:48:10');
INSERT INTO `sys_log` VALUES (204, 5, 'admin', 1, '用户分页列表', '127.0.0.1', 1, '2023-09-11 17:48:16', '2023-09-11 17:48:16');
INSERT INTO `sys_log` VALUES (205, 5, 'admin', 1, '用户分页列表', '127.0.0.1', 1, '2023-09-11 17:49:08', '2023-09-11 17:49:08');
INSERT INTO `sys_log` VALUES (206, 5, 'admin', 1, '用户分页列表', '127.0.0.1', 1, '2023-09-11 17:49:17', '2023-09-11 17:49:17');
INSERT INTO `sys_log` VALUES (207, 5, 'admin', 1, '用户分页列表', '127.0.0.1', 1, '2023-09-11 17:49:57', '2023-09-11 17:49:57');
INSERT INTO `sys_log` VALUES (208, 5, 'admin', 1, '用户分页列表', '127.0.0.1', 1, '2023-09-11 17:50:03', '2023-09-11 17:50:03');
INSERT INTO `sys_log` VALUES (209, 5, 'admin', 1, '用户分页列表', '127.0.0.1', 1, '2023-09-11 17:51:00', '2023-09-11 17:51:00');
INSERT INTO `sys_log` VALUES (210, 5, 'admin', 1, '用户分页列表', '127.0.0.1', 1, '2023-09-11 17:51:06', '2023-09-11 17:51:06');
INSERT INTO `sys_log` VALUES (211, 5, 'admin', 1, '用户分页列表', '127.0.0.1', 1, '2023-09-11 17:51:15', '2023-09-11 17:51:15');
INSERT INTO `sys_log` VALUES (212, 5, 'admin', 1, '用户分页列表', '127.0.0.1', 1, '2023-09-11 17:51:18', '2023-09-11 17:51:18');
INSERT INTO `sys_log` VALUES (213, 5, 'admin', 1, '用户分页列表', '127.0.0.1', 1, '2023-09-11 17:51:19', '2023-09-11 17:51:19');
INSERT INTO `sys_log` VALUES (214, 5, 'admin', 1, '用户分页列表', '127.0.0.1', 1, '2023-09-11 17:51:41', '2023-09-11 17:51:41');
INSERT INTO `sys_log` VALUES (215, 5, 'admin', 1, '用户分页列表', '127.0.0.1', 1, '2023-09-11 17:51:44', '2023-09-11 17:51:44');
INSERT INTO `sys_log` VALUES (216, 5, 'admin', 1, '用户分页列表', '127.0.0.1', 1, '2023-09-11 17:51:45', '2023-09-11 17:51:45');
INSERT INTO `sys_log` VALUES (217, 5, 'admin', 1, '用户分页列表', '127.0.0.1', 1, '2023-09-11 17:51:47', '2023-09-11 17:51:47');
INSERT INTO `sys_log` VALUES (218, 5, 'admin', 1, '用户分页列表', '127.0.0.1', 1, '2023-09-11 17:51:50', '2023-09-11 17:51:50');
INSERT INTO `sys_log` VALUES (219, 5, 'admin', 1, '用户分页列表', '127.0.0.1', 1, '2023-09-11 17:51:51', '2023-09-11 17:51:51');
INSERT INTO `sys_log` VALUES (220, NULL, NULL, 1, '登录管理-登录接口', '127.0.0.1', 1, '2023-09-12 10:21:23', '2023-09-12 10:21:23');
INSERT INTO `sys_log` VALUES (221, NULL, NULL, 1, '登录管理-登录接口', '127.0.0.1', 1, '2023-09-12 10:22:33', '2023-09-12 10:22:33');
INSERT INTO `sys_log` VALUES (222, NULL, NULL, 1, '登录管理-登录接口', '127.0.0.1', 1, '2023-09-12 10:23:22', '2023-09-12 10:23:22');
INSERT INTO `sys_log` VALUES (223, NULL, NULL, 1, '登录管理-登录接口', '127.0.0.1', 1, '2023-09-12 10:23:26', '2023-09-12 10:23:26');
INSERT INTO `sys_log` VALUES (224, NULL, NULL, 1, '登录管理-登录接口', '127.0.0.1', 1, '2023-09-12 10:23:42', '2023-09-12 10:23:42');
INSERT INTO `sys_log` VALUES (225, NULL, NULL, 1, '登录管理-登录接口', '127.0.0.1', 1, '2023-09-12 10:23:48', '2023-09-12 10:23:48');
INSERT INTO `sys_log` VALUES (226, NULL, NULL, 1, '登录管理-登录接口', '127.0.0.1', 1, '2023-09-12 10:24:00', '2023-09-12 10:24:00');
INSERT INTO `sys_log` VALUES (227, NULL, NULL, 1, '登录管理-登录接口', '127.0.0.1', 1, '2023-09-12 10:26:14', '2023-09-12 10:26:14');
INSERT INTO `sys_log` VALUES (228, 5, 'admin', 1, '登录管理-获取登录用户信息', '127.0.0.1', 1, '2023-09-12 10:26:16', '2023-09-12 10:26:16');
INSERT INTO `sys_log` VALUES (229, 5, 'admin', 1, '登录管理-退出登录', '127.0.0.1', 1, '2023-09-12 10:27:30', '2023-09-12 10:27:30');
INSERT INTO `sys_log` VALUES (230, NULL, NULL, 1, '登录管理-登录接口', '127.0.0.1', 1, '2023-09-12 10:29:23', '2023-09-12 10:29:23');
INSERT INTO `sys_log` VALUES (231, NULL, NULL, 1, '登录管理-登录接口', '127.0.0.1', 1, '2023-09-12 10:29:32', '2023-09-12 10:29:32');
INSERT INTO `sys_log` VALUES (232, 5, 'admin', 1, '登录管理-获取登录用户信息', '127.0.0.1', 1, '2023-09-12 10:29:32', '2023-09-12 10:29:32');
INSERT INTO `sys_log` VALUES (233, 5, 'admin', 1, '角色管理-角色分页列表', '127.0.0.1', 1, '2023-09-12 10:29:34', '2023-09-12 10:29:34');
INSERT INTO `sys_log` VALUES (234, 5, 'admin', 1, '用户管理-用户分页列表', '127.0.0.1', 1, '2023-09-12 10:29:35', '2023-09-12 10:29:35');
INSERT INTO `sys_log` VALUES (235, 5, 'admin', 1, '日志管理-日志分页列表', '127.0.0.1', 1, '2023-09-12 10:30:03', '2023-09-12 10:30:03');
INSERT INTO `sys_log` VALUES (236, 5, 'admin', 1, '登录管理-获取登录用户信息', '127.0.0.1', 1, '2023-09-12 10:30:07', '2023-09-12 10:30:07');
INSERT INTO `sys_log` VALUES (237, 5, 'admin', 1, '日志管理-日志分页列表', '127.0.0.1', 1, '2023-09-12 10:30:08', '2023-09-12 10:30:08');
INSERT INTO `sys_log` VALUES (238, 5, 'admin', 1, '日志管理-日志分页列表', '127.0.0.1', 1, '2023-09-12 10:30:21', '2023-09-12 10:30:21');
INSERT INTO `sys_log` VALUES (239, 5, 'admin', 1, '日志管理-日志分页列表', '127.0.0.1', 1, '2023-09-12 10:30:32', '2023-09-12 10:30:32');
INSERT INTO `sys_log` VALUES (240, 5, 'admin', 1, '日志管理-日志分页列表', '127.0.0.1', 1, '2023-09-12 10:30:48', '2023-09-12 10:30:48');
INSERT INTO `sys_log` VALUES (241, 5, 'admin', 1, '日志管理-日志分页列表', '127.0.0.1', 1, '2023-09-12 10:31:36', '2023-09-12 10:31:36');
INSERT INTO `sys_log` VALUES (242, 5, 'admin', 1, '日志管理-日志分页列表', '127.0.0.1', 1, '2023-09-12 10:32:01', '2023-09-12 10:32:01');
INSERT INTO `sys_log` VALUES (243, 5, 'admin', 1, '日志管理-日志分页列表', '127.0.0.1', 1, '2023-09-12 10:32:13', '2023-09-12 10:32:13');
INSERT INTO `sys_log` VALUES (244, 5, 'admin', 1, '日志管理-日志分页列表', '127.0.0.1', 1, '2023-09-12 10:32:30', '2023-09-12 10:32:30');
INSERT INTO `sys_log` VALUES (245, 5, 'admin', 1, '日志管理-日志分页列表', '127.0.0.1', 1, '2023-09-12 10:32:37', '2023-09-12 10:32:37');
INSERT INTO `sys_log` VALUES (246, 5, 'admin', 1, '日志管理-日志分页列表', '127.0.0.1', 1, '2023-09-12 10:33:34', '2023-09-12 10:33:34');
INSERT INTO `sys_log` VALUES (247, 5, 'admin', 1, '日志管理-日志分页列表', '127.0.0.1', 1, '2023-09-12 10:33:46', '2023-09-12 10:33:46');
INSERT INTO `sys_log` VALUES (248, 5, 'admin', 1, '日志管理-日志分页列表', '127.0.0.1', 1, '2023-09-12 10:34:06', '2023-09-12 10:34:06');
INSERT INTO `sys_log` VALUES (249, 5, 'admin', 1, '日志管理-日志分页列表', '127.0.0.1', 1, '2023-09-12 10:35:15', '2023-09-12 10:35:15');
INSERT INTO `sys_log` VALUES (250, 5, 'admin', 1, '日志管理-日志分页列表', '127.0.0.1', 1, '2023-09-12 10:35:57', '2023-09-12 10:35:57');
INSERT INTO `sys_log` VALUES (251, 5, 'admin', 1, '日志管理-日志分页列表', '127.0.0.1', 1, '2023-09-12 10:36:03', '2023-09-12 10:36:03');
INSERT INTO `sys_log` VALUES (252, 5, 'admin', 1, '日志管理-日志分页列表', '127.0.0.1', 1, '2023-09-12 10:38:11', '2023-09-12 10:38:11');
INSERT INTO `sys_log` VALUES (253, 5, 'admin', 1, '日志管理-日志分页列表', '127.0.0.1', 1, '2023-09-12 10:38:56', '2023-09-12 10:38:56');
INSERT INTO `sys_log` VALUES (254, 5, 'admin', 1, '日志管理-日志分页列表', '127.0.0.1', 1, '2023-09-12 10:39:05', '2023-09-12 10:39:05');
INSERT INTO `sys_log` VALUES (255, 5, 'admin', 1, '日志管理-日志分页列表', '127.0.0.1', 1, '2023-09-12 10:42:14', '2023-09-12 10:42:14');
INSERT INTO `sys_log` VALUES (256, 5, 'admin', 1, '日志管理-日志分页列表', '127.0.0.1', 1, '2023-09-12 10:42:34', '2023-09-12 10:42:34');
INSERT INTO `sys_log` VALUES (257, 5, 'admin', 1, '日志管理-日志分页列表', '127.0.0.1', 1, '2023-09-12 10:43:04', '2023-09-12 10:43:04');
INSERT INTO `sys_log` VALUES (258, 5, 'admin', 1, '登录管理-获取登录用户信息', '127.0.0.1', 1, '2023-09-12 10:45:38', '2023-09-12 10:45:38');
INSERT INTO `sys_log` VALUES (259, 5, 'admin', 1, '日志管理-日志分页列表', '127.0.0.1', 1, '2023-09-12 10:45:39', '2023-09-12 10:45:39');
INSERT INTO `sys_log` VALUES (260, 5, 'admin', 1, '日志管理-日志分页列表', '127.0.0.1', 1, '2023-09-12 10:45:42', '2023-09-12 10:45:42');
INSERT INTO `sys_log` VALUES (261, 5, 'admin', 1, '日志管理-日志分页列表', '127.0.0.1', 1, '2023-09-12 10:45:46', '2023-09-12 10:45:46');
INSERT INTO `sys_log` VALUES (262, 5, 'admin', 1, '日志管理-日志分页列表', '127.0.0.1', 1, '2023-09-12 10:45:48', '2023-09-12 10:45:48');
INSERT INTO `sys_log` VALUES (263, 5, 'admin', 1, '登录管理-获取登录用户信息', '127.0.0.1', 1, '2023-09-12 10:51:10', '2023-09-12 10:51:10');
INSERT INTO `sys_log` VALUES (264, 5, 'admin', 1, '日志管理-日志分页列表', '127.0.0.1', 1, '2023-09-12 10:51:10', '2023-09-12 10:51:10');
INSERT INTO `sys_log` VALUES (265, 5, 'admin', 1, '登录管理-获取登录用户信息', '127.0.0.1', 1, '2023-09-12 10:51:21', '2023-09-12 10:51:21');
INSERT INTO `sys_log` VALUES (266, 5, 'admin', 1, '日志管理-日志分页列表', '127.0.0.1', 1, '2023-09-12 10:51:21', '2023-09-12 10:51:21');
INSERT INTO `sys_log` VALUES (267, 5, 'admin', 1, '角色管理-角色分页列表', '127.0.0.1', 1, '2023-09-12 10:51:46', '2023-09-12 10:51:46');
INSERT INTO `sys_log` VALUES (268, 5, 'admin', 1, '角色管理-角色分页列表', '127.0.0.1', 1, '2023-09-12 10:53:11', '2023-09-12 10:53:11');
INSERT INTO `sys_log` VALUES (269, NULL, NULL, 1, '登录管理-登录接口', '127.0.0.1', 1, '2023-09-12 11:00:35', '2023-09-12 11:00:35');
INSERT INTO `sys_log` VALUES (270, 5, 'admin', 1, '用户管理-用户分页列表', '127.0.0.1', 1, '2023-09-12 11:00:35', '2023-09-12 11:00:35');
INSERT INTO `sys_log` VALUES (271, 5, 'admin', 1, '菜单管理-菜单分页列表', '127.0.0.1', 1, '2023-09-12 11:01:52', '2023-09-12 11:01:52');
INSERT INTO `sys_log` VALUES (272, 5, 'admin', 1, '菜单管理-菜单分页列表', '127.0.0.1', 1, '2023-09-12 11:02:01', '2023-09-12 11:02:01');
INSERT INTO `sys_log` VALUES (273, 5, 'admin', 1, '角色管理-角色分页列表', '127.0.0.1', 1, '2023-09-12 11:02:35', '2023-09-12 11:02:35');
INSERT INTO `sys_log` VALUES (274, 5, 'admin', 1, '菜单管理-菜单分页列表', '127.0.0.1', 1, '2023-09-12 11:02:38', '2023-09-12 11:02:38');
INSERT INTO `sys_log` VALUES (275, 5, 'admin', 1, '用户管理-用户分页列表', '127.0.0.1', 1, '2023-09-12 11:02:40', '2023-09-12 11:02:40');
INSERT INTO `sys_log` VALUES (276, 5, 'admin', 1, '日志管理-日志分页列表', '127.0.0.1', 1, '2023-09-12 11:02:43', '2023-09-12 11:02:43');
INSERT INTO `sys_log` VALUES (277, 5, 'admin', 1, '登录管理-获取登录用户信息', '127.0.0.1', 1, '2023-09-12 11:04:52', '2023-09-12 11:04:52');
INSERT INTO `sys_log` VALUES (278, 5, 'admin', 1, '日志管理-日志分页列表', '127.0.0.1', 1, '2023-09-12 11:04:52', '2023-09-12 11:04:52');
INSERT INTO `sys_log` VALUES (279, 5, 'admin', 1, '登录管理-退出登录', '127.0.0.1', 1, '2023-09-12 11:04:55', '2023-09-12 11:04:55');
INSERT INTO `sys_log` VALUES (280, NULL, NULL, 1, '登录管理-登录接口', '127.0.0.1', 1, '2023-09-12 11:04:56', '2023-09-12 11:04:56');
INSERT INTO `sys_log` VALUES (281, 5, 'admin', 1, '登录管理-获取登录用户信息', '127.0.0.1', 1, '2023-09-12 11:04:56', '2023-09-12 11:04:56');
INSERT INTO `sys_log` VALUES (282, 5, 'admin', 1, '日志管理-日志分页列表', '127.0.0.1', 1, '2023-09-12 11:04:56', '2023-09-12 11:04:56');
INSERT INTO `sys_log` VALUES (283, 5, 'admin', 1, '登录管理-退出登录', '127.0.0.1', 1, '2023-09-12 11:05:01', '2023-09-12 11:05:01');
INSERT INTO `sys_log` VALUES (284, NULL, NULL, 1, '登录管理-登录接口', '127.0.0.1', 1, '2023-09-12 11:07:19', '2023-09-12 11:07:19');
INSERT INTO `sys_log` VALUES (285, 5, 'admin', 1, '登录管理-获取登录用户信息', '127.0.0.1', 1, '2023-09-12 11:07:19', '2023-09-12 11:07:19');
INSERT INTO `sys_log` VALUES (286, 5, 'admin', 1, '日志管理-日志分页列表', '127.0.0.1', 1, '2023-09-12 11:07:19', '2023-09-12 11:07:19');
INSERT INTO `sys_log` VALUES (287, 5, 'admin', 1, '登录管理-获取登录用户信息', '127.0.0.1', 1, '2023-09-12 11:25:00', '2023-09-12 11:25:00');
INSERT INTO `sys_log` VALUES (288, 5, 'admin', 1, '日志管理-日志分页列表', '127.0.0.1', 1, '2023-09-12 11:25:01', '2023-09-12 11:25:01');
INSERT INTO `sys_log` VALUES (289, 5, 'admin', 1, '用户管理-用户分页列表', '127.0.0.1', 1, '2023-09-12 11:25:03', '2023-09-12 11:25:03');
INSERT INTO `sys_log` VALUES (290, 5, 'admin', 1, '角色管理-角色分页列表', '127.0.0.1', 1, '2023-09-12 11:25:27', '2023-09-12 11:25:27');
INSERT INTO `sys_log` VALUES (291, 5, 'admin', 1, '菜单管理-菜单分页列表', '127.0.0.1', 1, '2023-09-12 11:25:28', '2023-09-12 11:25:28');
INSERT INTO `sys_log` VALUES (292, 5, 'admin', 1, '用户管理-用户分页列表', '127.0.0.1', 1, '2023-09-12 11:25:29', '2023-09-12 11:25:29');
INSERT INTO `sys_log` VALUES (293, 5, 'admin', 1, '日志管理-日志分页列表', '127.0.0.1', 1, '2023-09-12 11:25:30', '2023-09-12 11:25:30');
INSERT INTO `sys_log` VALUES (294, 5, 'admin', 1, '角色管理-角色分页列表', '127.0.0.1', 1, '2023-09-12 11:25:36', '2023-09-12 11:25:36');
INSERT INTO `sys_log` VALUES (295, NULL, NULL, 1, '登录管理-登录接口', '127.0.0.1', 1, '2023-09-12 13:37:11', '2023-09-12 13:37:11');
INSERT INTO `sys_log` VALUES (296, 5, 'admin', 1, '登录管理-获取登录用户信息', '127.0.0.1', 1, '2023-09-12 13:37:11', '2023-09-12 13:37:11');
INSERT INTO `sys_log` VALUES (297, 5, 'admin', 1, '角色管理-角色分页列表', '127.0.0.1', 1, '2023-09-12 13:37:16', '2023-09-12 13:37:16');
INSERT INTO `sys_log` VALUES (298, 5, 'admin', 1, '用户管理-用户分页列表', '127.0.0.1', 1, '2023-09-12 13:39:32', '2023-09-12 13:39:32');
INSERT INTO `sys_log` VALUES (299, 5, 'admin', 1, '用户管理-用户分页列表', '127.0.0.1', 1, '2023-09-12 13:39:46', '2023-09-12 13:39:46');
INSERT INTO `sys_log` VALUES (300, 5, 'admin', 1, '用户管理-用户分页列表', '127.0.0.1', 1, '2023-09-12 13:40:09', '2023-09-12 13:40:09');
INSERT INTO `sys_log` VALUES (301, 5, 'admin', 1, '用户管理-用户分页列表', '127.0.0.1', 1, '2023-09-12 13:40:49', '2023-09-12 13:40:49');
INSERT INTO `sys_log` VALUES (302, 5, 'admin', 1, '用户管理-用户分页列表', '127.0.0.1', 1, '2023-09-12 13:41:41', '2023-09-12 13:41:41');
INSERT INTO `sys_log` VALUES (303, NULL, NULL, 1, '登录管理-登录接口', '127.0.0.1', 1, '2023-09-12 16:00:41', '2023-09-12 16:00:41');
INSERT INTO `sys_log` VALUES (304, 5, 'admin', 1, '登录管理-获取登录用户信息', '127.0.0.1', 1, '2023-09-12 16:00:41', '2023-09-12 16:00:41');
INSERT INTO `sys_log` VALUES (305, 5, 'admin', 1, '角色管理-角色分页列表', '127.0.0.1', 1, '2023-09-12 16:00:44', '2023-09-12 16:00:44');
INSERT INTO `sys_log` VALUES (306, 5, 'admin', 1, '用户管理-用户分页列表', '127.0.0.1', 1, '2023-09-12 16:00:45', '2023-09-12 16:00:45');
INSERT INTO `sys_log` VALUES (307, 5, 'admin', 1, '用户管理-用户分页列表', '127.0.0.1', 1, '2023-09-12 16:02:38', '2023-09-12 16:02:38');
INSERT INTO `sys_log` VALUES (308, 5, 'admin', 1, '用户管理-用户分页列表', '127.0.0.1', 1, '2023-09-12 16:03:42', '2023-09-12 16:03:42');
INSERT INTO `sys_log` VALUES (309, 5, 'admin', 1, '用户管理-用户分页列表', '127.0.0.1', 1, '2023-09-12 16:04:25', '2023-09-12 16:04:25');
INSERT INTO `sys_log` VALUES (310, NULL, NULL, 1, '登录管理-登录接口', '127.0.0.1', 1, '2023-09-12 16:06:28', '2023-09-12 16:06:28');
INSERT INTO `sys_log` VALUES (311, 5, 'admin', 1, '登录管理-获取登录用户信息', '127.0.0.1', 1, '2023-09-12 16:06:28', '2023-09-12 16:06:28');
INSERT INTO `sys_log` VALUES (312, 5, 'admin', 1, '用户管理-用户分页列表', '127.0.0.1', 1, '2023-09-12 16:06:32', '2023-09-12 16:06:32');
INSERT INTO `sys_log` VALUES (313, 5, 'admin', 1, '角色管理-查询全部角色', '127.0.0.1', 1, '2023-09-12 16:06:33', '2023-09-12 16:06:33');
INSERT INTO `sys_log` VALUES (314, 5, 'admin', 1, '角色管理-角色分页列表', '127.0.0.1', 1, '2023-09-12 16:06:56', '2023-09-12 16:06:56');
INSERT INTO `sys_log` VALUES (315, 5, 'admin', 1, '用户管理-用户分页列表', '127.0.0.1', 1, '2023-09-12 16:06:58', '2023-09-12 16:06:58');
INSERT INTO `sys_log` VALUES (316, 5, 'admin', 1, '角色管理-查询全部角色', '127.0.0.1', 1, '2023-09-12 16:06:59', '2023-09-12 16:06:59');
INSERT INTO `sys_log` VALUES (317, 5, 'admin', 1, '角色管理-查询全部角色', '127.0.0.1', 1, '2023-09-12 16:07:03', '2023-09-12 16:07:03');
INSERT INTO `sys_log` VALUES (318, NULL, NULL, 1, '登录管理-登录接口', '127.0.0.1', 1, '2023-09-12 16:08:44', '2023-09-12 16:08:44');
INSERT INTO `sys_log` VALUES (319, 5, 'admin', 1, '登录管理-获取登录用户信息', '127.0.0.1', 1, '2023-09-12 16:08:44', '2023-09-12 16:08:44');
INSERT INTO `sys_log` VALUES (320, 5, 'admin', 1, '用户管理-用户分页列表', '127.0.0.1', 1, '2023-09-12 16:08:49', '2023-09-12 16:08:49');
INSERT INTO `sys_log` VALUES (321, 5, 'admin', 1, '角色管理-查询全部角色', '127.0.0.1', 1, '2023-09-12 16:08:50', '2023-09-12 16:08:50');
INSERT INTO `sys_log` VALUES (322, 5, 'admin', 1, '角色管理-查询全部角色', '127.0.0.1', 1, '2023-09-12 16:08:55', '2023-09-12 16:08:55');
INSERT INTO `sys_log` VALUES (323, 5, 'admin', 1, '用户管理-用户分页列表', '127.0.0.1', 1, '2023-09-12 16:09:37', '2023-09-12 16:09:37');
INSERT INTO `sys_log` VALUES (324, 5, 'admin', 1, '角色管理-查询全部角色', '127.0.0.1', 1, '2023-09-12 16:09:38', '2023-09-12 16:09:38');
INSERT INTO `sys_log` VALUES (325, 5, 'admin', 1, '用户管理-用户分页列表', '127.0.0.1', 1, '2023-09-12 16:09:52', '2023-09-12 16:09:52');
INSERT INTO `sys_log` VALUES (326, 5, 'admin', 1, '角色管理-查询全部角色', '127.0.0.1', 1, '2023-09-12 16:09:53', '2023-09-12 16:09:53');
INSERT INTO `sys_log` VALUES (327, 5, 'admin', 1, '用户管理-用户分页列表', '127.0.0.1', 1, '2023-09-12 16:10:52', '2023-09-12 16:10:52');
INSERT INTO `sys_log` VALUES (328, 5, 'admin', 1, '用户管理-用户分页列表', '127.0.0.1', 1, '2023-09-12 16:11:12', '2023-09-12 16:11:12');
INSERT INTO `sys_log` VALUES (329, 5, 'admin', 1, '角色管理-查询全部角色', '127.0.0.1', 1, '2023-09-12 16:11:13', '2023-09-12 16:11:13');
INSERT INTO `sys_log` VALUES (330, 5, 'admin', 1, '登录管理-获取登录用户信息', '127.0.0.1', 1, '2023-09-12 16:11:22', '2023-09-12 16:11:22');
INSERT INTO `sys_log` VALUES (331, 5, 'admin', 1, '用户管理-用户分页列表', '127.0.0.1', 1, '2023-09-12 16:11:22', '2023-09-12 16:11:22');
INSERT INTO `sys_log` VALUES (332, 5, 'admin', 1, '角色管理-查询全部角色', '127.0.0.1', 1, '2023-09-12 16:11:22', '2023-09-12 16:11:22');
INSERT INTO `sys_log` VALUES (333, 5, 'admin', 1, '用户管理-用户分页列表', '127.0.0.1', 1, '2023-09-12 16:12:44', '2023-09-12 16:12:44');
INSERT INTO `sys_log` VALUES (334, 5, 'admin', 1, '角色管理-查询全部角色', '127.0.0.1', 1, '2023-09-12 16:12:44', '2023-09-12 16:12:44');
INSERT INTO `sys_log` VALUES (335, 5, 'admin', 1, '角色管理-查询全部角色', '127.0.0.1', 1, '2023-09-12 16:13:15', '2023-09-12 16:13:15');
INSERT INTO `sys_log` VALUES (336, 5, 'admin', 1, '用户管理-用户分页列表', '127.0.0.1', 1, '2023-09-12 16:13:15', '2023-09-12 16:13:15');
INSERT INTO `sys_log` VALUES (337, 5, 'admin', 1, '用户管理-用户分页列表', '127.0.0.1', 1, '2023-09-12 16:14:29', '2023-09-12 16:14:29');
INSERT INTO `sys_log` VALUES (338, 5, 'admin', 1, '角色管理-查询全部角色', '127.0.0.1', 1, '2023-09-12 16:14:29', '2023-09-12 16:14:29');
INSERT INTO `sys_log` VALUES (339, 5, 'admin', 1, '用户管理-用户分页列表', '127.0.0.1', 1, '2023-09-12 16:14:54', '2023-09-12 16:14:54');
INSERT INTO `sys_log` VALUES (340, 5, 'admin', 1, '角色管理-查询全部角色', '127.0.0.1', 1, '2023-09-12 16:14:54', '2023-09-12 16:14:54');
INSERT INTO `sys_log` VALUES (341, 5, 'admin', 1, '用户管理-用户分页列表', '127.0.0.1', 1, '2023-09-12 16:15:05', '2023-09-12 16:15:05');
INSERT INTO `sys_log` VALUES (342, 5, 'admin', 1, '角色管理-查询全部角色', '127.0.0.1', 1, '2023-09-12 16:15:05', '2023-09-12 16:15:05');
INSERT INTO `sys_log` VALUES (343, 5, 'admin', 1, '用户管理-用户分页列表', '127.0.0.1', 1, '2023-09-12 16:15:37', '2023-09-12 16:15:37');
INSERT INTO `sys_log` VALUES (344, 5, 'admin', 1, '角色管理-查询全部角色', '127.0.0.1', 1, '2023-09-12 16:15:37', '2023-09-12 16:15:37');
INSERT INTO `sys_log` VALUES (345, 5, 'admin', 1, '用户管理-用户分页列表', '127.0.0.1', 1, '2023-09-12 16:15:41', '2023-09-12 16:15:41');
INSERT INTO `sys_log` VALUES (346, 5, 'admin', 1, '角色管理-查询全部角色', '127.0.0.1', 1, '2023-09-12 16:15:41', '2023-09-12 16:15:41');
INSERT INTO `sys_log` VALUES (347, 5, 'admin', 1, '用户管理-用户分页列表', '127.0.0.1', 1, '2023-09-12 16:16:28', '2023-09-12 16:16:28');
INSERT INTO `sys_log` VALUES (348, 5, 'admin', 1, '角色管理-查询全部角色', '127.0.0.1', 1, '2023-09-12 16:16:28', '2023-09-12 16:16:28');
INSERT INTO `sys_log` VALUES (349, 5, 'admin', 1, '登录管理-获取登录用户信息', '127.0.0.1', 1, '2023-09-12 16:17:16', '2023-09-12 16:17:16');
INSERT INTO `sys_log` VALUES (350, 5, 'admin', 1, '用户管理-用户分页列表', '127.0.0.1', 1, '2023-09-12 16:17:17', '2023-09-12 16:17:17');
INSERT INTO `sys_log` VALUES (351, 5, 'admin', 1, '角色管理-查询全部角色', '127.0.0.1', 1, '2023-09-12 16:17:17', '2023-09-12 16:17:17');
INSERT INTO `sys_log` VALUES (352, 5, 'admin', 1, '用户管理-用户分页列表', '127.0.0.1', 1, '2023-09-12 16:18:34', '2023-09-12 16:18:34');
INSERT INTO `sys_log` VALUES (353, 5, 'admin', 1, '角色管理-查询全部角色', '127.0.0.1', 1, '2023-09-12 16:18:34', '2023-09-12 16:18:34');
INSERT INTO `sys_log` VALUES (354, 5, 'admin', 1, '用户管理-用户分页列表', '127.0.0.1', 1, '2023-09-12 16:19:02', '2023-09-12 16:19:02');
INSERT INTO `sys_log` VALUES (355, 5, 'admin', 1, '角色管理-查询全部角色', '127.0.0.1', 1, '2023-09-12 16:19:02', '2023-09-12 16:19:02');
INSERT INTO `sys_log` VALUES (356, 5, 'admin', 1, '用户管理-用户分页列表', '127.0.0.1', 1, '2023-09-12 16:20:58', '2023-09-12 16:20:58');
INSERT INTO `sys_log` VALUES (357, 5, 'admin', 1, '角色管理-查询全部角色', '127.0.0.1', 1, '2023-09-12 16:20:58', '2023-09-12 16:20:58');
INSERT INTO `sys_log` VALUES (358, 5, 'admin', 1, '用户管理-用户分页列表', '127.0.0.1', 1, '2023-09-12 16:21:21', '2023-09-12 16:21:21');
INSERT INTO `sys_log` VALUES (359, 5, 'admin', 1, '角色管理-查询全部角色', '127.0.0.1', 1, '2023-09-12 16:21:21', '2023-09-12 16:21:21');
INSERT INTO `sys_log` VALUES (360, 5, 'admin', 1, '用户管理-用户分页列表', '127.0.0.1', 1, '2023-09-12 16:22:18', '2023-09-12 16:22:18');
INSERT INTO `sys_log` VALUES (361, 5, 'admin', 1, '角色管理-查询全部角色', '127.0.0.1', 1, '2023-09-12 16:22:18', '2023-09-12 16:22:18');
INSERT INTO `sys_log` VALUES (362, 5, 'admin', 1, '用户管理-用户分页列表', '127.0.0.1', 1, '2023-09-12 16:23:27', '2023-09-12 16:23:27');
INSERT INTO `sys_log` VALUES (363, 5, 'admin', 1, '角色管理-查询全部角色', '127.0.0.1', 1, '2023-09-12 16:23:27', '2023-09-12 16:23:27');
INSERT INTO `sys_log` VALUES (364, 5, 'admin', 1, '用户管理-用户分页列表', '127.0.0.1', 1, '2023-09-12 16:23:31', '2023-09-12 16:23:31');
INSERT INTO `sys_log` VALUES (365, 5, 'admin', 1, '角色管理-查询全部角色', '127.0.0.1', 1, '2023-09-12 16:23:31', '2023-09-12 16:23:31');
INSERT INTO `sys_log` VALUES (366, 5, 'admin', 1, '用户管理-用户分页列表', '127.0.0.1', 1, '2023-09-12 16:24:07', '2023-09-12 16:24:07');
INSERT INTO `sys_log` VALUES (367, 5, 'admin', 1, '角色管理-查询全部角色', '127.0.0.1', 1, '2023-09-12 16:24:07', '2023-09-12 16:24:07');
INSERT INTO `sys_log` VALUES (368, 5, 'admin', 1, '用户管理-用户分页列表', '127.0.0.1', 1, '2023-09-12 16:24:30', '2023-09-12 16:24:30');
INSERT INTO `sys_log` VALUES (369, 5, 'admin', 1, '角色管理-查询全部角色', '127.0.0.1', 1, '2023-09-12 16:24:30', '2023-09-12 16:24:30');
INSERT INTO `sys_log` VALUES (370, 5, 'admin', 1, '用户管理-用户分页列表', '127.0.0.1', 1, '2023-09-12 16:25:31', '2023-09-12 16:25:31');
INSERT INTO `sys_log` VALUES (371, 5, 'admin', 1, '角色管理-查询全部角色', '127.0.0.1', 1, '2023-09-12 16:25:31', '2023-09-12 16:25:31');
INSERT INTO `sys_log` VALUES (372, 5, 'admin', 1, '用户管理-用户分页列表', '127.0.0.1', 1, '2023-09-12 16:26:30', '2023-09-12 16:26:30');
INSERT INTO `sys_log` VALUES (373, 5, 'admin', 1, '角色管理-查询全部角色', '127.0.0.1', 1, '2023-09-12 16:26:30', '2023-09-12 16:26:30');
INSERT INTO `sys_log` VALUES (374, 5, 'admin', 1, '用户管理-用户分页列表', '127.0.0.1', 1, '2023-09-12 16:26:45', '2023-09-12 16:26:45');
INSERT INTO `sys_log` VALUES (375, 5, 'admin', 1, '角色管理-查询全部角色', '127.0.0.1', 1, '2023-09-12 16:26:45', '2023-09-12 16:26:45');
INSERT INTO `sys_log` VALUES (376, 5, 'admin', 1, '用户管理-用户分页列表', '127.0.0.1', 1, '2023-09-12 16:30:01', '2023-09-12 16:30:01');
INSERT INTO `sys_log` VALUES (377, 5, 'admin', 1, '角色管理-查询全部角色', '127.0.0.1', 1, '2023-09-12 16:30:01', '2023-09-12 16:30:01');
INSERT INTO `sys_log` VALUES (378, 5, 'admin', 1, '用户管理-新增用户角色', '127.0.0.1', 1, '2023-09-12 16:30:04', '2023-09-12 16:30:04');
INSERT INTO `sys_log` VALUES (379, 5, 'admin', 1, '用户管理-用户分页列表', '127.0.0.1', 1, '2023-09-12 16:30:04', '2023-09-12 16:30:04');
INSERT INTO `sys_log` VALUES (380, 5, 'admin', 1, '用户管理-用户分页列表', '127.0.0.1', 1, '2023-09-12 16:31:15', '2023-09-12 16:31:15');
INSERT INTO `sys_log` VALUES (381, 5, 'admin', 1, '角色管理-查询全部角色', '127.0.0.1', 1, '2023-09-12 16:31:15', '2023-09-12 16:31:15');
INSERT INTO `sys_log` VALUES (382, 5, 'admin', 1, '用户管理-新增用户角色', '127.0.0.1', 1, '2023-09-12 16:31:23', '2023-09-12 16:31:23');
INSERT INTO `sys_log` VALUES (383, 5, 'admin', 1, '用户管理-用户分页列表', '127.0.0.1', 1, '2023-09-12 16:31:23', '2023-09-12 16:31:23');
INSERT INTO `sys_log` VALUES (384, 5, 'admin', 1, '用户管理-用户分页列表', '127.0.0.1', 1, '2023-09-12 16:31:34', '2023-09-12 16:31:34');
INSERT INTO `sys_log` VALUES (385, 5, 'admin', 1, '角色管理-查询全部角色', '127.0.0.1', 1, '2023-09-12 16:31:34', '2023-09-12 16:31:34');
INSERT INTO `sys_log` VALUES (386, 5, 'admin', 1, '登录管理-获取登录用户信息', '127.0.0.1', 1, '2023-09-12 16:31:41', '2023-09-12 16:31:41');
INSERT INTO `sys_log` VALUES (387, 5, 'admin', 1, '用户管理-用户分页列表', '127.0.0.1', 1, '2023-09-12 16:31:42', '2023-09-12 16:31:42');
INSERT INTO `sys_log` VALUES (388, 5, 'admin', 1, '角色管理-查询全部角色', '127.0.0.1', 1, '2023-09-12 16:31:42', '2023-09-12 16:31:42');
INSERT INTO `sys_log` VALUES (389, 5, 'admin', 1, '登录管理-获取登录用户信息', '127.0.0.1', 1, '2023-09-12 16:31:49', '2023-09-12 16:31:49');
INSERT INTO `sys_log` VALUES (390, 5, 'admin', 1, '用户管理-用户分页列表', '127.0.0.1', 1, '2023-09-12 16:31:50', '2023-09-12 16:31:50');
INSERT INTO `sys_log` VALUES (391, 5, 'admin', 1, '角色管理-查询全部角色', '127.0.0.1', 1, '2023-09-12 16:31:50', '2023-09-12 16:31:50');
INSERT INTO `sys_log` VALUES (392, 5, 'admin', 1, '用户管理-用户分页列表', '127.0.0.1', 1, '2023-09-12 16:32:59', '2023-09-12 16:32:59');
INSERT INTO `sys_log` VALUES (393, 5, 'admin', 1, '角色管理-查询全部角色', '127.0.0.1', 1, '2023-09-12 16:32:59', '2023-09-12 16:32:59');
INSERT INTO `sys_log` VALUES (394, 5, 'admin', 1, '用户管理-用户分页列表', '127.0.0.1', 1, '2023-09-12 16:33:15', '2023-09-12 16:33:15');
INSERT INTO `sys_log` VALUES (395, 5, 'admin', 1, '角色管理-查询全部角色', '127.0.0.1', 1, '2023-09-12 16:33:15', '2023-09-12 16:33:15');
INSERT INTO `sys_log` VALUES (396, NULL, NULL, 1, '登录管理-登录接口', '127.0.0.1', 1, '2023-09-12 16:37:46', '2023-09-12 16:37:46');
INSERT INTO `sys_log` VALUES (397, 5, 'admin', 1, '登录管理-获取登录用户信息', '127.0.0.1', 1, '2023-09-12 16:37:46', '2023-09-12 16:37:46');
INSERT INTO `sys_log` VALUES (398, 5, 'admin', 1, '角色管理-查询全部角色', '127.0.0.1', 1, '2023-09-12 16:37:49', '2023-09-12 16:37:49');
INSERT INTO `sys_log` VALUES (399, 5, 'admin', 1, '用户管理-用户分页列表', '127.0.0.1', 1, '2023-09-12 16:37:49', '2023-09-12 16:37:49');
INSERT INTO `sys_log` VALUES (400, 5, 'admin', 1, '用户管理-新增用户角色', '127.0.0.1', 1, '2023-09-12 16:38:02', '2023-09-12 16:38:02');
INSERT INTO `sys_log` VALUES (401, 5, 'admin', 1, '用户管理-用户分页列表', '127.0.0.1', 1, '2023-09-12 16:38:02', '2023-09-12 16:38:02');
INSERT INTO `sys_log` VALUES (402, 5, 'admin', 1, '用户管理-用户分页列表', '127.0.0.1', 1, '2023-09-12 16:38:32', '2023-09-12 16:38:32');
INSERT INTO `sys_log` VALUES (403, 5, 'admin', 1, '登录管理-获取登录用户信息', '127.0.0.1', 1, '2023-09-12 16:38:35', '2023-09-12 16:38:35');
INSERT INTO `sys_log` VALUES (404, 5, 'admin', 1, '用户管理-用户分页列表', '127.0.0.1', 1, '2023-09-12 16:38:36', '2023-09-12 16:38:36');
INSERT INTO `sys_log` VALUES (405, 5, 'admin', 1, '角色管理-查询全部角色', '127.0.0.1', 1, '2023-09-12 16:38:36', '2023-09-12 16:38:36');
INSERT INTO `sys_log` VALUES (406, 5, 'admin', 1, '用户管理-新增用户角色', '127.0.0.1', 1, '2023-09-12 16:38:40', '2023-09-12 16:38:40');
INSERT INTO `sys_log` VALUES (407, 5, 'admin', 1, '用户管理-用户分页列表', '127.0.0.1', 1, '2023-09-12 16:38:40', '2023-09-12 16:38:40');
INSERT INTO `sys_log` VALUES (408, 5, 'admin', 1, '用户管理-用户分页列表', '127.0.0.1', 1, '2023-09-12 16:39:09', '2023-09-12 16:39:09');
INSERT INTO `sys_log` VALUES (409, 5, 'admin', 1, '角色管理-查询全部角色', '127.0.0.1', 1, '2023-09-12 16:39:09', '2023-09-12 16:39:09');
INSERT INTO `sys_log` VALUES (410, 5, 'admin', 1, '登录管理-获取登录用户信息', '127.0.0.1', 1, '2023-09-12 16:39:20', '2023-09-12 16:39:20');
INSERT INTO `sys_log` VALUES (411, 5, 'admin', 1, '用户管理-用户分页列表', '127.0.0.1', 1, '2023-09-12 16:39:20', '2023-09-12 16:39:20');
INSERT INTO `sys_log` VALUES (412, 5, 'admin', 1, '角色管理-查询全部角色', '127.0.0.1', 1, '2023-09-12 16:39:20', '2023-09-12 16:39:20');
INSERT INTO `sys_log` VALUES (413, 5, 'admin', 1, '用户管理-新增用户角色', '127.0.0.1', 1, '2023-09-12 16:39:24', '2023-09-12 16:39:24');
INSERT INTO `sys_log` VALUES (414, 5, 'admin', 1, '用户管理-用户分页列表', '127.0.0.1', 1, '2023-09-12 16:39:24', '2023-09-12 16:39:24');
INSERT INTO `sys_log` VALUES (415, 5, 'admin', 1, '用户管理-用户分页列表', '127.0.0.1', 1, '2023-09-12 16:40:25', '2023-09-12 16:40:25');
INSERT INTO `sys_log` VALUES (416, 5, 'admin', 1, '角色管理-查询全部角色', '127.0.0.1', 1, '2023-09-12 16:40:25', '2023-09-12 16:40:25');
INSERT INTO `sys_log` VALUES (417, 5, 'admin', 1, '用户管理-新增用户角色', '127.0.0.1', 1, '2023-09-12 16:40:33', '2023-09-12 16:40:33');
INSERT INTO `sys_log` VALUES (418, 5, 'admin', 1, '用户管理-用户分页列表', '127.0.0.1', 1, '2023-09-12 16:40:33', '2023-09-12 16:40:33');
INSERT INTO `sys_log` VALUES (419, 5, 'admin', 1, '用户管理-新增用户角色', '127.0.0.1', 1, '2023-09-12 16:40:51', '2023-09-12 16:40:51');
INSERT INTO `sys_log` VALUES (420, 5, 'admin', 1, '用户管理-用户分页列表', '127.0.0.1', 1, '2023-09-12 16:40:51', '2023-09-12 16:40:51');
INSERT INTO `sys_log` VALUES (421, NULL, NULL, 1, '登录管理-登录接口', '127.0.0.1', 1, '2023-09-12 16:42:10', '2023-09-12 16:42:10');
INSERT INTO `sys_log` VALUES (422, 5, 'admin', 1, '登录管理-获取登录用户信息', '127.0.0.1', 1, '2023-09-12 16:42:10', '2023-09-12 16:42:10');
INSERT INTO `sys_log` VALUES (423, 5, 'admin', 1, '用户管理-用户分页列表', '127.0.0.1', 1, '2023-09-12 16:42:15', '2023-09-12 16:42:15');
INSERT INTO `sys_log` VALUES (424, 5, 'admin', 1, '角色管理-查询全部角色', '127.0.0.1', 1, '2023-09-12 16:42:15', '2023-09-12 16:42:15');
INSERT INTO `sys_log` VALUES (425, 5, 'admin', 1, '用户管理-新增用户角色', '127.0.0.1', 1, '2023-09-12 16:42:20', '2023-09-12 16:42:20');
INSERT INTO `sys_log` VALUES (426, 5, 'admin', 1, '用户管理-用户分页列表', '127.0.0.1', 1, '2023-09-12 16:42:20', '2023-09-12 16:42:20');
INSERT INTO `sys_log` VALUES (427, NULL, NULL, 1, '登录管理-登录接口', '127.0.0.1', 1, '2023-09-12 16:43:02', '2023-09-12 16:43:02');
INSERT INTO `sys_log` VALUES (428, 5, 'admin', 1, '登录管理-获取登录用户信息', '127.0.0.1', 1, '2023-09-12 16:43:02', '2023-09-12 16:43:02');
INSERT INTO `sys_log` VALUES (429, 5, 'admin', 1, '用户管理-用户分页列表', '127.0.0.1', 1, '2023-09-12 16:43:08', '2023-09-12 16:43:08');
INSERT INTO `sys_log` VALUES (430, 5, 'admin', 1, '角色管理-查询全部角色', '127.0.0.1', 1, '2023-09-12 16:43:08', '2023-09-12 16:43:08');
INSERT INTO `sys_log` VALUES (431, 5, 'admin', 1, '用户管理-新增用户角色', '127.0.0.1', 1, '2023-09-12 16:43:11', '2023-09-12 16:43:11');
INSERT INTO `sys_log` VALUES (432, 5, 'admin', 1, '用户管理-用户分页列表', '127.0.0.1', 1, '2023-09-12 16:43:11', '2023-09-12 16:43:11');
INSERT INTO `sys_log` VALUES (433, 5, 'admin', 1, '角色管理-角色分页列表', '127.0.0.1', 1, '2023-09-12 16:43:30', '2023-09-12 16:43:30');
INSERT INTO `sys_log` VALUES (434, 5, 'admin', 1, '角色管理-新增角色', '127.0.0.1', 1, '2023-09-12 16:43:43', '2023-09-12 16:43:43');
INSERT INTO `sys_log` VALUES (435, 5, 'admin', 1, '角色管理-角色分页列表', '127.0.0.1', 1, '2023-09-12 16:43:43', '2023-09-12 16:43:43');
INSERT INTO `sys_log` VALUES (436, 5, 'admin', 1, '角色管理-新增角色', '127.0.0.1', 1, '2023-09-12 16:43:52', '2023-09-12 16:43:52');
INSERT INTO `sys_log` VALUES (437, 5, 'admin', 1, '角色管理-角色分页列表', '127.0.0.1', 1, '2023-09-12 16:43:52', '2023-09-12 16:43:52');
INSERT INTO `sys_log` VALUES (438, 5, 'admin', 1, '角色管理-新增角色', '127.0.0.1', 1, '2023-09-12 16:44:00', '2023-09-12 16:44:00');
INSERT INTO `sys_log` VALUES (439, 5, 'admin', 1, '角色管理-角色分页列表', '127.0.0.1', 1, '2023-09-12 16:44:00', '2023-09-12 16:44:00');
INSERT INTO `sys_log` VALUES (440, 5, 'admin', 1, '角色管理-新增角色', '127.0.0.1', 1, '2023-09-12 16:44:10', '2023-09-12 16:44:10');
INSERT INTO `sys_log` VALUES (441, 5, 'admin', 1, '角色管理-角色分页列表', '127.0.0.1', 1, '2023-09-12 16:44:10', '2023-09-12 16:44:10');
INSERT INTO `sys_log` VALUES (442, 5, 'admin', 1, '角色管理-新增角色', '127.0.0.1', 1, '2023-09-12 16:44:19', '2023-09-12 16:44:19');
INSERT INTO `sys_log` VALUES (443, 5, 'admin', 1, '角色管理-新增角色', '127.0.0.1', 1, '2023-09-12 16:44:36', '2023-09-12 16:44:36');
INSERT INTO `sys_log` VALUES (444, 5, 'admin', 1, '角色管理-角色分页列表', '127.0.0.1', 1, '2023-09-12 16:44:36', '2023-09-12 16:44:36');
INSERT INTO `sys_log` VALUES (445, 5, 'admin', 1, '角色管理-新增角色', '127.0.0.1', 1, '2023-09-12 16:44:51', '2023-09-12 16:44:51');
INSERT INTO `sys_log` VALUES (446, 5, 'admin', 1, '角色管理-角色分页列表', '127.0.0.1', 1, '2023-09-12 16:44:51', '2023-09-12 16:44:51');
INSERT INTO `sys_log` VALUES (447, 5, 'admin', 1, '角色管理-修改角色', '127.0.0.1', 1, '2023-09-12 16:44:59', '2023-09-12 16:44:59');
INSERT INTO `sys_log` VALUES (448, 5, 'admin', 1, '角色管理-角色分页列表', '127.0.0.1', 1, '2023-09-12 16:44:59', '2023-09-12 16:44:59');
INSERT INTO `sys_log` VALUES (449, 5, 'admin', 1, '角色管理-修改角色', '127.0.0.1', 1, '2023-09-12 16:45:05', '2023-09-12 16:45:05');
INSERT INTO `sys_log` VALUES (450, 5, 'admin', 1, '角色管理-角色分页列表', '127.0.0.1', 1, '2023-09-12 16:45:05', '2023-09-12 16:45:05');
INSERT INTO `sys_log` VALUES (451, 5, 'admin', 1, '角色管理-修改角色', '127.0.0.1', 1, '2023-09-12 16:45:09', '2023-09-12 16:45:09');
INSERT INTO `sys_log` VALUES (452, 5, 'admin', 1, '角色管理-角色分页列表', '127.0.0.1', 1, '2023-09-12 16:45:09', '2023-09-12 16:45:09');
INSERT INTO `sys_log` VALUES (453, 5, 'admin', 1, '角色管理-修改角色', '127.0.0.1', 1, '2023-09-12 16:45:18', '2023-09-12 16:45:18');
INSERT INTO `sys_log` VALUES (454, 5, 'admin', 1, '角色管理-角色分页列表', '127.0.0.1', 1, '2023-09-12 16:45:18', '2023-09-12 16:45:18');
INSERT INTO `sys_log` VALUES (455, 5, 'admin', 1, '角色管理-修改角色', '127.0.0.1', 1, '2023-09-12 16:45:24', '2023-09-12 16:45:24');
INSERT INTO `sys_log` VALUES (456, 5, 'admin', 1, '角色管理-角色分页列表', '127.0.0.1', 1, '2023-09-12 16:45:24', '2023-09-12 16:45:24');
INSERT INTO `sys_log` VALUES (457, 5, 'admin', 1, '角色管理-修改角色', '127.0.0.1', 1, '2023-09-12 16:45:31', '2023-09-12 16:45:31');
INSERT INTO `sys_log` VALUES (458, 5, 'admin', 1, '角色管理-角色分页列表', '127.0.0.1', 1, '2023-09-12 16:45:31', '2023-09-12 16:45:31');
INSERT INTO `sys_log` VALUES (459, 5, 'admin', 1, '角色管理-修改角色', '127.0.0.1', 1, '2023-09-12 16:45:40', '2023-09-12 16:45:40');
INSERT INTO `sys_log` VALUES (460, 5, 'admin', 1, '角色管理-角色分页列表', '127.0.0.1', 1, '2023-09-12 16:45:40', '2023-09-12 16:45:40');
INSERT INTO `sys_log` VALUES (461, 5, 'admin', 1, '用户管理-用户分页列表', '127.0.0.1', 1, '2023-09-12 16:45:48', '2023-09-12 16:45:48');
INSERT INTO `sys_log` VALUES (462, 5, 'admin', 1, '角色管理-查询全部角色', '127.0.0.1', 1, '2023-09-12 16:45:48', '2023-09-12 16:45:48');
INSERT INTO `sys_log` VALUES (463, 5, 'admin', 1, '用户管理-用户分页列表', '127.0.0.1', 1, '2023-09-12 16:46:30', '2023-09-12 16:46:30');
INSERT INTO `sys_log` VALUES (464, 5, 'admin', 1, '用户管理-用户分页列表', '127.0.0.1', 1, '2023-09-12 16:47:33', '2023-09-12 16:47:33');
INSERT INTO `sys_log` VALUES (465, 5, 'admin', 1, '角色管理-查询全部角色', '127.0.0.1', 1, '2023-09-12 16:47:33', '2023-09-12 16:47:33');
INSERT INTO `sys_log` VALUES (466, 5, 'admin', 1, '用户管理-用户分页列表', '127.0.0.1', 1, '2023-09-12 16:48:03', '2023-09-12 16:48:03');
INSERT INTO `sys_log` VALUES (467, 5, 'admin', 1, '角色管理-查询全部角色', '127.0.0.1', 1, '2023-09-12 16:48:03', '2023-09-12 16:48:03');
INSERT INTO `sys_log` VALUES (468, 5, 'admin', 1, '用户管理-新增用户角色', '127.0.0.1', 1, '2023-09-12 16:48:09', '2023-09-12 16:48:09');
INSERT INTO `sys_log` VALUES (469, 5, 'admin', 1, '用户管理-用户分页列表', '127.0.0.1', 1, '2023-09-12 16:48:09', '2023-09-12 16:48:09');
INSERT INTO `sys_log` VALUES (470, 5, 'admin', 1, '用户管理-新增用户', '127.0.0.1', 1, '2023-09-12 16:48:33', '2023-09-12 16:48:33');
INSERT INTO `sys_log` VALUES (471, 5, 'admin', 1, '用户管理-用户分页列表', '127.0.0.1', 1, '2023-09-12 16:48:33', '2023-09-12 16:48:33');
INSERT INTO `sys_log` VALUES (472, 5, 'admin', 1, '用户管理-新增用户', '127.0.0.1', 1, '2023-09-12 16:50:09', '2023-09-12 16:50:09');
INSERT INTO `sys_log` VALUES (473, 5, 'admin', 1, '用户管理-新增用户', '127.0.0.1', 1, '2023-09-12 16:50:29', '2023-09-12 16:50:29');
INSERT INTO `sys_log` VALUES (474, 5, 'admin', 1, '用户管理-用户分页列表', '127.0.0.1', 1, '2023-09-12 16:50:29', '2023-09-12 16:50:29');

-- ----------------------------
-- Table structure for sys_menu
-- ----------------------------
DROP TABLE IF EXISTS `sys_menu`;
CREATE TABLE `sys_menu`  (
  `id` int(11) NOT NULL AUTO_INCREMENT COMMENT '主键',
  `name` varchar(10) CHARACTER SET utf8mb4 COLLATE utf8mb4_general_ci NULL DEFAULT NULL COMMENT '菜单名称',
  `code` varchar(10) CHARACTER SET utf8mb4 COLLATE utf8mb4_general_ci NULL DEFAULT NULL COMMENT '菜单编码',
  `url` varchar(20) CHARACTER SET utf8mb4 COLLATE utf8mb4_general_ci NULL DEFAULT NULL COMMENT '菜单地址',
  `icon` varchar(255) CHARACTER SET utf8mb4 COLLATE utf8mb4_general_ci NULL DEFAULT NULL COMMENT '菜单图标',
  `parent_id` int(11) NULL DEFAULT NULL COMMENT '上级菜单',
  `sort` int(11) NULL DEFAULT NULL COMMENT '排序',
  `status` int(10) NULL DEFAULT NULL COMMENT '菜单状态（1：启用0:禁用）',
  `is_deleted` int(10) NOT NULL DEFAULT 1 COMMENT '删除状态（1：正常0：已删除）',
  `created_time` datetime(0) NULL DEFAULT CURRENT_TIMESTAMP(0) COMMENT '创建时间',
  `updated_time` datetime(0) NULL DEFAULT CURRENT_TIMESTAMP(0) ON UPDATE CURRENT_TIMESTAMP(0) COMMENT '修改时间',
  PRIMARY KEY (`id`) USING BTREE
) ENGINE = InnoDB AUTO_INCREMENT = 4 CHARACTER SET = utf8mb4 COLLATE = utf8mb4_general_ci COMMENT = '菜单表' ROW_FORMAT = Dynamic;

-- ----------------------------
-- Records of sys_menu
-- ----------------------------
INSERT INTO `sys_menu` VALUES (1, '权限管理', 'permission', NULL, NULL, 0, NULL, 1, 1, '2023-09-11 11:13:16', '2023-09-11 11:13:22');
INSERT INTO `sys_menu` VALUES (2, '12', '12', '12', '12', 12, NULL, 1, 1, '2023-09-11 17:35:28', '2023-09-11 17:35:28');
INSERT INTO `sys_menu` VALUES (3, '3', '3', '3', '3', 3, NULL, 1, 1, '2023-09-11 17:37:38', '2023-09-11 17:37:38');

-- ----------------------------
-- Table structure for sys_menu_role
-- ----------------------------
DROP TABLE IF EXISTS `sys_menu_role`;
CREATE TABLE `sys_menu_role`  (
  `id` int(11) NOT NULL AUTO_INCREMENT COMMENT '主键',
  `menu_id` int(11) NULL DEFAULT NULL COMMENT '菜单ID',
  `role_id` int(11) NULL DEFAULT NULL COMMENT '角色ID',
  `is_deleted` int(10) NOT NULL DEFAULT 1 COMMENT '删除状态（1：正常0：已删除）',
  `created_time` datetime(0) NULL DEFAULT CURRENT_TIMESTAMP(0) COMMENT '创建时间',
  `updated_time` datetime(0) NULL DEFAULT CURRENT_TIMESTAMP(0) ON UPDATE CURRENT_TIMESTAMP(0) COMMENT '修改时间',
  PRIMARY KEY (`id`) USING BTREE
) ENGINE = InnoDB AUTO_INCREMENT = 2 CHARACTER SET = utf8mb4 COLLATE = utf8mb4_general_ci COMMENT = '角色菜单表' ROW_FORMAT = Dynamic;

-- ----------------------------
-- Records of sys_menu_role
-- ----------------------------
INSERT INTO `sys_menu_role` VALUES (1, 1, 1, 1, '2023-09-11 11:13:28', '2023-09-11 11:13:28');

-- ----------------------------
-- Table structure for sys_role
-- ----------------------------
DROP TABLE IF EXISTS `sys_role`;
CREATE TABLE `sys_role`  (
  `id` int(11) NOT NULL AUTO_INCREMENT COMMENT '主键',
  `name` varchar(20) CHARACTER SET utf8mb4 COLLATE utf8mb4_general_ci NULL DEFAULT NULL COMMENT '角色名称',
  `code` varchar(20) CHARACTER SET utf8mb4 COLLATE utf8mb4_general_ci NULL DEFAULT NULL COMMENT '角色编码',
  `description` varchar(64) CHARACTER SET utf8mb4 COLLATE utf8mb4_general_ci NULL DEFAULT NULL COMMENT '角色描述',
  `status` int(10) NULL DEFAULT NULL COMMENT '启用状态（1：启用0:禁用）',
  `is_deleted` int(10) NOT NULL DEFAULT 1 COMMENT '删除状态（1：正常0：已删除）',
  `created_time` datetime(0) NULL DEFAULT CURRENT_TIMESTAMP(0) COMMENT '创建时间',
  `updated_time` datetime(0) NULL DEFAULT CURRENT_TIMESTAMP(0) ON UPDATE CURRENT_TIMESTAMP(0) COMMENT '修改时间',
  PRIMARY KEY (`id`) USING BTREE
) ENGINE = InnoDB AUTO_INCREMENT = 11 CHARACTER SET = utf8mb4 COLLATE = utf8mb4_general_ci COMMENT = '系统角色表' ROW_FORMAT = Dynamic;

-- ----------------------------
-- Records of sys_role
-- ----------------------------
INSERT INTO `sys_role` VALUES (1, '普通管理员', 'admin', NULL, 1, 1, '2023-09-11 11:12:34', '2023-09-11 11:12:34');
INSERT INTO `sys_role` VALUES (3, '业务员1', 'yewuyuan', NULL, 1, 0, '2023-09-11 17:25:53', '2023-09-11 17:25:53');
INSERT INTO `sys_role` VALUES (4, '业务员', 'yewuyuan', NULL, 1, 1, '2023-09-11 17:27:20', '2023-09-11 17:27:20');
INSERT INTO `sys_role` VALUES (5, '用户管理员', 'useradmin', NULL, 1, 1, '2023-09-12 16:43:43', '2023-09-12 16:43:43');
INSERT INTO `sys_role` VALUES (6, '超级管理员', 'super_admin', NULL, 1, 1, '2023-09-12 16:43:52', '2023-09-12 16:43:52');
INSERT INTO `sys_role` VALUES (7, '日志管理员', 'log_admin', NULL, 1, 1, '2023-09-12 16:44:00', '2023-09-12 16:44:00');
INSERT INTO `sys_role` VALUES (8, '角色管理员', 'role_admin', NULL, 1, 1, '2023-09-12 16:44:10', '2023-09-12 16:44:10');
INSERT INTO `sys_role` VALUES (9, '商品管理员', 'product_admin', NULL, 1, 1, '2023-09-12 16:44:36', '2023-09-12 16:44:36');
INSERT INTO `sys_role` VALUES (10, '订单管理员', 'order_admin', NULL, 1, 1, '2023-09-12 16:44:51', '2023-09-12 16:44:51');

-- ----------------------------
-- Table structure for sys_user
-- ----------------------------
DROP TABLE IF EXISTS `sys_user`;
CREATE TABLE `sys_user`  (
  `id` int(11) NOT NULL AUTO_INCREMENT COMMENT '主键',
  `nick_name` varchar(32) CHARACTER SET utf8mb4 COLLATE utf8mb4_general_ci NULL DEFAULT NULL COMMENT '昵称',
  `user_name` varchar(32) CHARACTER SET utf8mb4 COLLATE utf8mb4_general_ci NULL DEFAULT NULL COMMENT '用户名',
  `phone` varchar(32) CHARACTER SET utf8mb4 COLLATE utf8mb4_general_ci NULL DEFAULT NULL COMMENT '手机号',
  `email` varchar(32) CHARACTER SET utf8mb4 COLLATE utf8mb4_general_ci NULL DEFAULT NULL COMMENT '邮箱',
  `avatar` varchar(255) CHARACTER SET utf8mb4 COLLATE utf8mb4_general_ci NULL DEFAULT NULL COMMENT '头像',
  `status` int(10) NULL DEFAULT NULL COMMENT '用户状态（1：启用0:禁用）',
  `pwd` varchar(64) CHARACTER SET utf8mb4 COLLATE utf8mb4_general_ci NULL DEFAULT NULL COMMENT '密码',
  `is_deleted` int(10) NOT NULL DEFAULT 1 COMMENT '删除状态（1：正常0：已删除）',
  `created_time` datetime(0) NULL DEFAULT CURRENT_TIMESTAMP(0) COMMENT '创建时间',
  `updated_time` datetime(0) NULL DEFAULT CURRENT_TIMESTAMP(0) ON UPDATE CURRENT_TIMESTAMP(0) COMMENT '修改时间',
  PRIMARY KEY (`id`) USING BTREE
) ENGINE = InnoDB AUTO_INCREMENT = 12 CHARACTER SET = utf8mb4 COLLATE = utf8mb4_general_ci COMMENT = '系统用户表' ROW_FORMAT = Dynamic;

-- ----------------------------
-- Records of sys_user
-- ----------------------------
INSERT INTO `sys_user` VALUES (1, 'John Doe', 'johndoe', '1234567890', 'johndoe@example.com', 'http://example.com/avatar.jpg', 1, 'e10adc3949ba59abbe56e057f20f883e', 0, '2023-09-07 09:58:22', '2023-09-07 14:14:22');
INSERT INTO `sys_user` VALUES (5, 'admin', 'admin', '1234567890', 'admin@qq.com', NULL, 1, 'e10adc3949ba59abbe56e057f20f883e', 1, '2023-09-08 17:54:00', '2023-09-08 17:54:03');
INSERT INTO `sys_user` VALUES (9, '王欣', 'wangxin', '1234567890', 'wangxin@qq.com', '', 1, 'e10adc3949ba59abbe56e057f20f883e', 1, '2023-09-11 16:58:34', '2023-09-11 16:58:34');
INSERT INTO `sys_user` VALUES (10, '胡歌', 'huge', '1478529630', 'huge@qq.com', '', 1, 'e10adc3949ba59abbe56e057f20f883e', 1, '2023-09-12 16:48:33', '2023-09-12 16:48:33');
INSERT INTO `sys_user` VALUES (11, '黄晓明', 'huangxiaoming', '1599517894', '1599517894@qq.com', '', 1, 'e10adc3949ba59abbe56e057f20f883e', 1, '2023-09-12 16:50:29', '2023-09-12 16:50:29');

-- ----------------------------
-- Table structure for sys_user_role
-- ----------------------------
DROP TABLE IF EXISTS `sys_user_role`;
CREATE TABLE `sys_user_role`  (
  `id` int(11) NOT NULL AUTO_INCREMENT COMMENT '主键',
  `user_id` int(11) NULL DEFAULT NULL COMMENT '用户ID',
  `role_id` int(11) NULL DEFAULT NULL COMMENT '角色ID',
  `is_deleted` int(10) NOT NULL DEFAULT 1 COMMENT '删除状态（1：正常0：已删除）',
  `created_time` datetime(0) NULL DEFAULT CURRENT_TIMESTAMP(0) COMMENT '创建时间',
  `updated_time` datetime(0) NULL DEFAULT CURRENT_TIMESTAMP(0) ON UPDATE CURRENT_TIMESTAMP(0) COMMENT '修改时间',
  PRIMARY KEY (`id`) USING BTREE
) ENGINE = InnoDB AUTO_INCREMENT = 21 CHARACTER SET = utf8mb4 COLLATE = utf8mb4_general_ci COMMENT = '用户角色表' ROW_FORMAT = Dynamic;

-- ----------------------------
-- Records of sys_user_role
-- ----------------------------
INSERT INTO `sys_user_role` VALUES (1, 5, 1, 1, '2023-09-11 11:12:41', '2023-09-11 11:15:31');
INSERT INTO `sys_user_role` VALUES (11, 9, 1, 0, '2023-09-12 16:43:11', '2023-09-12 16:48:09');
INSERT INTO `sys_user_role` VALUES (12, 9, 4, 0, '2023-09-12 16:43:11', '2023-09-12 16:48:09');
INSERT INTO `sys_user_role` VALUES (13, 9, 1, 1, '2023-09-12 16:48:09', '2023-09-12 16:48:09');
INSERT INTO `sys_user_role` VALUES (14, 9, 4, 1, '2023-09-12 16:48:09', '2023-09-12 16:48:09');
INSERT INTO `sys_user_role` VALUES (15, 9, 5, 1, '2023-09-12 16:48:09', '2023-09-12 16:48:09');
INSERT INTO `sys_user_role` VALUES (16, 9, 6, 1, '2023-09-12 16:48:09', '2023-09-12 16:48:09');
INSERT INTO `sys_user_role` VALUES (17, 9, 7, 1, '2023-09-12 16:48:09', '2023-09-12 16:48:09');
INSERT INTO `sys_user_role` VALUES (18, 9, 8, 1, '2023-09-12 16:48:09', '2023-09-12 16:48:09');
INSERT INTO `sys_user_role` VALUES (19, 9, 9, 1, '2023-09-12 16:48:09', '2023-09-12 16:48:09');
INSERT INTO `sys_user_role` VALUES (20, 9, 10, 1, '2023-09-12 16:48:09', '2023-09-12 16:48:09');

SET FOREIGN_KEY_CHECKS = 1;
